RowName,OverrideNameTextID,NamePrefixID,OverridePartnerSkillNameTextID,OverridePartnerSkillDescTextID,IsPal,Tribe,BPClass,ZukanIndex,ZukanIndexSuffix,Size,Rarity,ElementType1,ElementType2,GenusCategory,Organization,Weapon,WeaponEquip,Hp,MeleeAttack,ShotAttack,Defense,Support,CraftSpeed,Friendship_HP,Friendship_ShotAttack,Friendship_Defense,Friendship_CraftSpeed,EnemyMaxHPRate,EnemyReceiveDamageRate,EnemyInflictDamageRate,EnemyWazaCoolTimeRate,CaptureRateCorrect,ExpRatio,Price,StatusResistUpRate,AIResponse,AISightResponse,SlowWalkSpeed,WalkSpeed,RunSpeed,RideSprintSpeed,TransportSpeed,SwimSpeed,SwimDashSpeed,IsBoss,IsTowerBoss,IsRaidBoss,UseBossHPGauge,BattleBGM,IgnoreLeanBack,IgnoreBlowAway,IgnoreStun,MaxFullStomach,FullStomachDecreaseRate,FoodAmount,ViewingDistance,ViewingAngle,HearingRate,NooseTrap,Nocturnal,BiologicalGrade,Predator,Edible,Stamina,MaleProbability,CombiRank,CombiDuplicatePriority,IgnoreCombi,MeshCapsuleHalfHeight,MeshCapsuleRadius,MeshRelativeLocation,BestWorkSuitability,WorkSuitability_EmitFlame,WorkSuitability_Watering,WorkSuitability_Seeding,WorkSuitability_GenerateElectricity,WorkSuitability_Handcraft,WorkSuitability_Collection,WorkSuitability_Deforest,WorkSuitability_Mining,WorkSuitability_OilExtraction,WorkSuitability_ProductMedicine,WorkSuitability_Cool,WorkSuitability_Transport,WorkSuitability_MonsterFarm,PassiveSkill1,PassiveSkill2,PassiveSkill3,PassiveSkill4,FirstDefeatRewardItemID
RAID_NightLady,PAL_NAME_NightLady,RAID_NAME_NightLady,None,None,True,NightLady,RAID_NightLady,-1,,XL,10,Dark,None,Humanoid,None,None,False,120,100,140,100,100,100,3.000000,1.000000,2.500000,0.000000,120.000000,1.000000,1.500000,2.000000,1.000000,30.000000,10000.000000,100.000000,Boss,None,3000,3000,3000,3000,3000,3000,3000,True,False,True,True,RaidBoss,True,True,False,150,1.000000,2,25,90,1.000000,False,True,999,False,True,100,0,9999,999900,True,400.000000,120.000000,"(X=0.000000,Y=0.000000,Z=-400.000000)",Handcraft,0,0,0,0,2,0,0,0,0,0,0,2,0,None,None,None,None,None
RAID_NightLady_Dark,PAL_NAME_NightLady_Dark,RAID_NAME_NightLady_Dark,None,None,True,NightLady_Dark,RAID_NightLady_Dark,-1,,XL,10,Dark,None,Humanoid,None,None,False,120,100,150,100,100,100,3.000000,1.000000,2.500000,0.000000,120.000000,0.400000,2.000000,2.000000,1.000000,30.000000,10000.000000,100.000000,Boss,None,3000,3000,3000,3000,3000,3000,3000,True,False,True,True,RaidBoss,True,True,False,150,1.000000,2,25,90,1.000000,False,True,999,False,True,100,0,9999,999900,True,400.000000,120.000000,"(X=0.000000,Y=0.000000,Z=-400.000000)",ProductMedicine,0,0,0,0,2,0,0,0,0,0,0,2,0,None,None,None,None,None
RAID_NightLady_Dark_2,PAL_NAME_NightLady_Dark,RAID_NAME_NightLady_Dark_2,None,None,True,NightLady_Dark,RAID_NightLady_Dark,-1,,XL,10,Dark,None,Humanoid,None,None,False,120,100,150,100,100,100,3.000000,1.000000,2.500000,0.000000,420.000000,0.090000,10.000000,2.000000,1.000000,30.000000,10000.000000,100.000000,Boss,None,3000,3000,3000,3000,3000,3000,3000,True,False,True,True,RaidBoss,True,True,False,150,1.000000,2,25,90,1.000000,False,True,999,False,True,100,0,9999,999900,True,400.000000,120.000000,"(X=0.000000,Y=0.000000,Z=-400.000000)",ProductMedicine,0,0,0,0,2,0,0,0,0,0,0,2,0,None,None,None,None,None
RAID_KingBahamut_Dragon,PAL_NAME_KingBahamut_Dragon,RAID_NAME_KingBahamut_Dragon,None,None,True,KingBahamut_Dragon,RAID_KingBahamut_Dragon,-1,,XL,10,Dragon,Fire,FourLegged,None,None,False,105,150,130,125,50,100,3.800000,1.300000,1.500000,0.000000,140.000000,0.400000,2.000000,2.000000,1.000000,30.000000,10000.000000,100.000000,Boss,None,3000,3000,3000,3000,3000,3000,3000,True,False,True,True,RaidBoss_KingBahamut,True,True,False,600,1.000000,9,25,90,1.000000,False,False,999,False,True,100,50,9999,999900,True,480.000000,250.000000,"(X=-120.000000,Y=0.000000,Z=-480.000000)",Mining,0,0,0,0,0,0,0,4,0,0,0,0,0,None,None,None,None,None
RAID_KingBahamut_Dragon_2,PAL_NAME_KingBahamut_Dragon,RAID_NAME_KingBahamut_Dragon_2,None,None,True,KingBahamut_Dragon,RAID_KingBahamut_Dragon,-1,,XL,10,Dragon,Fire,FourLegged,None,None,False,105,150,130,125,50,100,3.800000,1.300000,1.500000,0.000000,500.000000,0.090000,8.000000,2.000000,1.000000,30.000000,10000.000000,100.000000,Boss,None,3000,3000,3000,3000,3000,3000,3000,True,False,True,True,RaidBoss_KingBahamut,True,True,False,600,1.000000,9,25,90,1.000000,False,False,999,False,True,100,50,9999,999900,True,480.000000,250.000000,"(X=-120.000000,Y=0.000000,Z=-480.000000)",Mining,0,0,0,0,0,0,0,4,0,0,0,0,0,None,None,None,None,None
GYM_WorldTreeDragon,PAL_NAME_LastBoss,GYM_NAME_LastBoss,None,None,True,WorldTreeDragon,GYM_WorldTreeDragon,-1,,XL,8,None,None,None,None,None,False,240,100,200,200,100,100,1.000000,1.000000,1.000000,0.000000,40.000000,1.000000,0.700000,2.000000,1.000000,30.000000,20000.000000,1.000000,Boss,None,-1,400,-1,-1,-1,-1,-1,True,True,False,True,WorldTreeDragon,True,True,True,600,1.000000,9,25,90,1.000000,False,False,9,False,True,100,50,10,1000,True,67.550003,40.000000,"(X=0.000000,Y=0.000000,Z=-67.547000)",EmitFlame,0,0,0,0,0,0,0,0,0,0,0,0,0,None,None,None,None,None
GYM_WorldTreeDragon_2,PAL_NAME_LastBoss,GYM_NAME_LastBoss_Hard,None,None,True,WorldTreeDragon,GYM_WorldTreeDragon_2,-1,,XL,8,None,None,None,None,None,False,288,100,200,200,100,100,1.000000,1.000000,1.000000,0.000000,405.000000,0.450000,5.000000,2.000000,1.000000,30.000000,40000.000000,1.000000,Boss,None,-1,400,-1,-1,-1,-1,-1,True,True,False,True,WorldTreeDragon,True,True,True,600,1.000000,9,25,90,1.000000,False,False,9,False,True,100,50,10,1000,True,67.550003,40.000000,"(X=0.000000,Y=0.000000,Z=-67.547000)",EmitFlame,0,0,0,0,0,0,0,0,0,0,0,0,0,None,None,None,None,None
GYM_BlackGriffon,PAL_NAME_SnowBoss,GYM_NAME_Snow,None,None,True,BlackGriffon,GYM_BlackGriffon,-2,,XL,10,Dark,None,FourLegged,None,None,False,120,130,120,140,90,100,3.000000,1.700000,1.000000,0.000000,28.000000,1.000000,1.000000,2.000000,1.000000,30.000000,6490.000000,1.000000,Boss,None,80,80,850,1300,465,255,360,True,True,False,True,TowerBoss,True,True,False,525,1.000000,8,25,90,1.000000,False,True,9,False,True,100,100,9999,999900,True,130.000000,120.000000,"(X=0.000000,Y=0.000000,Z=-30.000000)",Collection,0,0,0,0,0,1,0,0,0,0,0,0,0,None,None,None,None,None
GYM_ElecPanda,PAL_NAME_GrassBoss,GYM_NAME_Meadow,None,None,True,ElecPanda,GYM_ElecPanda,-2,,XL,8,Electricity,None,Humanoid,None,None,False,105,100,100,100,100,100,3.800000,2.500000,2.500000,0.000000,12.000000,1.000000,1.000000,2.000000,1.000000,30.000000,7048.000000,1.000000,Boss,None,80,140,600,1100,287,180,300,True,True,False,True,TowerBoss,True,True,False,475,1.000000,6,25,90,1.000000,False,False,9,True,True,100,0,9999,999900,True,220.000000,80.000000,"(X=-20.000000,Y=0.000000,Z=-30.000000)",GenerateElectricity,0,0,0,3,2,0,2,0,0,0,0,3,0,None,None,None,None,None
GYM_Horus,PAL_NAME_DessertBoss,GYM_NAME_Desert,None,None,True,Horus,GYM_Horus,-2,,XL,9,Fire,None,Bird,None,None,False,100,100,105,110,90,100,4.000000,2.300000,2.100000,0.000000,27.000000,1.000000,1.000000,2.000000,1.000000,30.000000,5370.000000,1.000000,Boss,None,150,200,1000,1500,500,1000,1000,True,True,False,True,TowerBoss,True,True,False,525,1.000000,8,25,90,1.000000,False,False,9,False,True,100,100,9999,999900,True,300.000000,120.000000,"(X=0.000000,Y=0.000000,Z=-300.000000)",EmitFlame,3,0,0,0,0,0,0,0,0,0,0,3,0,None,None,None,None,None
GYM_LilyQueen,PAL_NAME_ForestBoss,GYM_NAME_Forest,None,None,True,LilyQueen,GYM_LilyQueen,-2,,XL,9,Leaf,None,Humanoid,None,None,False,110,100,110,105,100,100,3.500000,2.100000,2.300000,0.000000,25.000000,1.000000,1.000000,2.000000,1.000000,30.000000,6854.000000,1.000000,Boss,None,60,100,450,650,275,450,450,True,True,False,True,TowerBoss,True,True,False,475,1.000000,6,25,90,1.000000,False,False,9,False,True,100,0,9999,999900,True,250.000000,80.000000,"(X=0.000000,Y=0.000000,Z=-270.000000)",Seeding,0,0,3,0,2,2,0,0,0,3,0,0,0,None,None,None,None,None
GYM_ThunderDragonMan,PAL_NAME_VolcanoBoss,GYM_NAME_Volcano,None,None,True,ThunderDragonMan,GYM_ThunderDragonMan,-2,,XL,9,Dragon,Electricity,Humanoid,None,None,False,100,100,130,110,100,100,4.000000,1.300000,2.100000,0.000000,25.000000,1.000000,1.000000,2.000000,1.000000,30.000000,8272.000000,1.000000,Boss,None,100,185,900,1300,542,1620,2160,True,True,False,True,TowerBoss,True,True,False,475,1.000000,7,25,90,1.000000,False,False,9,False,True,100,100,9999,999900,True,110.000000,80.000000,"(X=0.000000,Y=0.000000,Z=-110.000000)",GenerateElectricity,0,0,0,8,2,0,0,0,0,0,0,3,0,None,None,None,None,None
GYM_MoonQueen,PAL_NAME_SakurajimaBoss,GYM_NAME_Sakurajima,None,None,True,MoonQueen,GYM_MoonQueen,-2,,XL,9,Dark,Normal,Humanoid,None,None,False,130,100,115,110,100,100,2.500000,1.900000,2.100000,0.000000,54.000000,1.000000,1.000000,2.000000,1.000000,30.000000,8190.000000,1.000000,Boss,None,60,150,450,550,275,150,150,True,True,False,True,TowerBoss,True,True,False,150,1.000000,2,25,90,1.000000,False,True,0,False,True,100,0,9999,999900,True,179.110001,80.000000,"(X=0.000000,Y=0.000000,Z=-191.000000)",Handcraft,0,0,0,0,1,0,0,0,0,0,0,1,0,None,None,None,None,None
GYM_SnowTigerBeastman,PAL_NAME_VikingBoss,GYM_NAME_Viking,None,None,True,SnowTigerBeastman,GYM_SnowTigerBeastman,-2,,XL,10,Ice,None,Humanoid,None,None,False,140,100,130,120,100,100,2.000000,1.300000,1.700000,0.000000,62.000000,1.000000,1.000000,2.000000,1.000000,30.000000,8850.000000,1.000000,Boss,None,120,225,700,900,-1,225,330,True,True,False,True,TowerBoss,True,True,False,150,1.000000,6,25,90,1.000000,False,False,5,False,True,100,60,9999,999900,True,150.000000,80.000000,"(X=0.000000,Y=0.000000,Z=-150.000000)",Cool,0,0,0,0,0,0,2,2,0,0,8,0,0,None,None,None,None,None
GYM_BlueSkyDragon,PAL_NAME_SorajimaBoss,GYM_NAME_Sorajima,None,None,True,BlueSkyDragon,GYM_BlueSkyDragon,-1,,XL,9,Dragon,Water,Dragon,None,None,False,168,100,135,120,100,100,0.600000,1.100000,1.700000,0.000000,50.000000,1.000000,0.900000,2.000000,1.000000,30.000000,9062.000000,1.000000,Boss,None,50,300,1400,2800,450,1400,1400,True,True,False,True,TowerBoss,True,True,False,620,1.000000,9,25,90,1.000000,False,False,9,False,True,100,50,9999,999900,True,67.550003,40.000000,"(X=0.000000,Y=0.000000,Z=-67.547000)",Watering,0,8,0,0,0,5,0,0,0,0,0,0,0,None,None,None,None,None
GYM_ElecPanda_2,PAL_NAME_GrassBoss,GYM_NAME_Meadow,None,None,True,ElecPanda,GYM_ElecPanda,-2,,XL,8,Electricity,None,Humanoid,None,None,False,105,100,100,100,100,100,3.800000,2.500000,2.500000,0.000000,100.000000,0.100000,13.000000,3.000000,1.000000,30.000000,7048.000000,1.000000,Boss,None,80,140,3000,1100,287,180,300,True,True,False,True,TowerBoss,True,True,False,475,1.000000,6,25,90,1.000000,False,False,9,True,True,100,0,9999,999900,True,220.000000,80.000000,"(X=-20.000000,Y=0.000000,Z=-30.000000)",GenerateElectricity,0,0,0,3,2,0,2,0,0,0,0,3,0,None,None,None,None,None
GYM_LilyQueen_2,PAL_NAME_ForestBoss,GYM_NAME_Forest,None,None,True,LilyQueen,GYM_LilyQueen,-2,,XL,9,Leaf,None,Humanoid,None,None,False,110,100,110,105,100,100,3.500000,2.100000,2.300000,0.000000,100.000000,0.120000,10.000000,3.000000,1.000000,31.000000,6854.000000,1.000000,Boss,None,60,100,3000,650,275,450,450,True,True,False,True,TowerBoss,True,True,False,475,1.000000,6,25,90,1.000000,False,False,9,False,True,100,0,9999,999900,True,250.000000,80.000000,"(X=0.000000,Y=0.000000,Z=-270.000000)",Seeding,0,0,3,0,2,2,0,0,0,3,0,0,0,None,None,None,None,None
GYM_ThunderDragonMan_2,PAL_NAME_VolcanoBoss,GYM_NAME_Volcano,None,None,True,ThunderDragonMan,GYM_ThunderDragonMan,-2,,XL,9,Dragon,Electricity,Humanoid,None,None,False,100,100,130,110,100,100,4.000000,1.300000,2.100000,0.000000,110.000000,0.150000,10.000000,2.500000,1.000000,32.000000,8272.000000,1.000000,Boss,None,100,185,3000,1300,542,1620,2160,True,True,False,True,TowerBoss,True,True,False,475,1.000000,7,25,90,1.000000,False,False,9,False,True,100,100,9999,999900,True,110.000000,80.000000,"(X=0.000000,Y=0.000000,Z=-110.000000)",GenerateElectricity,0,0,0,8,2,0,0,0,0,0,0,3,0,None,None,None,None,None
GYM_Horus_2,PAL_NAME_DessertBoss,GYM_NAME_Desert,None,None,True,Horus,GYM_Horus,-2,,XL,9,Fire,None,Bird,None,None,False,100,100,105,110,90,100,4.000000,2.300000,2.100000,0.000000,110.000000,0.150000,8.000000,2.500000,1.000000,33.000000,5370.000000,1.000000,Boss,None,150,200,3000,1500,500,1000,1000,True,True,False,True,TowerBoss,True,True,False,525,1.000000,8,25,90,1.000000,False,False,9,False,True,100,100,9999,999900,True,300.000000,120.000000,"(X=0.000000,Y=0.000000,Z=-300.000000)",EmitFlame,3,0,0,0,0,0,0,0,0,0,0,3,0,None,None,None,None,None
GYM_BlackGriffon_2,PAL_NAME_SnowBoss,GYM_NAME_Snow,None,None,True,BlackGriffon,GYM_BlackGriffon,-2,,XL,10,Dark,None,FourLegged,None,None,False,120,130,120,140,90,100,3.000000,1.700000,1.000000,0.000000,100.000000,0.250000,12.000000,2.000000,1.000000,34.000000,6490.000000,1.000000,Boss,None,80,80,3000,1300,465,255,360,True,True,False,True,TowerBoss,True,True,False,525,1.000000,8,25,90,1.000000,False,True,9,False,True,100,100,9999,999900,True,130.000000,120.000000,"(X=0.000000,Y=0.000000,Z=-30.000000)",Collection,0,0,0,0,0,1,0,0,0,0,0,0,0,None,None,None,None,None
GYM_BlackGriffon_2_Avatar,PAL_NAME_SnowBoss,GYM_NAME_Snow,None,None,True,BlackGriffon,GYM_BlackGriffon,-2,,XL,10,Dark,None,FourLegged,None,None,False,120,130,120,140,90,100,3.000000,1.700000,1.000000,0.000000,100.000000,0.250000,12.000000,2.000000,1.000000,34.000000,6490.000000,1.000000,Boss,None,80,80,3000,1300,465,255,360,True,True,False,False,TowerBoss,True,True,False,525,1.000000,8,25,90,1.000000,False,True,9,False,True,100,100,9999,999900,True,130.000000,120.000000,"(X=0.000000,Y=0.000000,Z=-30.000000)",Collection,0,0,0,0,0,1,0,0,0,0,0,0,0,None,None,None,None,None
GYM_MoonQueen_2,PAL_NAME_SakurajimaBoss,GYM_NAME_Sakurajima,None,None,True,MoonQueen,GYM_MoonQueen,-2,,XL,9,Dark,Normal,Humanoid,None,None,False,130,100,115,110,100,100,2.500000,1.900000,2.100000,0.000000,93.000000,0.200000,9.000000,2.000000,1.000000,35.000000,8190.000000,1.000000,Boss,None,60,150,450,550,275,150,150,True,True,False,True,TowerBoss,True,True,False,150,1.000000,2,25,90,1.000000,False,True,0,False,True,100,0,9999,999900,True,179.110001,80.000000,"(X=0.000000,Y=0.000000,Z=-191.000000)",Handcraft,0,0,0,0,1,0,0,0,0,0,0,1,0,None,None,None,None,None
GYM_MoonQueen_2_Servant,PAL_NAME_MoonQueen,None,None,None,True,MoonQueen,MoonQueen,-2,,XL,9,Dark,Normal,None,None,None,False,130,100,115,110,100,100,2.500000,1.900000,2.100000,0.000000,10.000000,0.400000,10.000000,2.000000,1.000000,10.000000,8190.000000,1.000000,Boss,None,60,150,450,550,275,150,150,True,True,False,False,TowerBoss,True,True,False,150,1.000000,2,25,90,1.000000,False,True,0,False,True,100,0,9999,999900,True,130.000000,34.000000,"(X=0.000000,Y=0.000000,Z=-130.000000)",Handcraft,0,0,0,0,1,0,0,0,0,0,0,1,0,None,None,None,None,None
GYM_SnowTigerBeastman_2,PAL_NAME_VikingBoss,GYM_NAME_Viking,None,None,True,SnowTigerBeastman,GYM_SnowTigerBeastman_2,-2,,XL,10,Ice,None,None,None,None,False,140,100,130,120,100,100,2.000000,1.300000,1.700000,0.000000,75.000000,0.180000,10.000000,2.000000,1.000000,30.000000,8850.000000,1.000000,Boss,None,120,225,700,900,-1,225,330,True,True,False,True,TowerBoss,True,True,False,150,1.000000,6,25,90,1.000000,False,False,5,False,True,100,60,9999,999900,True,150.000000,80.000000,"(X=0.000000,Y=0.000000,Z=-150.000000)",Cool,0,0,0,0,0,0,2,2,0,0,8,0,0,None,None,None,None,None
GYM_BlueSkyDragon_2,PAL_NAME_SorajimaBoss,GYM_NAME_Sorajima,None,None,True,BlueSkyDragon,GYM_BlueSkyDragon,-1,,XL,9,Dragon,Water,Dragon,None,None,False,120,100,100,100,100,100,3.000000,2.500000,2.500000,0.000000,88.000000,0.200000,12.000000,2.500000,1.000000,30.000000,9062.000000,1.000000,Boss,None,50,300,700,-1,450,700,700,True,True,False,True,TowerBoss,True,True,False,150,1.000000,2,25,90,1.000000,False,False,9,False,True,100,50,9999,999900,True,67.550003,40.000000,"(X=0.000000,Y=0.000000,Z=-67.547000)",Watering,0,8,0,0,0,5,0,0,0,0,0,0,0,None,None,None,None,None
BadCatgirl,None,None,None,None,True,BadCatgirl,BadCatgirl,143,,M,4,Dark,None,Humanoid,None,None,False,110,100,100,100,100,100,3.500000,2.500000,2.500000,0.000000,1.000000,1.000000,1.000000,1.000000,1.000000,1.000000,2182.000000,1.000000,Warlike,None,50,100,600,900,400,180,600,False,False,False,False,Cute,False,False,False,560,1.000000,6,25,90,1.000000,False,True,3,False,True,100,40,1250,125000,False,100.000000,34.000000,"(X=0.000000,Y=0.000000,Z=-30.000000)",Handcraft,0,0,0,0,4,4,2,0,0,0,0,3,0,None,None,None,None,None
BlueberryFairy,None,None,None,None,True,BlueberryFairy,BlueberryFairy,147,,S,5,Leaf,Dark,Humanoid,None,None,False,105,100,95,100,100,100,3.800000,2.700000,2.500000,0.000000,1.000000,1.000000,1.000000,1.000000,1.000000,1.000000,2063.000000,1.000000,Escape_to_Battle,None,100,150,550,700,350,550,550,False,False,False,False,Cute,False,False,False,380,1.000000,5,25,90,1.000000,False,True,3,False,True,100,40,1390,139000,False,100.000000,40.000000,"(X=0.000000,Y=0.000000,Z=-30.000000)",Seeding,0,0,3,0,1,2,0,0,0,3,0,1,0,None,None,None,None,None
BOSS_Alpaca,PAL_NAME_Alpaca,BOSS_NAME_Alpaca,None,None,True,Alpaca,BOSS_Alpaca,-1,,XL,8,Normal,None,FourLegged,None,None,False,108,90,75,90,100,100,3.600000,3.500000,2.900000,0.000000,1.000000,0.480000,1.000000,1.000000,0.700000,10.000000,1582.000000,1.000000,NotInterested,None,62,62,500,1000,261,150,270,True,False,False,True,FieldBoss_Tier_5,False,False,False,150,1.000000,2,25,90,1.000000,False,False,9,False,True,100,50,2720,272000,False,180.000000,60.000000,"(X=10.000000,Y=-0.000000,Z=-30.000000)",MonsterFarm,0,0,0,0,0,0,0,0,0,0,0,0,2,None,None,None,None,None
BOSS_AmaterasuWolf,PAL_NAME_AmaterasuWolf,BOSS_NAME_AmaterasuWolf,None,None,True,AmaterasuWolf,BOSS_AmaterasuWolf,-1,,XL,8,Fire,None,FourLegged,None,None,False,120,70,115,100,110,100,3.000000,1.900000,2.500000,0.000000,1.000000,0.240000,1.000000,1.000000,0.700000,10.000000,3488.000000,1.000000,Boss,None,80,130,700,1200,415,210,330,True,False,False,True,FieldBoss_Tier_3,False,False,False,380,1.000000,5,25,90,1.000000,False,False,9,True,True,140,50,1670,167000,False,160.000000,80.000000,"(X=0.000000,Y=0.000000,Z=-30.000000)",EmitFlame,3,0,0,0,0,0,0,0,0,0,0,0,0,None,None,None,None,None
BOSS_Anubis,PAL_NAME_Anubis,BOSS_NAME_Anubis,None,None,True,Anubis,BOSS_Anubis,-1,,XL,8,Earth,None,Humanoid,None,None,False,144,130,130,100,100,100,1.800000,1.300000,2.500000,0.000000,1.000000,0.240000,1.000000,1.000000,0.700000,10.000000,6434.000000,1.000000,Boss,None,80,160,800,1000,480,240,300,True,False,False,True,FieldBoss_Tier_1,False,False,False,540,1.000000,8,25,90,1.000000,False,False,9,True,True,100,50,480,48000,False,156.000000,72.000000,"(X=-0.000000,Y=0.000000,Z=-33.019000)",Handcraft,0,0,0,0,6,0,0,6,0,0,0,4,0,ElementBoost_Earth_2_PAL,None,None,None,BossDefeatReward_Anubis
BOSS_BadCatgirl,PAL_NAME_BadCatgirl,BOSS_NAME_BadCatgirl,None,None,True,BadCatgirl,BOSS_BadCatgirl,-1,,L,5,Dark,None,Humanoid,None,None,False,132,100,100,100,100,100,2.400000,2.500000,2.500000,0.000000,1.000000,0.240000,1.000000,1.000000,0.700000,10.000000,4364.000000,1.000000,Boss,None,50,100,600,900,400,180,600,True,False,False,True,FieldBoss_Tier_4,False,False,False,560,1.000000,6,25,90,1.000000,False,True,9,False,True,100,40,1250,125000,False,137.279999,34.000000,"(X=0.000000,Y=0.000000,Z=-30.000000)",Handcraft,0,0,0,0,4,4,2,0,0,0,0,3,0,None,None,None,None,BossDefeatReward_BadCatgirl
BOSS_Baphomet,PAL_NAME_Baphomet,BOSS_NAME_Baphomet,None,None,True,Baphomet,BOSS_Baphomet,-1,,XL,8,Fire,Dark,Humanoid,None,None,False,114,150,100,85,100,100,3.300000,2.500000,3.100000,0.000000,1.000000,0.240000,1.000000,1.000000,0.700000,10.000000,2650.000000,1.000000,Boss,None,80,160,700,960,320,75,75,True,False,False,True,FieldBoss_Tier_3,False,False,False,380,1.000000,5,25,90,1.000000,False,True,9,True,True,100,50,1470,147000,False,220.000000,150.000000,"(X=0.000000,Y=0.000000,Z=-30.000000)",EmitFlame,3,0,0,0,2,0,0,3,0,0,0,2,0,None,None,None,None,None
BOSS_Baphomet_Dark,PAL_NAME_Baphomet_Dark,BOSS_NAME_Baphomet_Dark,None,None,True,Baphomet_Dark,BOSS_Baphomet_Dark,-1,,XL,8,Dark,None,Humanoid,None,None,False,114,150,105,85,100,100,3.300000,2.300000,3.100000,0.000000,1.000000,0.240000,1.000000,1.000000,0.700000,10.000000,4072.000000,1.000000,Boss,None,80,160,700,960,320,75,75,True,False,False,True,FieldBoss_Tier_3,False,False,False,380,1.000000,5,25,90,1.000000,False,True,9,True,True,100,50,1310,131000,False,220.000000,150.000000,"(X=0.000000,Y=0.000000,Z=-30.000000)",Mining,0,0,0,0,3,0,0,4,0,0,0,3,0,None,None,None,None,None
BOSS_Bastet,PAL_NAME_Bastet,BOSS_NAME_Bastet,None,None,True,Bastet,BOSS_Bastet,-1,,S,5,Dark,None,FourLegged,None,None,False,84,70,60,70,100,100,4.800000,4.100000,3.700000,0.000000,1.000000,0.480000,1.000000,1.000000,0.700000,10.000000,1330.000000,1.000000,NotInterested,None,52,105,475,550,317,142,165,True,False,False,True,FieldBoss_Tier_5,False,False,False,100,1.000000,1,25,90,1.000000,False,True,9,False,True,100,50,3040,304000,False,62.000000,24.000000,"(X=0.000000,Y=0.000000,Z=-30.000000)",MonsterFarm,0,0,0,0,0,1,0,0,0,0,0,0,1,None,None,None,None,None
BOSS_Bastet_Ice,PAL_NAME_Bastet_Ice,BOSS_NAME_Bastet_Ice,None,None,True,Bastet_Ice,BOSS_Bastet_Ice,-1,,S,5,Ice,None,FourLegged,None,None,False,84,70,65,70,100,100,4.800000,3.900000,3.700000,0.000000,1.000000,0.240000,1.000000,1.000000,0.700000,10.000000,770.000000,1.000000,NotInterested,None,52,105,475,550,317,142,165,True,False,False,True,FieldBoss_Tier_5,False,False,False,100,1.000000,1,25,90,1.000000,False,False,9,False,True,100,50,2750,275000,False,60.000000,20.000000,"(X=0.000000,Y=0.000000,Z=-30.000000)",MonsterFarm,0,0,0,0,0,0,0,0,0,0,1,0,1,None,None,None,None,None
BOSS_BeardedDragon,PAL_NAME_BeardedDragon,BOSS_NAME_BeardedDragon,None,None,True,BeardedDragon,BeardedDragon,-1,,XL,7,Dragon,None,Dragon,None,None,False,120,100,100,100,100,100,3.000000,2.500000,2.500000,0.000000,1.000000,0.240000,1.000000,1.000000,0.700000,10.000000,19940.000000,1.000000,Boss,None,-1,-1,-1,-1,-1,-1,-1,True,False,False,True,FieldBoss_Tier_2,False,False,False,600,1.000000,9,25,90,1.000000,False,False,9,True,True,100,50,9999,999900,True,0.000000,0.000000,"(X=0.000000,Y=0.000000,Z=0.000000)",EmitFlame,0,0,0,0,0,0,0,0,0,0,0,0,0,None,None,None,None,None
BOSS_BerryGoat,PAL_NAME_BerryGoat,BOSS_NAME_BerryGoat,None,None,True,BerryGoat,BOSS_BerryGoat,-1,,M,5,Leaf,None,FourLegged,None,None,False,120,70,70,90,120,100,3.000000,3.700000,2.900000,0.000000,1.000000,0.480000,1.000000,1.000000,0.700000,10.000000,3286.000000,1.000000,NotInterested,None,70,70,400,550,235,120,165,True,False,False,True,FieldBoss_Tier_4,False,False,False,150,1.000000,2,25,90,1.000000,False,False,9,False,True,100,50,2610,261000,False,140.000000,100.000000,"(X=0.000000,Y=0.000000,Z=-30.000000)",MonsterFarm,0,0,2,0,0,0,0,0,0,0,0,0,1,None,None,None,None,None
BOSS_BirdDragon,PAL_NAME_BirdDragon,BOSS_NAME_BirdDragon,None,None,True,BirdDragon,BOSS_BirdDragon,-1,,L,7,Fire,Dark,Bird,None,None,False,108,100,115,90,100,100,3.600000,1.900000,2.900000,0.000000,1.000000,0.240000,1.000000,1.000000,0.700000,10.000000,2928.000000,1.000000,Boss,None,100,350,700,950,475,700,700,True,False,False,True,FieldBoss_Tier_3,False,False,False,340,1.000000,5,25,90,1.000000,False,True,9,True,True,150,50,1650,165000,False,330.000000,165.000000,"(X=0.000000,Y=0.000000,Z=-30.000000)",Transport,2,0,0,0,0,0,0,0,0,0,0,3,0,None,None,None,None,None
BOSS_BirdDragon_Ice,PAL_NAME_BirdDragon_Ice,BOSS_NAME_BirdDragon_Ice,None,None,True,BirdDragon_Ice,BOSS_BirdDragon_Ice,-1,,L,8,Ice,Dark,Bird,None,None,False,108,100,120,95,100,100,3.600000,1.700000,2.700000,0.000000,1.000000,0.240000,1.000000,1.000000,0.700000,10.000000,3248.000000,1.000000,Boss,None,100,350,700,950,475,700,700,True,False,False,True,FieldBoss_Tier_3,False,False,False,340,1.000000,5,25,90,1.000000,False,True,9,True,True,150,50,1430,143000,False,330.000000,165.000000,"(X=0.000000,Y=0.000000,Z=-30.000000)",Transport,0,0,0,0,0,0,0,0,0,0,2,3,0,None,None,None,None,None
BOSS_BlackCentaur,PAL_NAME_BlackCentaur,BOSS_NAME_BlackCentaur,None,None,True,BlackCentaur,BOSS_BlackCentaur,-1,,XL,8,Dark,None,FourLegged,None,None,False,156,100,145,120,100,100,1.200000,1.000000,1.700000,0.000000,1.855263,0.180000,1.000000,1.000000,0.700000,10.000000,8678.000000,1.000000,Boss,None,100,350,1300,2000,625,390,570,True,False,False,True,Legend,False,False,False,600,1.000000,9,25,90,1.000000,False,True,9,False,True,350,50,190,19000,True,140.000000,80.000000,"(X=0.000000,Y=0.000000,Z=-30.000000)",Deforest,0,0,0,0,0,0,6,6,0,0,0,0,0,Legend,ElementBoost_Dark_2_PAL,None,None,None
BOSS_BlackFurDragon,PAL_NAME_BlackFurDragon,BOSS_NAME_BlackFurDragon,None,None,True,BlackFurDragon,BOSS_BlackFurDragon,-1,,XL,8,Dark,Dragon,Humanoid,None,None,False,156,100,130,110,100,100,1.200000,1.300000,2.100000,0.000000,1.000000,0.240000,1.000000,1.000000,0.700000,10.000000,16880.000000,1.000000,Boss,None,55,110,560,800,335,168,240,True,False,False,True,FieldBoss_Tier_2,False,False,False,530,1.000000,8,25,90,1.000000,False,True,9,True,True,100,50,9999,999900,True,340.000000,250.000000,"(X=0.000000,Y=0.000000,Z=-30.000000)",EmitFlame,0,0,0,0,0,0,0,0,0,0,0,0,0,None,None,None,None,None
BOSS_BlackGriffon,PAL_NAME_BlackGriffon,BOSS_NAME_BlackGriffon,None,None,True,BlackGriffon,BOSS_BlackGriffon,-1,,XL,8,Dark,None,FourLegged,None,None,False,144,130,120,140,90,100,1.800000,1.700000,1.000000,0.000000,1.000000,0.240000,1.000000,1.000000,0.700000,10.000000,6490.000000,1.000000,Boss,None,80,80,850,1300,465,255,360,True,False,False,True,FieldBoss_Tier_4,False,False,False,530,1.000000,8,25,90,1.000000,False,True,9,False,True,250,50,550,55000,True,180.000000,180.000000,"(X=0.000000,Y=0.000000,Z=-30.000000)",Collection,0,0,0,0,0,2,0,0,0,0,0,0,0,None,None,None,None,None
BOSS_BlackMetalDragon,PAL_NAME_BlackMetalDragon,BOSS_NAME_BlackMetalDragon,None,None,True,BlackMetalDragon,BOSS_BlackMetalDragon,-1,,XL,8,Dragon,Dark,Monster,None,None,False,120,100,125,125,100,100,3.000000,1.500000,1.500000,0.000000,1.000000,0.240000,1.000000,1.000000,0.700000,10.000000,7588.000000,1.000000,Boss,None,100,150,700,1200,375,210,330,True,False,False,True,FieldBoss_Tier_4,False,False,False,470,1.000000,7,25,90,1.000000,False,True,9,False,True,300,50,490,49000,False,480.000000,250.000000,"(X=0.000000,Y=0.000000,Z=-30.000000)",Mining,0,0,0,0,3,0,0,7,0,0,0,0,0,Deffence_up1,None,None,None,BossDefeatReward_BlackMetalDragon
BOSS_BlueberryFairy,PAL_NAME_BlueberryFairy,BOSS_NAME_BlueberryFairy,None,None,True,BlueberryFairy,BOSS_BlueberryFairy,-1,,M,8,Leaf,Dark,Humanoid,None,None,False,126,100,95,100,100,100,2.700000,2.700000,2.500000,0.000000,1.000000,0.240000,1.000000,1.000000,0.700000,10.000000,4126.000000,1.000000,Boss,None,100,150,550,700,350,550,550,True,False,False,True,FieldBoss_Tier_3,False,False,False,380,1.000000,5,25,90,1.000000,False,True,9,False,True,100,40,1390,139000,False,135.860001,40.000000,"(X=0.000000,Y=0.000000,Z=-30.000000)",Seeding,0,0,3,0,1,2,0,0,0,3,0,1,0,None,None,None,None,BossDefeatReward_BlueberryFairy
BOSS_BlueDragon,PAL_NAME_BlueDragon,BOSS_NAME_BlueDragon,None,None,True,BlueDragon,BOSS_BlueDragon,-1,,XL,8,Water,Dragon,Fish,None,None,False,132,70,100,100,100,100,2.400000,2.500000,2.500000,0.000000,1.000000,0.240000,1.000000,1.000000,0.700000,10.000000,3662.000000,1.000000,Boss,None,75,150,600,1000,350,920,1000,True,False,False,True,FieldBoss_Tier_3,False,False,False,340,1.000000,5,25,90,1.000000,False,False,9,False,True,160,50,1830,183000,False,220.000000,80.000000,"(X=0.000000,Y=0.000000,Z=-10.000000)",Watering,0,4,0,0,0,0,0,0,0,0,0,0,0,None,None,None,None,BossDefeatReward_BlueDragon
BOSS_BluePlatypus,PAL_NAME_BluePlatypus,BOSS_NAME_BluePlatypus,None,None,True,Blueplatypus,BOSS_BluePlatypus,-1,,S,5,Water,None,Humanoid,None,None,False,72,80,80,60,100,100,5.400000,3.300000,4.100000,0.000000,1.000000,0.480000,1.000000,1.000000,0.770000,10.000000,752.000000,1.000000,NotInterested,None,70,105,300,400,202,540,720,True,False,False,True,FieldBoss_Tier_5,False,False,False,100,1.000000,1,25,90,1.000000,False,False,9,False,True,100,50,2980,298000,False,90.000000,60.000000,"(X=0.000000,Y=0.000000,Z=-30.000000)",Watering,0,1,0,0,1,0,0,0,0,0,0,1,0,None,None,None,None,None
BOSS_Boar,PAL_NAME_Boar,BOSS_NAME_Boar,None,None,True,Boar,BOSS_Boar,-1,,M,5,Earth,None,FourLegged,None,None,False,96,100,70,70,100,100,4.200000,3.700000,3.700000,0.000000,1.000000,0.480000,1.000000,1.000000,0.700000,10.000000,886.000000,1.000000,Boss,None,70,150,500,900,300,150,240,True,False,False,True,FieldBoss_Tier_5,False,False,False,100,1.000000,1,25,90,1.000000,False,False,9,True,True,100,50,2880,288000,False,160.000000,100.000000,"(X=0.000000,Y=0.000000,Z=-30.000000)",Mining,0,0,0,0,0,0,0,1,0,0,0,0,0,None,None,None,None,None
BOSS_BrownRabbit,PAL_NAME_BrownRabbit,BOSS_NAME_BrownRabbit,None,None,True,BrownRabbit,BOSS_BrownRabbit,-1,,L,5,Earth,None,Humanoid,None,None,False,84,100,75,80,100,100,4.800000,3.500000,3.300000,0.000000,1.000000,0.240000,1.000000,1.000000,0.700000,10.000000,1554.000000,1.000000,Boss,None,50,100,480,720,220,864,1296,True,False,False,True,FieldBoss_Tier_4,False,False,False,300,1.000000,4,25,90,1.000000,False,False,9,False,True,100,50,1680,168000,False,0.000000,0.000000,"(X=0.000000,Y=0.000000,Z=0.000000)",Collection,0,0,0,0,3,4,0,2,0,0,0,1,0,None,None,None,None,None
BOSS_CaptainPenguin,PAL_NAME_CaptainPenguin,BOSS_NAME_CaptainPenguin,None,None,True,CaptainPenguin,BOSS_CaptainPenguin,-1,,L,8,Water,Ice,Humanoid,None,None,False,114,70,95,95,100,100,3.300000,2.700000,2.700000,0.000000,1.000000,0.480000,1.000000,1.000000,0.700000,10.000000,2884.000000,1.000000,Boss,None,50,110,450,600,280,810,1080,True,False,False,True,FieldBoss_Tier_3,False,False,False,270,1.000000,4,25,90,1.000000,False,False,9,False,True,100,50,2070,207000,False,120.000000,100.000000,"(X=0.000000,Y=0.000000,Z=-30.000000)",Mining,0,2,0,0,2,0,0,3,0,0,2,3,0,None,None,None,None,BossDefeatReward_CaptainPenguin
BOSS_Carbunclo,PAL_NAME_Carbunclo,BOSS_NAME_Carbunclo,None,None,True,Carbunclo,BOSS_Carbunclo,-1,,S,5,Leaf,None,Humanoid,None,None,False,90,70,70,70,100,100,4.500000,3.700000,3.700000,0.000000,1.000000,0.480000,1.000000,1.000000,0.630000,10.000000,960.000000,1.000000,NotInterested,None,20,40,400,550,250,120,165,True,False,False,True,FieldBoss_Tier_5,False,False,False,100,1.000000,1,25,90,1.000000,False,False,9,False,True,100,50,3020,302000,False,60.000000,40.000000,"(X=0.000000,Y=0.000000,Z=-30.000000)",Seeding,0,0,1,0,1,1,1,0,0,1,0,0,0,None,None,None,None,None
BOSS_CatBat,PAL_NAME_CatBat,BOSS_NAME_CatBat,None,None,True,CatBat,BOSS_CatBat,-1,,M,8,Dark,None,Humanoid,None,None,False,114,100,95,80,100,100,3.300000,2.700000,3.300000,0.000000,1.000000,0.480000,1.000000,1.000000,0.700000,10.000000,2294.000000,1.000000,Boss,None,80,140,400,550,270,400,400,True,False,False,True,FieldBoss_Tier_4,False,False,False,140,1.000000,2,25,90,1.000000,False,True,9,False,True,100,50,2340,234000,False,200.000000,200.000000,"(X=0.000000,Y=0.000000,Z=-30.000000)",Mining,0,0,0,0,0,2,0,3,0,0,0,2,0,None,None,None,None,None
BOSS_CatMage,PAL_NAME_CatMage,BOSS_NAME_CatMage,None,None,True,CatMage,BOSS_CatMage,-1,,M,8,Dark,None,Humanoid,None,None,False,108,100,105,90,100,100,3.600000,2.300000,2.900000,0.000000,1.000000,0.240000,1.000000,1.000000,0.700000,10.000000,2712.000000,1.000000,Boss,None,70,145,440,620,292,440,620,True,False,False,True,FieldBoss_Tier_3,False,False,False,280,1.000000,4,25,90,1.000000,False,True,9,False,True,100,50,2040,204000,False,100.000000,40.000000,"(X=0.000000,Y=0.000000,Z=-30.000000)",Handcraft,0,0,0,0,3,0,0,0,0,3,0,2,0,None,None,None,None,BossDefeatReward_CatMage
BOSS_CatMage_Fire,PAL_NAME_CatMage_Fire,BOSS_NAME_CatMage_Fire,None,None,True,CatMage_Fire,BOSS_CatMage_Fire,-1,,M,8,Dark,Fire,Humanoid,None,None,False,114,100,105,90,100,100,3.300000,2.300000,2.900000,0.000000,1.000000,0.240000,1.000000,1.000000,0.700000,10.000000,3350.000000,1.000000,Boss,None,70,145,440,620,292,440,620,True,False,False,True,FieldBoss_Tier_3,False,False,False,280,1.000000,4,25,90,1.000000,False,True,9,False,True,100,50,1800,180000,False,145.000000,58.000000,"(X=-0.000000,Y=0.000000,Z=-30.279000)",EmitFlame,3,0,0,0,3,0,0,0,0,3,0,2,0,None,None,None,None,None
BOSS_CatVampire,PAL_NAME_CatVampire,BOSS_NAME_CatVampire,None,None,True,CatVampire,BOSS_CatVampire,-1,,M,8,Dark,None,Humanoid,None,None,False,120,100,105,110,110,100,3.000000,2.300000,2.100000,0.000000,1.000000,0.240000,1.000000,1.000000,0.700000,10.000000,3488.000000,1.000000,Boss,None,60,100,550,700,325,550,550,True,False,False,True,FieldBoss_Tier_3,False,False,False,490,1.000000,7,25,90,1.000000,False,True,9,False,True,100,50,1570,157000,False,160.000000,100.000000,"(X=0.000000,Y=0.000000,Z=-30.000000)",ProductMedicine,0,0,0,0,0,0,0,0,0,3,0,0,0,None,None,None,None,BossDefeatReward_CatVampire
BOSS_ChickenPal,PAL_NAME_ChickenPal,BOSS_NAME_ChickenPal,None,None,True,ChickenPal,BOSS_ChickenPal,-1,,S,5,Normal,None,Bird,None,None,False,72,70,60,60,100,100,5.400000,4.100000,4.100000,0.000000,1.000000,0.480000,1.000000,1.000000,1.050000,10.000000,626.000000,1.000000,NotInterested,None,50,50,375,550,212,50,50,True,False,False,True,FieldBoss_Tier_5,False,False,False,100,1.000000,1,25,90,1.000000,False,False,9,False,True,100,50,3080,308000,False,100.000000,100.000000,"(X=0.000000,Y=0.000000,Z=-30.000000)",MonsterFarm,0,0,0,0,0,1,0,0,0,0,0,0,1,None,None,None,None,None
BOSS_ColorfulBird,PAL_NAME_ColorfulBird,BOSS_NAME_ColorfulBird,None,None,True,ColorfulBird,BOSS_ColorfulBird,-1,,M,5,Normal,None,Bird,None,None,False,72,80,75,70,100,100,5.400000,3.500000,3.700000,0.000000,1.000000,0.480000,1.000000,1.000000,0.700000,10.000000,746.000000,1.000000,Boss,None,30,60,300,550,170,90,165,True,False,False,True,FieldBoss_Tier_4,False,False,False,150,1.000000,2,25,90,1.000000,False,False,9,True,True,100,50,2730,273000,False,140.000000,70.000000,"(X=0.000000,Y=0.000000,Z=-30.000000)",Collection,0,0,0,0,0,1,0,0,0,0,0,0,0,None,None,None,None,None
BOSS_CowPal,PAL_NAME_CowPal,BOSS_NAME_CowPal,None,None,True,CowPal,BOSS_CowPal,-1,,L,5,Normal,None,FourLegged,None,None,False,108,100,50,80,100,100,3.600000,4.500000,3.300000,0.000000,1.000000,0.240000,1.000000,1.000000,0.700000,10.000000,1004.000000,1.000000,NotInterested,None,55,55,580,700,317,174,210,True,False,False,True,FieldBoss_Tier_5,False,False,False,150,1.000000,2,25,90,1.000000,False,False,9,False,True,100,20,2800,280000,False,160.000000,160.000000,"(X=0.000000,Y=0.000000,Z=-30.000000)",MonsterFarm,0,0,0,0,0,0,0,0,0,0,0,0,2,None,None,None,None,None
BOSS_CuteButterfly,PAL_NAME_CuteButterfly,BOSS_NAME_CuteButterfly,None,None,True,CuteButterfly,BOSS_CuteButterfly,-1,,M,5,Leaf,None,Bird,None,None,False,84,100,80,80,100,100,4.800000,3.300000,3.300000,0.000000,1.000000,0.240000,1.000000,1.000000,0.700000,10.000000,1068.000000,1.000000,NotInterested,None,30,150,550,700,350,550,550,True,False,False,True,FieldBoss_Tier_5,False,False,False,150,1.000000,2,25,90,1.000000,False,False,9,False,True,100,50,2620,262000,False,80.000000,34.000000,"(X=0.000000,Y=0.000000,Z=-30.000000)",Seeding,0,0,2,0,0,2,0,0,0,2,0,0,0,None,None,None,None,None
BOSS_CuteFox,PAL_NAME_CuteFox,BOSS_NAME_CuteFox,None,None,True,CuteFox,BOSS_CuteFox,-1,,M,5,Normal,None,FourLegged,None,None,False,84,70,70,70,140,100,4.800000,3.700000,3.700000,0.000000,1.000000,0.480000,1.000000,1.000000,0.910000,10.000000,814.000000,1.000000,NotInterested,None,30,60,350,450,190,105,135,True,False,False,True,FieldBoss_Tier_4,False,False,False,100,1.000000,1,25,90,1.000000,False,False,9,False,True,100,50,3060,306000,False,90.000000,70.000000,"(X=0.000000,Y=0.000000,Z=-30.000000)",MonsterFarm,0,0,0,0,0,1,0,0,0,0,0,0,1,None,None,None,None,None
BOSS_CuteMole,PAL_NAME_CuteMole,BOSS_NAME_CuteMole,None,None,True,CuteMole,BOSS_CuteMole,-1,,M,5,Earth,None,Humanoid,None,None,False,78,100,80,50,100,100,5.100000,3.300000,4.500000,0.000000,1.000000,0.480000,1.000000,1.000000,0.700000,10.000000,716.000000,1.000000,NotInterested,None,30,60,300,550,240,50,50,True,False,False,True,FieldBoss_Tier_5,False,False,False,150,1.000000,2,25,90,1.000000,False,False,9,False,True,100,50,2790,279000,False,90.000000,90.000000,"(X=0.000000,Y=0.000000,Z=-30.000000)",Handcraft,0,0,0,0,1,0,0,1,0,0,0,1,0,None,None,None,None,None
BOSS_DarkCrow,PAL_NAME_DarkCrow,BOSS_NAME_DarkCrow,None,None,True,DarkCrow,BOSS_DarkCrow,-1,,M,7,Dark,None,Bird,None,None,False,90,80,95,80,100,100,4.500000,2.700000,3.300000,0.000000,1.000000,0.240000,1.000000,1.000000,0.700000,10.000000,1540.000000,1.000000,Boss,None,85,170,920,1200,545,276,360,True,False,False,True,FieldBoss_Tier_4,False,False,False,210,1.000000,3,25,90,1.000000,False,True,9,True,True,100,50,2370,237000,False,200.000000,120.000000,"(X=-20.000000,Y=0.000000,Z=-30.000000)",MonsterFarm,0,0,0,0,0,0,2,0,0,0,0,0,1,None,None,None,None,None
BOSS_DarkMutant,PAL_NAME_DarkMutant,BOSS_NAME_DarkMutant,None,None,True,DarkMutant,BOSS_DarkMutant,-1,,XL,8,Dark,None,Humanoid,None,None,False,120,100,100,100,100,100,3.000000,2.500000,2.500000,0.000000,1.000000,0.240000,1.000000,1.000000,0.700000,10.000000,7920.000000,1.000000,Boss,None,100,150,550,700,350,550,550,True,False,False,True,FieldBoss_Tier_2,False,False,False,530,1.000000,8,25,90,1.000000,False,True,9,False,True,100,50,9999,999900,True,160.000000,90.000000,"(X=0.000000,Y=0.000000,Z=-30.000000)",EmitFlame,0,0,0,0,0,0,0,0,0,0,0,0,0,None,None,None,None,None
BOSS_DarkScorpion,PAL_NAME_DarkScorpion,BOSS_NAME_DarkScorpion,None,None,True,DarkScorpion,BOSS_DarkScorpion,-1,,L,8,Dark,Earth,Other,None,None,False,120,100,100,130,100,100,3.000000,2.500000,1.300000,0.000000,1.000000,0.240000,1.000000,1.000000,0.700000,10.000000,4938.000000,1.000000,Boss,None,100,200,1000,1200,600,300,360,True,False,False,True,FieldBoss_Tier_2,False,False,False,410,1.000000,6,25,90,1.000000,False,True,9,True,True,100,50,1120,112000,False,200.000000,120.000000,"(X=0.000000,Y=0.000000,Z=-30.000000)",Mining,0,0,0,0,0,0,3,5,0,0,0,0,0,None,None,None,None,BossDefeatReward_DarkScorpion
BOSS_DarkScorpion_Ground,PAL_NAME_DarkScorpion_Ground,BOSS_NAME_DarkScorpion_Ground,None,None,True,DarkScorpion_Ground,BOSS_DarkScorpion_Ground,-1,,L,8,Earth,None,Other,None,None,False,120,100,105,130,100,100,3.000000,2.300000,1.300000,0.000000,1.000000,0.240000,1.000000,1.000000,0.700000,10.000000,20000.000000,1.000000,Boss,None,100,200,1000,1200,600,150,180,True,False,False,True,FieldBoss_Tier_2,False,False,False,410,1.000000,6,25,90,1.000000,False,False,9,True,True,100,50,640,64000,False,290.000000,174.000000,"(X=-0.000000,Y=0.000000,Z=-30.364000)",Mining,0,0,0,0,0,0,3,6,0,0,0,0,0,None,None,None,None,BossDefeatReward_DarkScorpion_Ground
BOSS_Deer,PAL_NAME_Deer,BOSS_NAME_Deer,None,None,True,Deer,BOSS_Deer,-1,,L,7,Normal,None,FourLegged,None,None,False,114,70,80,80,100,100,3.300000,3.300000,3.300000,0.000000,1.000000,0.480000,1.000000,1.000000,0.700000,10.000000,1582.000000,1.000000,Boss,None,80,120,700,1000,390,210,270,True,False,False,True,FieldBoss_Tier_4,False,False,False,140,1.000000,2,25,90,1.000000,False,False,9,False,True,100,50,2710,271000,False,300.000000,160.000000,"(X=0.000000,Y=-0.000000,Z=-30.000000)",Deforest,0,0,0,0,0,0,2,0,0,0,0,0,0,None,None,None,None,None
BOSS_Deer_Ground,PAL_NAME_Deer_Ground,BOSS_NAME_Deer_Ground,None,None,True,Deer_Ground,BOSS_Deer_Ground,-1,,L,8,Earth,None,FourLegged,None,None,False,114,70,80,80,100,100,3.300000,3.300000,3.300000,0.000000,1.000000,0.240000,1.000000,1.000000,0.700000,10.000000,1782.000000,1.000000,Boss,None,80,120,700,1000,390,105,135,True,False,False,True,FieldBoss_Tier_3,False,False,False,140,1.000000,2,25,90,1.000000,False,False,9,False,True,100,50,2580,258000,False,300.000000,160.000000,"(X=0.000000,Y=-0.000000,Z=-30.000000)",Deforest,0,0,0,0,0,0,2,0,0,0,0,0,0,None,None,None,None,None
BOSS_DreamDemon,PAL_NAME_DreamDemon,BOSS_NAME_DreamDemon,None,None,True,DreamDemon,BOSS_DreamDemon,-1,,S,5,Dark,None,Humanoid,None,None,False,84,100,75,60,100,100,4.800000,3.500000,4.100000,0.000000,1.000000,0.480000,1.000000,1.000000,0.700000,10.000000,794.000000,1.000000,NotInterested,None,70,140,300,550,220,300,300,True,False,False,True,FieldBoss_Tier_4,False,False,False,100,1.000000,1,25,90,1.000000,False,True,9,False,True,100,50,2910,291000,False,170.000000,80.000000,"(X=0.000000,Y=0.000000,Z=-30.000000)",Handcraft,0,0,0,0,1,1,0,0,0,0,0,1,0,None,None,None,None,None
BOSS_DrillGame,PAL_NAME_DrillGame,BOSS_NAME_DrillGame,None,None,True,DrillGame,BOSS_DrillGame,-1,,XL,8,Earth,None,FourLegged,None,None,False,96,80,95,120,100,100,4.200000,2.700000,1.700000,0.000000,1.000000,0.240000,1.000000,1.000000,0.700000,10.000000,3154.000000,1.000000,Boss,None,75,120,300,420,190,90,126,True,False,False,True,FieldBoss_Tier_3,False,False,False,350,1.000000,5,25,90,1.000000,False,False,9,True,True,100,50,1550,155000,False,280.000000,250.000000,"(X=0.000000,Y=0.000000,Z=-30.000000)",Mining,0,0,0,0,0,0,0,4,0,0,0,0,0,Deffence_up1,None,None,None,None
BOSS_Eagle,PAL_NAME_Eagle,BOSS_NAME_Eagle,None,None,True,Eagle,BOSS_Eagle,-1,,L,5,Normal,None,Bird,None,None,False,90,120,85,60,100,100,4.500000,3.100000,4.100000,0.000000,1.000000,0.240000,1.000000,1.000000,0.700000,10.000000,1004.000000,1.000000,Boss,None,100,200,600,700,400,600,600,True,False,False,True,FieldBoss_Tier_4,False,False,False,150,1.000000,2,25,90,1.000000,False,False,9,True,True,100,50,2570,257000,False,200.000000,100.000000,"(X=-0.000000,Y=0.000000,Z=-30.000000)",Collection,0,0,0,0,0,2,0,0,0,0,0,0,0,None,None,None,None,None
BOSS_ElecCat,PAL_NAME_ElecCat,BOSS_NAME_ElecCat,None,None,True,ElecCat,BOSS_ElecCat,-1,,S,5,Electricity,None,Humanoid,None,None,False,72,60,75,70,80,100,5.400000,3.500000,3.700000,0.000000,1.000000,0.480000,1.000000,1.000000,0.770000,10.000000,820.000000,1.000000,NotInterested,None,40,80,350,500,270,105,150,True,False,False,True,FieldBoss_Tier_4,False,False,False,100,1.000000,1,25,90,1.000000,False,False,9,False,True,100,50,3010,301000,False,70.000000,50.000000,"(X=0.000000,Y=0.000000,Z=-30.000000)",MonsterFarm,0,0,0,1,1,0,0,0,0,0,0,1,1,None,None,None,None,None
BOSS_ElecLion,PAL_NAME_ElecLion,BOSS_NAME_ElecLion,None,None,True,ElecLion,BOSS_ElecLion,-1,,XL,7,Electricity,None,FourLegged,None,None,False,120,100,110,70,100,100,3.000000,2.100000,3.700000,0.000000,1.000000,0.240000,1.000000,1.000000,0.700000,10.000000,8400.000000,1.000000,Boss,None,85,85,800,1000,442,240,300,True,False,False,True,FieldBoss_Tier_2,False,False,False,350,1.000000,5,25,90,1.000000,False,False,9,False,True,100,50,9999,999900,False,200.000000,90.000000,"(X=0.000000,Y=0.000000,Z=-30.000000)",EmitFlame,0,0,0,0,0,0,0,0,0,0,0,0,0,None,None,None,None,None
BOSS_ElecPanda,PAL_NAME_ElecPanda,BOSS_NAME_ElecPanda,None,None,True,ElecPanda,BOSS_ElecPanda,-1,,XL,8,Electricity,None,Humanoid,None,None,False,144,120,105,105,100,100,1.800000,2.300000,2.300000,0.000000,1.000000,0.240000,1.000000,1.000000,0.700000,10.000000,7048.000000,1.000000,Boss,None,80,140,600,1100,210,180,300,True,False,False,True,FieldBoss_Tier_2,False,False,False,410,1.000000,6,25,90,1.000000,False,False,9,True,True,180,50,1020,102000,True,200.000000,50.000000,"(X=-20.000000,Y=0.000000,Z=-30.000000)",GenerateElectricity,0,0,0,5,4,0,3,0,0,0,0,5,0,None,None,None,None,BossDefeatReward_ElecPanda
BOSS_FairyDragon,PAL_NAME_FairyDragon,BOSS_NAME_FairyDragon,None,None,True,FairyDragon,BOSS_FairyDragon,-1,,XL,8,Dragon,None,Humanoid,None,None,False,132,80,80,90,100,100,2.400000,3.300000,2.900000,0.000000,1.000000,0.240000,1.000000,1.000000,0.700000,10.000000,2410.000000,1.000000,Boss,None,83,83,630,900,456,189,240,True,False,False,True,FieldBoss_Tier_3,False,False,False,200,1.000000,3,25,90,1.000000,False,False,9,False,True,130,50,2280,228000,False,180.000000,120.000000,"(X=0.000000,Y=0.000000,Z=-30.000000)",Deforest,0,0,0,0,0,0,3,0,0,0,0,0,0,None,None,None,None,BossDefeatReward_FairyDragon
BOSS_FairyDragon_Water,PAL_NAME_FairyDragon_Water,BOSS_NAME_FairyDragon_Water,None,None,True,FairyDragon_Water,BOSS_FairyDragon_Water,-1,,XL,8,Dragon,Water,Humanoid,None,None,False,138,80,80,95,100,100,2.100000,3.300000,2.700000,0.000000,1.000000,0.240000,1.000000,1.000000,0.700000,10.000000,3086.000000,1.000000,Boss,None,83,83,630,900,456,1134,1440,True,False,False,True,FieldBoss_Tier_3,False,False,False,200,1.000000,3,25,90,1.000000,False,False,9,False,True,130,50,1640,164000,False,180.000000,120.000000,"(X=0.000000,Y=0.000000,Z=-30.000000)",Watering,0,4,0,0,0,0,3,0,0,0,0,0,0,None,None,None,None,None
BOSS_FengyunDeeper,PAL_NAME_FengyunDeeper,BOSS_NAME_FengyunDeeper,None,None,True,FengyunDeeper,BOSS_FengyunDeeper,-1,,L,7,Normal,None,FourLegged,None,None,False,132,110,110,90,100,100,2.400000,2.100000,2.900000,0.000000,1.000000,0.240000,1.000000,1.000000,0.700000,10.000000,3318.000000,1.000000,Boss,None,85,100,750,1150,417,225,315,True,False,False,True,FieldBoss_Tier_3,False,False,False,340,1.000000,5,25,90,1.000000,False,False,9,False,True,140,50,1960,196000,False,140.000000,50.000000,"(X=-30.000000,Y=-0.000000,Z=-30.000000)",Deforest,0,0,0,0,0,0,3,0,0,0,0,0,0,None,None,None,None,BossDefeatReward_FengyunDeeper
BOSS_FireKirin,PAL_NAME_FireKirin,BOSS_NAME_FireKirin,None,None,True,FireKirin,BOSS_FireKirin,-1,,L,8,Fire,None,FourLegged,None,None,False,120,110,95,90,100,100,3.000000,2.700000,2.900000,0.000000,1.000000,0.240000,1.000000,1.000000,0.700000,10.000000,2928.000000,1.000000,Boss,None,100,150,850,1400,500,255,390,True,False,False,True,FieldBoss_Tier_2,False,False,False,280,1.000000,4,25,90,1.000000,False,False,9,False,True,100,50,1980,198000,False,200.000000,60.000000,"(X=4.000000,Y=0.000000,Z=-30.000000)",EmitFlame,4,0,0,0,0,0,2,0,0,0,0,0,0,None,None,None,None,BossDefeatReward_FireKirin
BOSS_FireKirin_Dark,PAL_NAME_FireKirin_Dark,BOSS_NAME_FireKirin_Dark,None,None,True,FireKirin_Dark,BOSS_FireKirin_Dark,-1,,L,8,Fire,Dark,FourLegged,None,None,False,120,110,95,90,100,100,3.000000,2.700000,2.900000,0.000000,1.000000,0.240000,1.000000,1.000000,0.700000,10.000000,4068.000000,1.000000,Boss,None,100,150,850,1400,500,255,390,True,False,False,True,FieldBoss_Tier_2,False,False,False,280,1.000000,4,25,90,1.000000,False,True,9,False,True,100,50,1870,187000,False,200.000000,60.000000,"(X=4.000000,Y=0.000000,Z=-30.000000)",EmitFlame,4,0,0,0,0,0,3,0,0,0,0,0,0,None,None,None,None,None
Boss_FlameBambi,PAL_NAME_FlameBambi,BOSS_NAME_FlameBambi,None,None,True,FlameBambi,Boss_FlameBambi,-1,,S,5,Fire,None,FourLegged,None,None,False,90,100,70,75,100,100,4.500000,3.700000,3.500000,0.000000,1.000000,0.480000,1.000000,1.000000,0.770000,10.000000,918.000000,1.000000,NotInterested,None,70,100,400,550,-1,120,165,True,False,False,True,FieldBoss_Tier_5,False,False,False,100,1.000000,1,25,90,1.000000,False,False,9,False,True,100,50,2870,287000,False,55.000000,18.770000,"(X=0.000000,Y=0.000000,Z=-30.000000)",MonsterFarm,1,0,0,0,0,0,0,0,0,0,0,0,1,None,None,None,None,None
BOSS_FlameBuffalo,PAL_NAME_FlameBuffalo,BOSS_NAME_FlameBuffalo,None,None,True,FlameBuffalo,BOSS_FlameBuffalo,-1,,M,7,Fire,None,FourLegged,None,None,False,102,100,95,95,100,100,3.900000,2.700000,2.700000,0.000000,1.000000,0.240000,1.000000,1.000000,0.700000,10.000000,2352.000000,1.000000,Boss,None,87,87,700,1150,343,210,315,True,False,False,True,FieldBoss_Tier_4,False,False,False,210,1.000000,3,25,90,1.000000,False,False,9,False,True,120,50,2320,232000,False,120.000000,100.000000,"(X=0.000000,Y=0.000000,Z=-30.000000)",EmitFlame,3,0,0,0,0,0,2,0,0,0,0,0,0,None,None,None,None,BossDefeatReward_FlameBuffalo
BOSS_FlowerDinosaur,PAL_NAME_FlowerDinosaur,BOSS_NAME_FlowerDinosaur,None,None,True,FlowerDinosaur,BOSS_FlowerDinosaur,-1,,XL,8,Leaf,Dragon,Humanoid,None,None,False,132,90,85,90,150,100,2.400000,3.100000,2.900000,0.000000,1.000000,0.480000,1.000000,1.000000,0.700000,10.000000,2630.000000,1.000000,NotInterested,None,70,120,700,1130,335,210,309,True,False,False,True,FieldBoss_Tier_4,False,False,False,270,1.000000,4,25,90,1.000000,False,False,9,False,True,130,50,2100,210000,False,240.000000,110.000000,"(X=10.000000,Y=-0.000000,Z=-30.000000)",Seeding,0,0,3,0,0,0,3,0,0,0,0,0,0,None,None,None,None,None
BOSS_FlowerDinosaur_Electric,PAL_NAME_FlowerDinosaur_Electric,BOSS_NAME_FlowerDinosaur_Electric,None,None,True,FlowerDinosaur_Electric,BOSS_FlowerDinosaur_Electric,-1,,XL,8,Electricity,Dragon,Humanoid,None,None,False,132,90,90,90,150,100,2.400000,2.900000,2.900000,0.000000,1.000000,0.240000,1.000000,1.000000,0.700000,10.000000,3086.000000,1.000000,NotInterested,None,70,120,700,1130,335,210,309,True,False,False,True,FieldBoss_Tier_4,False,False,False,270,1.000000,4,25,90,1.000000,False,False,9,False,True,130,50,1890,189000,False,240.000000,110.000000,"(X=10.000000,Y=-0.000000,Z=-30.000000)",Deforest,0,0,0,3,0,0,4,0,0,0,0,0,0,None,None,None,None,BossDefeatReward_FlowerDinosaur_Electric
BOSS_FlowerDoll,PAL_NAME_FlowerDoll,BOSS_NAME_FlowerDoll,None,None,True,FlowerDoll,BOSS_FlowerDoll,-1,,M,8,Leaf,None,Humanoid,None,None,False,120,100,95,100,100,100,3.000000,2.700000,2.500000,0.000000,1.000000,0.240000,1.000000,1.000000,0.700000,10.000000,3538.000000,1.000000,NotInterested,None,100,150,550,700,350,550,550,True,False,False,True,FieldBoss_Tier_4,False,False,False,450,1.000000,6,25,90,1.000000,False,False,9,False,True,100,50,1720,172000,False,110.000000,34.000000,"(X=0.000000,Y=0.000000,Z=-40.000000)",Seeding,0,0,4,0,3,3,0,0,0,4,0,2,0,None,None,None,None,BossDefeatReward_FlowerDoll
BOSS_FlowerDoll_Fire,PAL_NAME_FlowerDoll_Fire,BOSS_NAME_FlowerDoll_Fire,None,None,True,FlowerDoll_Fire,BOSS_FlowerDoll_Fire,-1,,M,8,Leaf,Fire,Humanoid,None,None,False,114,100,105,100,100,100,3.300000,2.300000,2.500000,0.000000,1.000000,0.240000,1.000000,1.000000,0.700000,10.000000,4714.000000,1.000000,NotInterested,None,100,150,550,700,350,550,550,True,False,False,True,FieldBoss_Tier_4,False,False,False,450,1.000000,6,25,90,1.000000,False,False,9,False,True,100,50,820,82000,False,110.000000,34.000000,"(X=0.000000,Y=0.000000,Z=-40.000000)",EmitFlame,4,0,0,0,3,3,0,0,0,4,0,2,0,None,None,None,None,BossDefeatReward_FlowerDoll
BOSS_FlowerRabbit,PAL_NAME_FlowerRabbit,BOSS_NAME_FlowerRabbit,None,None,True,FlowerRabbit,BOSS_FlowerRabbit,-1,,M,5,Leaf,None,Humanoid,None,None,False,90,100,65,70,100,100,4.500000,3.900000,3.700000,0.000000,1.000000,0.240000,1.000000,1.000000,0.700000,10.000000,1024.000000,1.000000,NotInterested,None,100,100,400,550,250,400,400,True,False,False,True,FieldBoss_Tier_5,False,False,False,150,1.000000,2,25,90,1.000000,False,False,9,False,True,100,50,2660,266000,False,200.000000,50.000000,"(X=0.000000,Y=0.000000,Z=-30.000000)",Seeding,0,0,2,0,2,2,0,0,0,1,0,1,0,None,None,None,None,None
BOSS_FlyingManta,PAL_NAME_FlyingManta,BOSS_NAME_FlyingManta,None,None,True,FlyingManta,BOSS_FlyingManta,-1,,M,5,Water,None,Other,None,None,False,96,100,70,80,100,100,4.200000,3.700000,3.300000,0.000000,1.000000,0.480000,1.000000,1.000000,0.770000,10.000000,1042.000000,1.000000,NotInterested,None,30,150,550,700,350,550,550,True,False,False,True,FieldBoss_Tier_5,False,False,False,150,1.000000,2,25,90,1.000000,False,False,9,False,True,100,50,2740,274000,False,100.000000,80.000000,"(X=0.000000,Y=0.000000,Z=-30.000000)",Watering,0,1,0,0,0,0,0,0,0,0,0,1,0,None,None,None,None,None
BOSS_FoxMage,PAL_NAME_FoxMage,BOSS_NAME_FoxMage,None,None,True,FoxMage,BOSS_FoxMage,-1,,L,8,Fire,None,Humanoid,None,None,False,108,50,110,80,120,100,3.600000,2.100000,3.300000,0.000000,1.000000,0.240000,1.000000,1.000000,0.700000,10.000000,2568.000000,1.000000,Boss,None,70,145,440,620,292,440,620,True,False,False,True,FieldBoss_Tier_4,False,False,False,280,1.000000,4,25,90,1.000000,False,False,9,False,True,100,50,2080,208000,False,160.000000,80.000000,"(X=0.000000,Y=0.000000,Z=-30.000000)",EmitFlame,3,0,0,0,3,0,0,0,0,0,0,2,0,None,None,None,None,BossDefeatReward_FoxMage
BOSS_FoxMage_Dark,PAL_NAME_FoxMage_Dark,BOSS_NAME_FoxMage_Dark,None,None,True,FoxMage_Dark,BOSS_FoxMage_Dark,-1,,L,8,Fire,Dark,Humanoid,None,None,False,108,50,110,85,120,100,3.600000,2.100000,3.100000,0.000000,1.000000,0.240000,1.000000,1.000000,0.700000,10.000000,3018.000000,1.000000,Boss,None,70,145,440,620,292,440,620,True,False,False,True,FieldBoss_Tier_4,False,False,False,280,1.000000,4,25,90,1.000000,False,True,9,False,True,100,50,1490,149000,False,160.000000,80.000000,"(X=-0.000000,Y=-0.000000,Z=-30.000000)",EmitFlame,4,0,0,0,4,0,0,0,0,0,0,2,0,None,None,None,None,None
BOSS_Ganesha,PAL_NAME_Ganesha,BOSS_NAME_Ganesha,None,None,True,Ganesha,BOSS_Ganesha,-1,,L,5,Water,None,FourLegged,None,None,False,84,70,60,70,100,100,4.800000,4.100000,3.700000,0.000000,1.000000,0.480000,1.000000,1.000000,0.910000,10.000000,710.000000,1.000000,NotInterested,None,30,60,300,400,180,90,120,True,False,False,True,FieldBoss_Tier_5,False,False,False,100,1.000000,1,25,90,1.000000,False,False,9,False,True,100,50,3070,307000,False,120.000000,120.000000,"(X=0.000000,Y=0.000000,Z=-120.000000)",Watering,0,1,0,0,0,0,0,0,0,0,0,0,0,None,None,None,None,None
BOSS_Garm,PAL_NAME_Garm,BOSS_NAME_Garm,None,None,True,Garm,BOSS_Garm,-1,,M,5,Normal,None,FourLegged,None,None,False,96,110,90,75,100,100,4.200000,2.900000,3.500000,0.000000,1.000000,0.480000,1.000000,1.000000,0.700000,10.000000,1222.000000,1.000000,Boss,None,90,180,800,1150,460,240,315,True,False,False,True,FieldBoss_Tier_5,False,False,False,150,1.000000,2,25,90,1.000000,False,False,9,True,True,70,50,2680,268000,False,110.000000,60.000000,"(X=0.000000,Y=0.000000,Z=-110.000000)",Collection,0,0,0,0,0,1,0,0,0,0,0,0,0,None,None,None,None,None
BOSS_GhostBeast,PAL_NAME_GhostBeast,BOSS_NAME_GhostBeast,None,None,True,GhostBeast,BOSS_GhostBeast,-1,,L,8,Dark,None,FourLegged,None,None,False,90,50,105,80,100,100,4.500000,2.300000,3.300000,0.000000,1.000000,0.240000,1.000000,1.000000,0.700000,10.000000,2220.000000,1.000000,Boss,None,100,160,700,1200,365,210,330,True,False,False,True,FieldBoss_Tier_3,False,False,False,380,1.000000,5,25,90,1.000000,False,True,9,True,True,130,50,1710,171000,False,220.000000,140.000000,"(X=-20.000000,Y=0.000000,Z=-220.000000)",Collection,0,0,0,0,0,4,0,4,0,0,0,0,0,None,None,None,None,None
BOSS_GoldenHorse,PAL_NAME_GoldenHorse,BOSS_NAME_GoldenHorse,None,None,True,GoldenHorse,BOSS_GoldenHorse,-1,,M,8,Earth,None,FourLegged,None,None,False,144,100,110,110,100,100,1.800000,2.100000,2.100000,0.000000,1.000000,0.240000,1.000000,1.000000,0.700000,10.000000,5244.000000,1.000000,Boss,None,170,270,840,1260,-1,252,378,True,False,False,True,FieldBoss_Tier_3,False,False,False,550,1.000000,8,25,90,1.000000,False,False,0,False,True,200,50,730,73000,False,136.500000,42.470001,"(X=0.000000,Y=0.000000,Z=-136.500000)",Collection,0,0,0,0,0,5,0,0,0,0,0,0,0,None,None,None,None,BossDefeatReward_GoldenHorse
BOSS_Gorilla,PAL_NAME_Gorilla,BOSS_NAME_Gorilla,None,None,True,Gorilla,BOSS_Gorilla,-1,,M,8,Normal,None,Humanoid,None,None,False,108,110,95,90,100,100,3.600000,2.700000,2.900000,0.000000,1.000000,0.240000,1.000000,1.000000,0.700000,10.000000,2428.000000,1.000000,Boss,None,66,100,550,720,250,165,216,True,False,False,True,FieldBoss_Tier_3,False,False,False,230,1.000000,3,25,90,1.000000,False,False,9,True,True,100,50,2140,214000,False,160.000000,140.000000,"(X=-40.000000,Y=0.000000,Z=-160.000000)",Deforest,0,0,0,0,2,0,3,0,0,0,0,3,0,PAL_rude,None,None,None,None
BOSS_Gorilla_Ground,PAL_NAME_Gorilla_Ground,BOSS_NAME_Gorilla_Ground,None,None,True,Gorilla_Ground,BOSS_Gorilla_Ground,-1,,M,8,Earth,None,Humanoid,None,None,False,108,110,100,90,100,100,3.600000,2.500000,2.900000,0.000000,1.000000,0.240000,1.000000,1.000000,0.700000,10.000000,2568.000000,1.000000,Boss,None,66,100,550,720,250,82,108,True,False,False,True,FieldBoss_Tier_3,False,False,False,230,1.000000,3,25,90,1.000000,False,False,9,True,True,100,50,1880,188000,False,160.000000,128.000000,"(X=-40.000000,Y=0.000000,Z=-160.000000)",Mining,0,0,0,0,2,0,0,3,0,0,0,3,0,PAL_rude,None,None,None,None
BOSS_GrassDragon,PAL_NAME_GrassDragon,BOSS_NAME_GrassDragon,None,None,True,GrassDragon,GrassDragon,-1,,XL,7,Leaf,None,Humanoid,None,None,False,156,80,120,90,80,100,1.200000,1.700000,2.900000,0.000000,1.000000,0.240000,1.000000,1.000000,0.700000,10.000000,13020.000000,1.000000,Boss,None,-1,-1,-1,-1,-1,-1,-1,True,False,False,True,FieldBoss_Tier_2,False,False,False,480,1.000000,7,25,90,1.000000,False,False,9,False,True,100,50,9999,999900,True,0.000000,0.000000,"(X=0.000000,Y=0.000000,Z=0.000000)",ProductMedicine,0,0,0,0,0,0,0,0,0,1,0,0,0,None,None,None,None,None
BOSS_GrassMammoth,PAL_NAME_GrassMammoth,BOSS_NAME_GrassMammoth,None,None,True,GrassMammoth,BOSS_GrassMammoth,-1,,XL,8,Leaf,Earth,FourLegged,None,None,False,180,100,85,90,30,100,0.100000,3.100000,2.900000,0.000000,1.000000,0.240000,1.000000,1.000000,0.700000,10.000000,4440.000000,1.000000,NotInterested,None,100,135,600,1130,282,180,309,True,False,False,True,FieldBoss_Tier_2,False,False,False,400,1.000000,6,25,90,1.000000,False,False,9,False,True,180,50,1340,134000,False,300.000000,250.000000,"(X=0.000000,Y=0.000000,Z=-300.000000)",Seeding,0,0,4,0,0,0,4,4,0,0,0,0,0,Deffence_up2_2,None,None,None,BossDefeatReward_GrassMammoth
BOSS_GrassMammoth_Ice,PAL_NAME_GrassMammoth_Ice,BOSS_NAME_GrassMammoth_Ice,None,None,True,GrassMammoth_Ice,BOSS_GrassMammoth_Ice,-1,,XL,8,Ice,Earth,FourLegged,None,None,False,180,100,85,90,30,100,0.100000,3.100000,2.900000,0.000000,1.000000,0.240000,1.000000,1.000000,0.700000,10.000000,4848.000000,1.000000,NotInterested,None,100,135,600,1130,282,180,309,True,False,False,True,FieldBoss_Tier_2,False,False,False,400,1.000000,6,25,90,1.000000,False,False,9,False,True,180,50,1070,107000,False,300.000000,250.000000,"(X=0.000000,Y=0.000000,Z=-300.000000)",Deforest,0,0,0,0,0,0,5,4,0,0,5,0,0,Deffence_up2_2,None,None,None,None
BOSS_GrassPanda,PAL_NAME_GrassPanda,BOSS_NAME_GrassPanda,None,None,True,GrassPanda,BOSS_GrassPanda,-1,,XL,8,Leaf,None,Humanoid,None,None,False,120,100,90,90,100,100,3.000000,2.900000,2.900000,0.000000,1.000000,0.240000,1.000000,1.000000,0.700000,10.000000,2950.000000,1.000000,Boss,None,50,100,600,1100,275,180,300,True,False,False,True,FieldBoss_Tier_3,False,False,False,280,1.000000,4,25,90,1.000000,False,False,9,False,True,130,50,2060,206000,False,220.000000,220.000000,"(X=0.000000,Y=0.000000,Z=-220.000000)",Deforest,0,0,3,0,2,0,4,0,0,0,0,4,0,None,None,None,None,None
BOSS_GrassPanda_Electric,PAL_NAME_GrassPanda_Electric,BOSS_NAME_GrassPanda_Electric,None,None,True,GrassPanda_Electric,BOSS_GrassPanda_Electric,-1,,XL,8,Electricity,None,Humanoid,None,None,False,120,100,100,100,100,100,3.000000,2.500000,2.500000,0.000000,1.000000,0.240000,1.000000,1.000000,0.700000,10.000000,3612.000000,1.000000,Boss,None,50,100,600,1100,275,180,300,True,False,False,True,FieldBoss_Tier_3,False,False,False,280,1.000000,4,25,90,1.000000,False,False,9,False,True,130,50,1440,144000,False,220.000000,220.000000,"(X=0.000000,Y=0.000000,Z=-220.000000)",GenerateElectricity,0,0,0,4,3,0,4,0,0,0,0,4,0,None,None,None,None,BossDefeatReward_GrassPanda_Electric
BOSS_GrassRabbitMan,PAL_NAME_GrassRabbitMan,BOSS_NAME_GrassRabbitMan,None,None,True,GrassRabbitMan,BOSS_GrassRabbitMan,-1,,M,8,Leaf,None,Humanoid,None,None,False,108,100,115,90,100,100,3.600000,1.900000,2.900000,0.000000,1.000000,0.240000,1.000000,1.000000,0.700000,10.000000,3894.000000,1.000000,Boss,None,50,195,500,700,275,500,700,True,False,False,True,FieldBoss_Tier_4,False,False,False,450,1.000000,6,25,90,1.000000,False,False,9,False,True,100,50,1160,116000,False,88.000000,34.000000,"(X=0.000000,Y=0.000000,Z=-90.000000)",Handcraft,0,0,4,0,5,5,3,0,0,0,0,3,0,None,None,None,None,BossDefeatReward_GrassRabbitMan
BOSS_HadesBird,PAL_NAME_HadesBird,BOSS_NAME_HadesBird,None,None,True,HadesBird,BOSS_HadesBird,-1,,XL,8,Dark,None,Bird,None,None,False,120,100,125,100,100,100,3.000000,1.500000,2.500000,0.000000,1.000000,0.240000,1.000000,1.000000,0.700000,10.000000,4218.000000,1.000000,Boss,None,100,100,700,1200,450,700,700,True,False,False,True,FieldBoss_Tier_2,False,False,False,460,1.000000,7,25,90,1.000000,False,True,9,True,True,170,50,1130,113000,False,300.000000,90.000000,"(X=0.000000,Y=0.000000,Z=-300.000000)",Transport,0,0,0,0,0,0,0,0,0,0,0,4,0,None,None,None,None,None
BOSS_HadesBird_Electric,PAL_NAME_HadesBird_Electric,BOSS_NAME_HadesBird_Electric,None,None,True,HadesBird_Electric,BOSS_HadesBird_Electric,-1,,XL,8,Dark,Electricity,Bird,None,None,False,126,100,125,100,100,100,2.700000,1.500000,2.500000,0.000000,1.000000,0.240000,1.000000,1.000000,0.700000,10.000000,4938.000000,1.000000,Boss,None,100,100,700,1200,450,700,700,True,False,False,True,FieldBoss_Tier_2,False,False,False,460,1.000000,7,25,90,1.000000,False,True,9,True,True,170,50,960,96000,False,404.709991,87.000000,"(X=0.000000,Y=0.000000,Z=-404.706000)",Transport,0,0,0,4,0,0,0,0,0,0,0,5,0,None,None,None,None,None
BOSS_HawkBird,PAL_NAME_HawkBird,BOSS_NAME_HawkBird,None,None,True,HawkBird,BOSS_HawkBird,-1,,L,5,Normal,None,Bird,None,None,False,120,100,95,80,100,100,3.000000,2.700000,3.300000,0.000000,1.000000,0.480000,1.000000,1.000000,0.700000,10.000000,2024.000000,1.000000,Boss,None,150,150,600,850,450,600,600,True,False,False,True,FieldBoss_Tier_4,False,False,False,140,1.000000,2,25,90,1.000000,False,False,9,True,True,100,50,2560,256000,False,260.000000,200.000000,"(X=0.000000,Y=0.000000,Z=-260.000000)",Collection,0,0,0,0,0,2,0,0,0,0,0,0,0,None,None,None,None,BossDefeatReward_HawkBird
BOSS_Hedgehog,PAL_NAME_Hedgehog,BOSS_NAME_Hedgehog,None,None,True,Hedgehog,BOSS_Hedgehog,-1,,M,5,Electricity,None,FourLegged,None,None,False,84,70,75,70,100,100,4.800000,3.500000,3.700000,0.000000,1.000000,0.480000,1.000000,1.000000,0.840000,10.000000,834.000000,1.000000,NotInterested,None,30,60,400,550,215,120,165,True,False,False,True,FieldBoss_Tier_5,False,False,False,100,1.000000,1,25,90,1.000000,False,False,9,False,True,100,50,3030,303000,False,80.000000,60.000000,"(X=0.000000,Y=0.000000,Z=-80.000000)",GenerateElectricity,0,0,0,1,0,0,0,0,0,0,0,0,0,None,None,None,None,None
BOSS_Hedgehog_Ice,PAL_NAME_Hedgehog_Ice,BOSS_NAME_Hedgehog_Ice,None,None,True,Hedgehog_Ice,BOSS_Hedgehog_Ice,-1,,M,5,Ice,None,FourLegged,None,None,False,84,70,75,80,100,100,4.800000,3.500000,3.300000,0.000000,1.000000,0.240000,1.000000,1.000000,0.700000,10.000000,944.000000,1.000000,NotInterested,None,30,60,400,550,215,120,165,True,False,False,True,FieldBoss_Tier_5,False,False,False,100,1.000000,1,25,90,1.000000,False,False,9,False,True,100,50,2850,285000,False,70.000000,60.000000,"(X=0.000000,Y=0.000000,Z=-70.000000)",Cool,0,0,0,0,0,0,0,0,0,0,1,0,0,None,None,None,None,None
BOSS_HerculesBeetle,PAL_NAME_HerculesBeetle,BOSS_NAME_HerculesBeetle,None,None,True,HerculesBeetle,BOSS_HerculesBeetle,-1,,L,8,Earth,Leaf,Humanoid,None,None,False,144,100,100,120,100,100,1.800000,2.500000,1.700000,0.000000,1.000000,0.240000,1.000000,1.000000,0.700000,10.000000,5826.000000,1.000000,Boss,None,55,110,500,600,110,500,500,True,False,False,True,FieldBoss_Tier_2,False,False,False,400,1.000000,6,25,90,1.000000,False,False,9,False,True,100,85,1280,128000,False,200.000000,100.000000,"(X=0.000000,Y=0.000000,Z=-200.000000)",Transport,0,0,3,0,3,0,4,0,0,0,0,5,0,Deffence_up1,None,None,None,BossDefeatReward_HerculesBeetle
BOSS_HerculesBeetle_Ground,PAL_NAME_HerculesBeetle_Ground,BOSS_NAME_HerculesBeetle_Ground,None,None,True,HerculesBeetle_Ground,BOSS_HerculesBeetle_Ground,-1,,L,8,Earth,None,Humanoid,None,None,False,144,100,105,120,100,100,1.800000,2.300000,1.700000,0.000000,1.000000,0.240000,1.000000,1.000000,0.700000,10.000000,20000.000000,1.000000,Boss,None,55,110,500,600,110,500,500,True,False,False,True,FieldBoss_Tier_2,False,False,False,400,1.000000,6,25,90,1.000000,False,False,9,False,True,100,85,630,63000,False,198.500000,113.430000,"(X=0.000000,Y=-0.000000,Z=-197.551000)",Mining,0,0,0,0,2,0,0,5,0,0,0,5,0,Deffence_up1,None,None,None,BossDefeatReward_HerculesBeetle_Ground
BOSS_Horus,PAL_NAME_Horus,BOSS_NAME_Horus,None,None,True,Horus,BOSS_Horus,-1,,XL,8,Fire,None,Bird,None,None,False,126,100,110,115,90,100,2.700000,2.100000,1.900000,0.000000,1.000000,0.240000,1.000000,1.000000,0.700000,10.000000,5370.000000,1.000000,Boss,None,150,200,1000,1500,500,1000,1000,True,False,False,True,FieldBoss_Tier_1,False,False,False,600,1.000000,9,25,90,1.000000,False,False,9,False,True,230,50,500,50000,True,440.000000,250.000000,"(X=0.000000,Y=0.000000,Z=-440.000000)",EmitFlame,6,0,0,0,0,0,0,0,0,0,0,3,0,None,None,None,None,None
BOSS_IceDeer,PAL_NAME_IceDeer,BOSS_NAME_IceDeer,None,None,True,IceDeer,BOSS_IceDeer,-1,,L,7,Ice,None,FourLegged,None,None,False,120,80,85,110,100,100,3.000000,3.100000,2.100000,0.000000,1.000000,0.240000,1.000000,1.000000,0.700000,10.000000,2928.000000,1.000000,Boss,None,35,70,700,1170,310,210,321,True,False,False,True,FieldBoss_Tier_3,False,False,False,280,1.000000,4,25,90,1.000000,False,False,9,False,True,140,50,1930,193000,False,140.000000,60.000000,"(X=0.000000,Y=0.000000,Z=-140.000000)",Deforest,0,0,0,0,0,0,3,0,0,0,3,0,0,None,None,None,None,None
Boss_IceFox,PAL_NAME_IceFox,BOSS_NAME_IceFox,None,None,True,IceFox,Boss_IceFox,-1,,M,8,Ice,None,FourLegged,None,None,False,108,100,95,105,100,100,3.600000,2.700000,2.300000,0.000000,1.000000,0.240000,1.000000,1.000000,0.700000,10.000000,3086.000000,1.000000,NotInterested,None,65,130,600,750,315,180,225,True,False,False,True,FieldBoss_Tier_4,False,False,False,300,1.000000,4,25,90,1.000000,False,False,9,False,True,100,50,1970,197000,False,88.000000,34.000000,"(X=0.000000,Y=0.000000,Z=-88.000000)",MonsterFarm,0,0,0,0,0,0,0,0,0,0,4,0,3,None,None,None,None,BossDefeatReward_IceFox
BOSS_IceHorse,PAL_NAME_IceHorse,BOSS_NAME_IceHorse,None,None,True,IceHorse,BOSS_IceHorse,-1,,XL,8,Ice,None,FourLegged,None,None,False,168,100,140,120,70,100,0.600000,1.000000,1.700000,0.000000,2.728395,0.180000,1.000000,1.000000,0.700000,10.000000,9390.000000,1.000000,Boss,None,120,120,1200,1900,440,360,540,True,False,False,True,Legend,False,False,False,620,1.000000,9,25,90,1.000000,False,False,9,False,True,300,50,150,15000,True,240.000000,120.000000,"(X=0.000000,Y=0.000000,Z=-30.000000)",Cool,0,0,0,0,0,0,0,0,0,0,7,0,0,Legend,ElementBoost_Ice_2_PAL,None,None,BossDefeatReward_IceHorse
BOSS_IceHorse_Dark,PAL_NAME_IceHorse_Dark,BOSS_NAME_IceHorse_Dark,None,None,True,IceHorse_Dark,BOSS_IceHorse_Dark,-1,,XL,8,Dark,None,FourLegged,None,None,False,168,100,140,135,70,100,0.600000,1.000000,1.100000,0.000000,2.728395,0.180000,1.000000,1.000000,0.700000,10.000000,10000.000000,1.000000,Boss,None,120,120,1200,1900,440,360,540,True,False,False,True,Legend,False,False,False,620,1.000000,9,25,90,1.000000,False,True,9,False,True,300,50,110,11000,True,240.000000,120.000000,"(X=0.000000,Y=0.000000,Z=-30.000000)",Collection,0,0,0,0,0,7,0,0,0,0,0,0,0,Legend,ElementBoost_Dark_2_PAL,None,None,BossDefeatReward_IceHorse_Dark
BOSS_JetDragon,PAL_NAME_JetDragon,BOSS_NAME_JetDragon,None,None,True,JetDragon,BOSS_JetDragon,-1,,XL,8,Dragon,None,Dragon,None,None,False,138,100,140,120,100,100,2.100000,1.000000,1.700000,0.000000,2.666667,0.180000,1.000000,1.000000,0.700000,10.000000,8904.000000,1.000000,Boss,None,200,800,1700,3300,1250,510,990,True,False,False,True,Legend,False,False,False,600,1.000000,9,25,90,1.000000,False,False,9,False,True,110,50,70,7000,True,240.000000,140.000000,"(X=0.000000,Y=0.000000,Z=-240.000000)",Collection,0,0,0,0,0,8,0,0,0,0,0,0,0,Legend,ElementBoost_Dragon_2_PAL,None,None,BossDefeatReward_JetDragon
BOSS_Kelpie,PAL_NAME_Kelpie,BOSS_NAME_Kelpie,None,None,True,Kelpie,BOSS_Kelpie,-1,,M,5,Water,None,Dragon,None,None,False,84,100,70,70,100,100,4.800000,3.700000,3.700000,0.000000,1.000000,0.240000,1.000000,1.000000,0.700000,10.000000,814.000000,1.000000,NotInterested,None,50,100,700,900,400,1260,1620,True,False,False,True,FieldBoss_Tier_4,False,False,False,100,1.000000,1,25,90,1.000000,False,False,9,False,True,100,50,2810,281000,False,120.000000,80.000000,"(X=-20.000000,Y=0.000000,Z=-120.000000)",MonsterFarm,0,1,0,0,0,0,0,0,0,0,0,0,1,None,None,None,None,None
BOSS_Kelpie_Fire,PAL_NAME_Kelpie_Fire,BOSS_NAME_Kelpie_Fire,None,None,True,Kelpie_Fire,BOSS_Kelpie_Fire,-1,,M,5,Fire,None,Dragon,None,None,False,84,100,70,70,100,100,4.800000,3.700000,3.700000,0.000000,1.000000,0.240000,1.000000,1.000000,0.700000,10.000000,814.000000,1.000000,NotInterested,None,50,100,700,900,400,700,700,True,False,False,True,FieldBoss_Tier_4,False,False,False,100,1.000000,1,25,90,1.000000,False,False,9,False,True,100,50,2470,247000,False,120.000000,80.000000,"(X=-20.000000,Y=0.000000,Z=-120.000000)",MonsterFarm,1,0,0,0,0,0,0,0,0,0,0,0,1,None,None,None,None,None
BOSS_KingAlpaca,PAL_NAME_KingAlpaca,BOSS_NAME_KingAlpaca,None,None,True,KingAlpaca,BOSS_KingAlpaca,-1,,XL,8,Normal,None,FourLegged,None,None,False,144,100,85,90,100,100,1.800000,3.100000,2.900000,0.000000,1.000000,0.240000,1.000000,1.000000,0.700000,10.000000,2548.000000,1.000000,NotInterested,None,80,80,700,1140,290,210,312,True,False,False,True,FieldBoss_Tier_3,False,False,False,280,1.000000,4,25,90,1.000000,False,False,9,False,True,170,90,2220,222000,False,260.000000,160.000000,"(X=0.000000,Y=0.000000,Z=-260.000000)",Collection,0,0,0,0,0,2,0,0,0,0,0,0,0,Deffence_up2_2,None,None,None,BossDefeatReward_KingAlpaca
BOSS_KingAlpaca_Ice,PAL_NAME_KingAlpaca_Ice,BOSS_NAME_KingAlpaca_Ice,None,None,True,KingAlpaca_Ice,BOSS_KingAlpaca_Ice,-1,,XL,8,Ice,None,FourLegged,None,None,False,144,100,85,90,100,100,1.800000,3.100000,2.900000,0.000000,1.000000,0.240000,1.000000,1.000000,0.700000,10.000000,3248.000000,1.000000,NotInterested,None,80,80,700,1140,290,210,312,True,False,False,True,FieldBoss_Tier_3,False,False,False,280,1.000000,4,25,90,1.000000,False,False,9,False,True,170,90,1530,153000,False,250.000000,160.000000,"(X=0.000000,Y=0.000000,Z=-250.000000)",Cool,0,0,0,0,0,2,0,0,0,0,4,0,0,Deffence_up2_2,None,None,None,BossDefeatReward_KingAlpaca_Ice
BOSS_KingBahamut,PAL_NAME_KingBahamut,BOSS_NAME_KingBahamut,None,None,True,KingBahamut,BOSS_KingBahamut,-1,,XL,8,Fire,None,FourLegged,None,None,False,120,150,125,120,50,100,3.000000,1.500000,1.700000,0.000000,1.000000,0.240000,1.000000,1.000000,0.700000,10.000000,6940.000000,1.000000,Boss,None,150,400,800,1300,500,100,100,True,False,False,True,FieldBoss_Tier_1,False,False,False,600,1.000000,9,25,90,1.000000,False,False,9,False,True,190,50,410,41000,False,160.000000,120.000000,"(X=-40.000000,Y=0.000000,Z=-160.000000)",Mining,6,0,0,0,0,0,0,7,0,0,0,0,0,ElementBoost_Fire_2_PAL,None,None,None,BossDefeatReward_KingBahamut
BOSS_KingBahamut_Dragon,PAL_NAME_KingBahamut_Dragon,BOSS_NAME_KingBahamut_Dragon,None,None,True,KingBahamut_Dragon,BOSS_KingBahamut_Dragon,-1,,XL,8,Dragon,Fire,FourLegged,None,None,False,126,150,130,125,50,100,2.700000,1.300000,1.500000,0.000000,1.000000,0.240000,1.000000,1.000000,0.700000,10.000000,7302.000000,1.000000,Boss,None,150,400,800,1300,500,100,100,True,False,False,True,FieldBoss_Tier_1,False,False,False,600,1.000000,9,25,90,1.000000,False,False,9,False,True,190,50,100,10000,True,185.850006,156.000000,"(X=-40.000000,Y=0.000000,Z=-185.848000)",Mining,6,0,0,0,0,0,0,7,0,0,0,0,0,EternalFlame,None,None,None,None
BOSS_Kirin,PAL_NAME_Kirin,BOSS_NAME_Kirin,None,None,True,Kirin,BOSS_Kirin,-1,,L,8,Electricity,None,FourLegged,None,None,False,96,110,105,105,100,100,4.200000,2.300000,2.300000,0.000000,1.000000,0.240000,1.000000,1.000000,0.630000,10.000000,2776.000000,1.000000,Boss,None,80,130,720,1200,425,216,330,True,False,False,True,FieldBoss_Tier_3,False,False,False,210,1.000000,3,25,90,1.000000,False,False,9,False,True,100,50,2270,227000,False,220.000000,70.000000,"(X=0.000000,Y=-0.000000,Z=-220.000000)",GenerateElectricity,0,0,0,3,0,0,1,0,0,0,0,0,0,None,None,None,None,BossDefeatReward_Kirin
BOSS_Kirin_Ice,PAL_NAME_Kirin_Ice,BOSS_NAME_Kirin_Ice,None,None,True,Kirin_Ice,BOSS_Kirin_Ice,-1,,L,8,Ice,None,FourLegged,None,None,False,96,110,105,110,100,100,4.200000,2.300000,2.100000,0.000000,1.000000,0.240000,1.000000,1.000000,0.630000,10.000000,3948.000000,1.000000,Boss,None,80,130,720,1200,425,216,330,True,False,False,True,FieldBoss_Tier_2,False,False,False,210,1.000000,3,25,90,1.000000,False,False,9,False,True,100,50,540,54000,False,220.000000,70.000000,"(X=0.000000,Y=-0.000000,Z=-220.000000)",Cool,0,0,0,0,0,0,3,0,0,0,6,0,0,None,None,None,None,BossDefeatReward_Kirin
BOSS_Kitsunebi,PAL_NAME_Kitsunebi,BOSS_NAME_Kitsunebi,None,None,True,Kitsunebi,BOSS_Kitsunebi,-1,,S,5,Fire,None,FourLegged,None,None,False,78,70,75,70,100,100,5.100000,3.500000,3.700000,0.000000,1.000000,0.480000,1.000000,1.000000,0.770000,10.000000,788.000000,1.000000,NotInterested,None,40,80,400,550,240,120,165,True,False,False,True,FieldBoss_Tier_5,False,False,False,100,1.000000,1,25,90,1.000000,False,False,9,False,True,100,50,2990,299000,False,70.000000,30.000000,"(X=-20.000000,Y=0.000000,Z=-70.000000)",EmitFlame,1,0,0,0,0,0,0,0,0,0,0,0,0,None,None,None,None,None
Boss_LavaGirl,PAL_NAME_LavaGirl,BOSS_NAME_LavaGirl,None,None,True,LavaGirl,Boss_LavaGirl,-1,,S,5,Fire,None,Humanoid,None,None,False,72,100,70,80,100,100,5.400000,3.700000,3.300000,0.000000,1.000000,0.240000,1.000000,1.000000,0.770000,10.000000,872.000000,1.000000,NotInterested,None,65,98,250,375,140,46,46,True,False,False,True,FieldBoss_Tier_4,False,False,False,150,1.000000,2,25,90,1.000000,False,False,9,False,True,100,50,2700,270000,False,45.000000,30.070000,"(X=0.000000,Y=0.000000,Z=-45.000000)",MonsterFarm,1,0,0,0,1,0,0,0,0,0,0,1,1,None,None,None,None,None
Boss_LazyCatFish,PAL_NAME_LazyCatfish,BOSS_NAME_LazyCatfish,None,None,True,LazyCatfish,Boss_LazyCatFish,-1,,M,7,Earth,Water,Fish,None,None,False,120,100,70,95,100,100,3.000000,3.700000,2.700000,0.000000,1.000000,0.480000,1.000000,1.000000,0.700000,10.000000,1990.000000,1.000000,NotInterested,None,100,150,450,600,300,810,1080,True,False,False,True,FieldBoss_Tier_4,False,False,False,230,1.000000,3,25,90,1.000000,False,False,9,False,True,100,50,2290,229000,False,100.000000,100.000000,"(X=-0.000000,Y=0.000000,Z=-100.322000)",MonsterFarm,0,2,0,0,0,0,0,2,0,0,0,1,1,None,None,None,None,BossDefeatReward_LazyCatfish
BOSS_LazyDragon,PAL_NAME_LazyDragon,BOSS_NAME_LazyDragon,None,None,True,LazyDragon,BOSS_LazyDragon,-1,,XL,8,Dragon,Water,Monster,None,None,False,144,110,115,110,100,100,1.800000,1.900000,2.100000,0.000000,1.000000,0.240000,1.000000,1.000000,0.700000,10.000000,4730.000000,1.000000,Boss,None,40,60,650,1100,150,1170,1800,True,False,False,True,FieldBoss_Tier_3,False,False,False,480,1.000000,7,25,90,1.000000,False,False,9,True,True,200,50,1090,109000,False,320.000000,120.000000,"(X=0.000000,Y=0.000000,Z=-30.000000)",Watering,0,3,0,0,0,0,0,0,0,0,0,3,0,PAL_FullStomach_Up_1,None,None,None,None
BOSS_LazyDragon_Electric,PAL_NAME_LazyDragon_Electric,BOSS_NAME_LazyDragon_Electric,None,None,True,LazyDragon_Electric,BOSS_LazyDragon_Electric,-1,,XL,8,Dragon,Electricity,Monster,None,None,False,144,110,120,110,100,100,1.800000,1.700000,2.100000,0.000000,1.000000,0.240000,1.000000,1.000000,0.700000,10.000000,5370.000000,1.000000,Boss,None,40,60,650,1100,150,650,1000,True,False,False,True,FieldBoss_Tier_3,False,False,False,480,1.000000,7,25,90,1.000000,False,False,9,True,True,200,50,770,77000,False,320.000000,120.000000,"(X=0.000000,Y=0.000000,Z=-30.000000)",GenerateElectricity,0,0,0,4,0,0,0,0,0,0,0,3,0,None,None,None,None,BossDefeatReward_LazyDragon_Electric
BOSS_LilyQueen,PAL_NAME_LilyQueen,BOSS_NAME_LilyQueen,None,None,True,LilyQueen,BOSS_LilyQueen,-1,,L,8,Leaf,None,Humanoid,None,None,False,144,100,120,110,100,100,1.800000,1.700000,2.100000,0.000000,1.000000,0.240000,1.000000,1.000000,0.700000,10.000000,6854.000000,1.000000,Boss,None,60,100,450,550,275,450,450,True,False,False,True,FieldBoss_Tier_1,False,False,False,540,1.000000,8,25,90,1.000000,False,False,9,False,True,100,30,240,24000,True,220.000000,80.000000,"(X=0.000000,Y=0.000000,Z=-220.000000)",Seeding,0,0,7,0,5,6,0,0,0,5,0,0,0,ElementBoost_Leaf_2_PAL,None,None,None,BossDefeatReward_LilyQueen
BOSS_LilyQueen_Dark,PAL_NAME_LilyQueen_Dark,BOSS_NAME_LilyQueen_Dark,None,None,True,LilyQueen_Dark,BOSS_LilyQueen_Dark,-1,,L,8,Dark,None,Humanoid,None,None,False,138,100,120,115,100,100,2.100000,1.700000,1.900000,0.000000,1.000000,0.240000,1.000000,1.000000,0.700000,10.000000,7080.000000,1.000000,Boss,None,60,100,450,550,275,450,450,True,False,False,True,FieldBoss_Tier_1,False,False,False,540,1.000000,8,25,90,1.000000,False,True,9,False,True,100,30,220,22000,True,220.000000,80.000000,"(X=0.000000,Y=0.000000,Z=-220.000000)",ProductMedicine,0,0,0,0,5,6,0,0,0,7,0,0,0,None,None,None,None,BossDefeatReward_LilyQueen_Dark
BOSS_LittleBriarRose,PAL_NAME_LittleBriarRose,BOSS_NAME_LittleBriarRose,None,None,True,LittleBriarRose,BOSS_LittleBriarRose,-1,,S,5,Leaf,None,Humanoid,None,None,False,96,80,80,80,100,100,4.200000,3.300000,3.300000,0.000000,1.000000,0.240000,1.000000,1.000000,0.700000,10.000000,1512.000000,1.000000,NotInterested,None,50,100,400,550,250,120,165,True,False,False,True,FieldBoss_Tier_5,False,False,False,140,1.000000,2,25,90,1.000000,False,False,9,False,True,100,50,2690,269000,False,120.000000,60.000000,"(X=10.000000,Y=0.000000,Z=-130.000000)",Seeding,0,0,2,0,2,2,0,0,0,2,0,1,0,None,None,None,None,None
BOSS_LizardMan,PAL_NAME_LizardMan,BOSS_NAME_LizardMan,None,None,True,LizardMan,BOSS_LizardMan,-1,,M,5,Dark,None,Humanoid,None,None,False,96,90,80,50,100,100,4.200000,3.300000,4.500000,0.000000,1.000000,0.480000,1.000000,1.000000,0.700000,10.000000,952.000000,1.000000,Boss,None,100,140,600,800,270,150,150,True,False,False,True,FieldBoss_Tier_4,False,False,False,150,1.000000,2,25,90,1.000000,False,True,9,True,True,100,50,2670,267000,False,160.000000,70.000000,"(X=0.000000,Y=0.000000,Z=-160.000000)",Handcraft,0,0,0,0,2,1,0,0,0,0,0,1,0,None,None,None,None,None
BOSS_LizardMan_Fire,PAL_NAME_LizardMan_Fire,BOSS_NAME_LizardMan_Fire,None,None,True,LizardMan_Fire,BOSS_LizardMan_Fire,-1,,M,5,Fire,None,Humanoid,None,None,False,96,90,80,50,100,100,4.200000,3.300000,4.500000,0.000000,1.000000,0.240000,1.000000,1.000000,0.700000,10.000000,986.000000,1.000000,Boss,None,100,140,400,550,270,75,75,True,False,False,True,FieldBoss_Tier_4,False,False,False,150,1.000000,2,25,90,1.000000,False,False,9,True,True,100,50,2640,264000,False,160.000000,70.000000,"(X=0.000000,Y=0.000000,Z=-160.000000)",EmitFlame,2,0,0,0,2,1,0,0,0,0,0,1,0,None,None,None,None,None
BOSS_Manticore,PAL_NAME_Manticore,BOSS_NAME_Manticore,None,None,True,Manticore,BOSS_Manticore,-1,,XL,8,Fire,None,FourLegged,None,None,False,126,100,110,80,100,100,2.700000,2.100000,3.300000,0.000000,1.000000,0.240000,1.000000,1.000000,0.700000,10.000000,3588.000000,1.000000,Boss,None,90,180,800,1300,465,240,360,True,False,False,True,FieldBoss_Tier_2,False,False,False,410,1.000000,6,25,90,1.000000,False,False,9,True,True,150,50,1360,136000,False,180.000000,140.000000,"(X=0.000000,Y=0.000000,Z=-180.000000)",EmitFlame,5,0,0,0,0,0,3,0,0,0,0,0,0,None,None,None,None,BossDefeatReward_Manticore
BOSS_Manticore_Dark,PAL_NAME_Manticore_Dark,BOSS_NAME_Manticore_Dark,None,None,True,Manticore_Dark,BOSS_Manticore_Dark,-1,,XL,8,Fire,Dark,FourLegged,None,None,False,126,100,115,80,100,100,2.700000,1.900000,3.300000,0.000000,1.000000,0.240000,1.000000,1.000000,0.700000,10.000000,3764.000000,1.000000,Boss,None,60,90,800,1300,420,240,360,True,False,False,True,FieldBoss_Tier_2,False,False,False,410,1.000000,6,25,90,1.000000,False,True,9,True,True,150,50,1270,127000,False,180.000000,160.000000,"(X=0.000000,Y=0.000000,Z=-180.000000)",EmitFlame,5,0,0,0,0,0,3,0,0,0,0,0,0,None,None,None,None,None
BOSS_Monkey,PAL_NAME_Monkey,BOSS_NAME_Monkey,None,None,True,Monkey,BOSS_Monkey,-1,,S,5,Leaf,None,Humanoid,None,None,False,96,100,70,70,100,100,4.200000,3.700000,3.700000,0.000000,1.000000,0.480000,1.000000,1.000000,0.770000,10.000000,1024.000000,1.000000,NotInterested,None,48,48,300,400,174,90,120,True,False,False,True,FieldBoss_Tier_5,False,False,False,100,1.000000,1,25,90,1.000000,False,False,9,False,True,100,50,2900,290000,False,60.000000,60.000000,"(X=0.000000,Y=0.000000,Z=-60.000000)",Seeding,0,0,1,0,1,1,1,0,0,0,0,1,0,None,None,None,None,None
BOSS_Monkey_Ice,PAL_NAME_Monkey_Ice,BOSS_NAME_Monkey_Ice,None,None,True,Monkey_Ice,BOSS_Monkey_Ice,-1,,S,5,Ice,None,Humanoid,None,None,False,96,100,70,75,100,100,4.200000,3.700000,3.500000,0.000000,1.000000,0.480000,1.000000,1.000000,0.770000,10.000000,2570.000000,1.000000,NotInterested,None,48,48,300,400,174,90,120,True,False,False,True,FieldBoss_Tier_2,False,False,False,150,1.000000,2,25,90,1.000000,False,False,9,False,True,100,50,9999,999900,False,60.000000,60.000000,"(X=0.000000,Y=0.000000,Z=-60.000000)",Handcraft,0,0,0,0,1,0,1,0,0,0,1,1,0,None,None,None,None,None
BOSS_Monkey_Fire,PAL_NAME_Monkey_Fire,BOSS_NAME_Monkey_Fire,None,None,True,Monkey_Fire,BOSS_Monkey_Fire,-1,,S,5,Fire,None,Humanoid,None,None,False,96,100,75,70,100,100,4.200000,3.500000,3.700000,0.000000,1.000000,0.480000,1.000000,1.000000,0.770000,10.000000,1052.000000,1.000000,NotInterested,None,48,48,300,400,174,90,120,True,False,False,True,FieldBoss_Tier_2,False,False,False,100,1.000000,1,25,90,1.000000,False,False,9,False,True,100,50,2830,283000,False,60.000000,60.000000,"(X=0.000000,Y=0.000000,Z=-60.000000)",EmitFlame,1,0,0,0,1,0,1,0,0,0,0,1,0,None,None,None,None,None
BOSS_MopBaby,PAL_NAME_MopBaby,BOSS_NAME_MopBaby,None,None,True,MopBaby,BOSS_MopBaby,-1,,S,5,Ice,None,Other,None,None,False,72,100,60,60,100,100,5.400000,4.100000,4.100000,0.000000,1.000000,0.480000,1.000000,1.000000,0.770000,10.000000,626.000000,1.000000,NotInterested,None,55,100,250,400,175,75,120,True,False,False,True,FieldBoss_Tier_5,False,False,False,100,1.000000,1,25,90,1.000000,False,False,9,False,True,100,50,2840,284000,False,70.000000,70.000000,"(X=0.000000,Y=0.000000,Z=-70.000000)",Collection,0,0,0,0,0,1,0,0,0,0,1,0,0,None,None,None,None,None
BOSS_MopKing,PAL_NAME_MopKing,BOSS_NAME_MopKing,None,None,True,MopKing,BOSS_MopKing,-1,,L,8,Ice,None,Other,None,None,False,120,100,90,90,100,100,3.000000,2.900000,2.900000,0.000000,1.000000,0.480000,1.000000,1.000000,0.700000,10.000000,2488.000000,1.000000,NotInterested,None,60,120,650,1120,210,195,306,True,False,False,True,FieldBoss_Tier_4,False,False,False,300,1.000000,4,25,90,1.000000,False,False,9,False,True,120,50,2150,215000,False,100.000000,100.000000,"(X=0.000000,Y=0.000000,Z=-100.000000)",Cool,0,0,0,0,0,2,0,0,0,0,3,0,0,None,None,None,None,BossDefeatReward_MopKing
BOSS_Mutant,PAL_NAME_Mutant,BOSS_NAME_Mutant,None,None,True,Mutant,BOSS_Mutant,-1,,M,8,Normal,None,Humanoid,None,None,False,108,80,100,90,100,100,3.600000,2.500000,2.900000,0.000000,1.000000,0.240000,1.000000,1.000000,0.700000,10.000000,3690.000000,1.000000,Boss,None,80,130,500,650,315,500,500,True,False,False,True,FieldBoss_Tier_3,False,False,False,300,1.000000,4,25,90,1.000000,False,False,9,False,True,100,50,2010,201000,False,150.000000,70.000000,"(X=20.000000,Y=0.000000,Z=-150.000000)",Handcraft,0,0,0,0,4,2,0,0,0,0,0,2,0,None,None,None,None,BossDefeatReward_Mutant
BOSS_NaughtyCat,PAL_NAME_NaughtyCat,BOSS_NAME_NaughtyCat,None,None,True,NaughtyCat,BOSS_NaughtyCat,-1,,M,8,Normal,None,FourLegged,None,None,False,132,100,80,80,100,100,2.400000,3.300000,3.300000,0.000000,1.000000,0.240000,1.000000,1.000000,0.700000,10.000000,2148.000000,1.000000,NotInterested,None,32,64,650,1100,332,195,300,True,False,False,True,FieldBoss_Tier_4,False,False,False,300,1.000000,4,25,90,1.000000,False,False,9,False,True,100,50,2120,212000,False,100.000000,80.000000,"(X=0.000000,Y=0.000000,Z=-100.000000)",Collection,0,0,0,0,0,3,0,0,0,0,0,0,0,None,None,None,None,BossDefeatReward_NaughtyCat
BOSS_NegativeKoala,PAL_NAME_NegativeKoala,BOSS_NAME_NegativeKoala,None,None,True,NegativeKoala,BOSS_NegativeKoala,-1,,S,5,Dark,None,Humanoid,None,None,False,84,70,70,70,100,100,4.800000,3.700000,3.700000,0.000000,1.000000,0.480000,1.000000,1.000000,0.700000,10.000000,872.000000,1.000000,Boss,None,20,20,300,400,100,90,120,True,False,False,True,FieldBoss_Tier_5,False,False,False,100,1.000000,1,25,90,1.000000,False,True,9,False,True,100,50,3000,300000,False,100.000000,60.000000,"(X=0.000000,Y=0.000000,Z=-100.000000)",MonsterFarm,0,0,0,0,1,0,0,1,0,0,0,1,1,None,None,None,None,None
BOSS_NegativeOctopus,PAL_NAME_NegativeOctopus,BOSS_NAME_NegativeOctopus,None,None,True,NegativeOctopus,BOSS_NegativeOctopus,-1,,M,5,Dark,Water,Other,None,None,False,72,100,60,70,100,100,5.400000,4.100000,3.700000,0.000000,1.000000,0.480000,1.000000,1.000000,0.700000,10.000000,752.000000,1.000000,NotInterested,None,60,120,400,550,260,400,550,True,False,False,True,FieldBoss_Tier_5,False,False,False,150,1.000000,2,25,90,1.000000,False,True,9,False,True,100,50,2770,277000,False,160.000000,80.000000,"(X=0.000000,Y=0.000000,Z=-170.000000)",Transport,0,1,0,0,0,1,0,0,0,0,0,2,0,None,None,None,None,None
BOSS_NightFox,PAL_NAME_NightFox,BOSS_NAME_NightFox,None,None,True,NightFox,BOSS_NightFox,-1,,M,8,Dark,None,FourLegged,None,None,False,90,70,85,70,140,100,4.500000,3.100000,3.700000,0.000000,1.000000,0.480000,1.000000,1.000000,0.700000,10.000000,1004.000000,1.000000,NotInterested,None,30,60,300,500,164,90,150,True,False,False,True,FieldBoss_Tier_5,False,False,False,100,1.000000,1,25,90,1.000000,False,True,9,False,True,100,50,2920,292000,False,67.500000,35.000000,"(X=0.000000,Y=0.000000,Z=-64.040000)",Collection,0,0,0,0,0,1,0,0,0,0,0,0,0,None,None,None,None,None
BOSS_Penguin,PAL_NAME_Penguin,BOSS_NAME_Penguin,None,None,True,Penguin,BOSS_Penguin,-1,,S,5,Water,Ice,Humanoid,None,None,False,84,70,75,70,100,100,4.800000,3.500000,3.700000,0.000000,1.000000,0.480000,1.000000,1.000000,0.700000,10.000000,926.000000,1.000000,NotInterested,None,30,60,500,650,265,900,1170,True,False,False,True,FieldBoss_Tier_5,False,False,False,100,1.000000,1,25,90,1.000000,False,False,9,False,True,100,50,2960,296000,False,100.000000,80.000000,"(X=0.000000,Y=0.000000,Z=-100.000000)",Watering,0,1,0,0,1,0,0,0,0,0,1,1,0,None,None,None,None,None
BOSS_PinkCat,PAL_NAME_PinkCat,BOSS_NAME_PinkCat,None,None,True,PinkCat,BOSS_PinkCat,-1,,S,5,Normal,None,Humanoid,None,None,False,84,70,70,70,100,100,4.800000,3.700000,3.700000,0.000000,1.000000,0.480000,1.000000,1.000000,1.050000,10.000000,872.000000,1.000000,NotInterested,None,30,60,400,550,160,50,50,True,False,False,True,FieldBoss_Tier_5,False,False,False,100,1.000000,1,25,90,1.000000,False,False,9,False,True,100,50,2760,276000,False,90.000000,50.000000,"(X=0.000000,Y=0.000000,Z=-90.000000)",Handcraft,0,0,0,0,1,1,0,1,0,0,0,1,0,PAL_ALLAttack_down1,None,None,None,None
BOSS_PinkKangaroo,PAL_NAME_PinkKangaroo,BOSS_NAME_PinkKangaroo,None,None,True,PinkKangaroo,BOSS_PinkKangaroo,-1,,XL,7,Normal,None,Humanoid,None,None,False,120,100,100,100,100,100,3.000000,2.500000,2.500000,0.000000,1.000000,0.240000,1.000000,1.000000,0.700000,10.000000,7320.000000,1.000000,Boss,None,-1,-1,-1,-1,-1,-1,-1,True,False,False,True,FieldBoss_Tier_2,False,False,False,350,1.000000,5,25,90,1.000000,False,False,9,False,True,100,50,9999,999900,True,0.000000,0.000000,"(X=0.000000,Y=0.000000,Z=0.000000)",EmitFlame,0,0,0,0,0,0,0,0,0,0,0,0,0,None,None,None,None,None
BOSS_PinkLizard,PAL_NAME_PinkLizard,BOSS_NAME_PinkLizard,None,None,True,PinkLizard,BOSS_PinkLizard,-1,,L,8,Dark,None,Humanoid,None,None,False,144,70,70,70,140,100,1.800000,3.700000,3.700000,0.000000,1.000000,0.240000,1.000000,1.000000,0.700000,10.000000,2112.000000,1.000000,Boss,None,90,170,750,850,460,300,300,True,False,False,True,FieldBoss_Tier_4,False,False,False,280,1.000000,4,25,90,1.000000,False,True,9,False,True,100,30,2090,209000,False,180.000000,80.000000,"(X=0.000000,Y=0.000000,Z=-180.000000)",Handcraft,0,0,0,0,3,0,0,2,0,3,0,2,0,ElementResist_Normal_1_PAL,None,None,None,None
BOSS_PinkRabbit,PAL_NAME_PinkRabbit,BOSS_NAME_PinkRabbit,None,None,True,PinkRabbit,BOSS_PinkRabbit,-1,,S,5,Normal,None,Humanoid,None,None,False,90,100,65,70,100,100,4.500000,3.900000,3.700000,0.000000,1.000000,0.240000,1.000000,1.000000,0.700000,10.000000,842.000000,1.000000,NotInterested,None,50,100,245,350,172,73,105,True,False,False,True,FieldBoss_Tier_5,False,False,False,100,1.000000,1,25,90,1.000000,False,False,9,False,True,100,50,2860,286000,False,50.000000,25.000000,"(X=0.000000,Y=0.000000,Z=-50.000000)",Handcraft,0,0,0,0,1,1,0,0,0,0,0,1,0,None,None,None,None,None
BOSS_PlantSlime,PAL_NAME_PlantSlime,BOSS_NAME_PlantSlime,None,None,True,PlantSlime,BOSS_PlantSlime,-1,,XL,8,Leaf,Earth,Other,None,None,False,84,100,70,70,100,100,4.800000,3.700000,3.700000,0.000000,1.000000,0.480000,1.000000,1.000000,0.910000,10.000000,788.000000,1.000000,NotInterested,None,50,50,300,400,175,90,120,True,False,False,True,FieldBoss_Tier_5,False,False,False,100,1.000000,1,25,90,1.000000,False,False,9,False,True,100,50,2950,295000,False,170.000000,170.000000,"(X=0.000000,Y=0.000000,Z=-170.000000)",Seeding,0,0,1,0,0,0,0,0,0,0,0,0,0,None,None,None,None,BossDefeatReward_PlantSlime
BOSS_PlantSlime_Flower,PAL_NAME_PlantSlime,BOSS_NAME_PlantSlime,None,None,True,PlantSlime,BOSS_PlantSlime_Flower,-1,,XL,8,Leaf,Earth,Other,None,None,False,84,100,70,70,100,100,4.800000,3.700000,3.700000,0.000000,1.000000,0.480000,1.000000,1.000000,0.910000,10.000000,788.000000,1.000000,NotInterested,None,50,50,300,400,175,90,120,True,False,False,True,FieldBoss_Tier_5,False,False,False,100,1.000000,1,25,90,1.000000,False,False,9,False,True,100,50,2950,295000,False,50.000000,40.000000,"(X=0.000000,Y=0.000000,Z=-50.000000)",Seeding,0,0,1,0,0,0,0,0,0,0,0,0,0,None,None,None,None,None
BOSS_QueenBee,PAL_NAME_QueenBee,BOSS_NAME_QueenBee,None,None,True,QueenBee,BOSS_QueenBee,-1,,XL,8,Leaf,None,Humanoid,None,None,False,108,100,105,100,100,100,3.600000,2.300000,2.500000,0.000000,1.000000,0.240000,1.000000,1.000000,0.700000,10.000000,3538.000000,1.000000,Boss,None,150,250,450,550,350,450,450,True,False,False,True,FieldBoss_Tier_3,False,False,False,340,1.000000,5,25,90,1.000000,False,False,9,False,True,100,10,1790,179000,False,260.000000,160.000000,"(X=0.000000,Y=0.000000,Z=-260.000000)",Seeding,0,0,4,0,4,4,3,0,0,4,0,0,0,None,None,None,None,BossDefeatReward_QueenBee
BOSS_RaijinDaughter,PAL_NAME_RaijinDaughter,BOSS_NAME_RaijinDaughter,None,None,True,RaijinDaughter,BOSS_RaijinDaughter,-1,,L,5,Electricity,None,Humanoid,None,None,False,84,110,80,70,100,100,4.800000,3.300000,3.700000,0.000000,1.000000,0.240000,1.000000,1.000000,0.700000,10.000000,1232.000000,1.000000,NotInterested,None,120,200,400,550,300,400,400,True,False,False,True,FieldBoss_Tier_4,False,False,False,150,1.000000,2,25,90,1.000000,False,False,9,False,True,100,20,2400,240000,False,260.000000,100.000000,"(X=0.000000,Y=0.000000,Z=-260.000000)",GenerateElectricity,0,0,0,3,2,0,0,0,0,0,0,2,0,None,None,None,None,None
BOSS_RedArmorBird,PAL_NAME_RedArmorBird,BOSS_NAME_RedArmorBird,None,None,True,RedArmorBird,BOSS_RedArmorBird,-1,,XL,8,Fire,None,Bird,None,None,False,114,100,105,120,100,100,3.300000,2.300000,1.700000,0.000000,1.000000,0.240000,1.000000,1.000000,0.700000,10.000000,4526.000000,1.000000,Boss,None,100,200,800,1400,375,800,800,True,False,False,True,FieldBoss_Tier_3,False,False,False,480,1.000000,7,25,90,1.000000,False,False,0,True,True,150,50,1050,105000,False,260.000000,90.000000,"(X=0.000000,Y=0.000000,Z=-260.000000)",Transport,4,0,0,0,0,0,0,0,0,0,0,5,0,None,None,None,None,None
BOSS_RobinHood,PAL_NAME_RobinHood,BOSS_NAME_RobinHood,None,None,True,RobinHood,BOSS_RobinHood,-1,,L,8,Leaf,None,Humanoid,None,None,False,108,100,105,80,100,100,3.600000,2.300000,3.300000,0.000000,1.000000,0.240000,1.000000,1.000000,0.700000,10.000000,2670.000000,1.000000,Boss,None,100,100,600,750,400,180,225,True,False,False,True,FieldBoss_Tier_3,False,False,False,230,1.000000,3,25,90,1.000000,False,False,9,False,True,100,50,2260,226000,False,180.000000,80.000000,"(X=0.000000,Y=0.000000,Z=-180.000000)",Handcraft,0,0,2,0,3,3,2,0,0,1,0,2,0,None,None,None,None,None
BOSS_RobinHood_Ground,PAL_NAME_RobinHood_Ground,BOSS_NAME_RobinHood_Ground,None,None,True,RobinHood_Ground,BOSS_RobinHood_Ground,-1,,L,8,Leaf,Earth,Humanoid,None,None,False,108,100,105,80,100,100,3.600000,2.300000,3.300000,0.000000,1.000000,0.240000,1.000000,1.000000,0.700000,10.000000,2588.000000,1.000000,Boss,None,100,100,600,750,400,90,112,True,False,False,True,FieldBoss_Tier_3,False,False,False,230,1.000000,3,25,90,1.000000,False,False,9,False,True,100,50,2050,205000,False,180.000000,80.000000,"(X=0.000000,Y=0.000000,Z=-180.000000)",Handcraft,0,0,0,0,3,3,2,0,0,2,0,2,0,None,None,None,None,None
BOSS_Ronin,PAL_NAME_Ronin,BOSS_NAME_Ronin,None,None,True,Ronin,BOSS_Ronin,-1,,L,8,Fire,None,Humanoid,None,None,False,96,100,125,80,100,100,4.200000,1.500000,3.300000,0.000000,1.000000,0.240000,1.000000,1.000000,0.700000,10.000000,2884.000000,1.000000,Boss,None,80,160,600,900,320,50,50,True,False,False,True,FieldBoss_Tier_3,False,False,False,380,1.000000,5,25,90,1.000000,False,False,9,False,True,100,50,1560,156000,False,110.000000,40.000000,"(X=0.000000,Y=0.000000,Z=-110.000000)",Deforest,2,0,0,0,2,1,3,0,0,0,0,2,0,None,None,None,None,BossDefeatReward_Ronin
BOSS_Ronin_Dark,PAL_NAME_Ronin_Dark,BOSS_NAME_Ronin_Dark,None,None,True,Ronin_Dark,BOSS_Ronin_Dark,-1,,L,8,Fire,Dark,Humanoid,None,None,False,96,100,130,80,100,100,4.200000,1.300000,3.300000,0.000000,1.000000,0.240000,1.000000,1.000000,0.700000,10.000000,3714.000000,1.000000,Boss,None,80,160,600,900,320,50,50,True,False,False,True,FieldBoss_Tier_3,False,False,False,380,1.000000,5,25,90,1.000000,False,True,9,False,True,100,50,840,84000,False,110.000000,40.000000,"(X=0.000000,Y=0.000000,Z=-110.000000)",Deforest,2,0,0,0,2,1,5,0,0,0,0,2,0,None,None,None,None,None
BOSS_SaintCentaur,PAL_NAME_SaintCentaur,BOSS_NAME_SaintCentaur,None,None,True,SaintCentaur,BOSS_SaintCentaur,-1,,XL,8,Normal,None,FourLegged,None,None,False,156,110,120,145,100,100,1.200000,1.700000,1.000000,0.000000,1.855263,0.180000,1.000000,1.000000,0.700000,10.000000,8678.000000,1.000000,Boss,None,50,100,800,1900,450,240,540,True,False,False,True,Legend,False,False,False,600,1.000000,9,25,90,1.000000,False,False,9,False,True,400,50,180,18000,True,140.000000,60.000000,"(X=0.000000,Y=0.000000,Z=-140.000000)",Deforest,0,0,0,0,0,0,6,6,0,0,0,0,0,Legend,ElementBoost_Normal_2_PAL,None,None,BossDefeatReward_SaintCentaur
BOSS_SakuraSaurus,PAL_NAME_SakuraSaurus,BOSS_NAME_SakuraSaurus,None,None,True,SakuraSaurus,BOSS_SakuraSaurus,-1,,XL,8,Leaf,None,FourLegged,None,None,False,144,80,90,100,120,100,1.800000,2.900000,2.500000,0.000000,1.000000,0.240000,1.000000,1.000000,0.700000,10.000000,4028.000000,1.000000,NotInterested,None,50,75,550,1120,200,165,306,True,False,False,True,FieldBoss_Tier_3,False,False,False,410,1.000000,6,25,90,1.000000,False,False,9,False,True,150,50,1380,138000,False,300.000000,160.000000,"(X=0.000000,Y=0.000000,Z=-30.000000)",Seeding,0,0,5,0,0,0,0,0,0,0,0,0,0,Deffence_up2_2,None,None,None,BossDefeatReward_SakuraSaurus
BOSS_SakuraSaurus_Water,PAL_NAME_SakuraSaurus_Water,BOSS_NAME_SakuraSaurus_Water,None,None,True,SakuraSaurus_Water,BOSS_SakuraSaurus_Water,-1,,XL,8,Leaf,Water,FourLegged,None,None,False,144,80,95,100,120,100,1.800000,2.700000,2.500000,0.000000,1.000000,0.240000,1.000000,1.000000,0.700000,10.000000,4518.000000,1.000000,NotInterested,None,50,75,550,1120,200,550,1020,True,False,False,True,FieldBoss_Tier_3,False,False,False,410,1.000000,6,25,90,1.000000,False,False,9,False,True,150,50,1080,108000,False,300.000000,160.000000,"(X=0.000000,Y=0.000000,Z=-30.000000)",Watering,0,5,0,0,0,0,0,0,0,0,0,0,0,Deffence_up2_2,None,None,None,BossDefeatReward_SakuraSaurus_Water
BOSS_Serpent,PAL_NAME_Serpent,BOSS_NAME_Serpent,None,None,True,Serpent,BOSS_Serpent,-1,,L,5,Water,None,Fish,None,None,False,108,70,90,80,100,100,3.600000,2.900000,3.300000,0.000000,1.000000,0.240000,1.000000,1.000000,0.700000,10.000000,1936.000000,1.000000,NotInterested,None,100,200,500,900,350,900,1440,True,False,False,True,FieldBoss_Tier_4,False,False,False,210,1.000000,3,25,90,1.000000,False,False,9,True,True,100,50,2440,244000,False,130.000000,130.000000,"(X=0.000000,Y=0.000000,Z=-130.000000)",MonsterFarm,0,3,0,0,0,0,0,0,0,0,0,0,2,None,None,None,None,None
BOSS_Serpent_Ground,PAL_NAME_Serpent_Ground,BOSS_NAME_Serpent_Ground,None,None,True,Serpent_Ground,BOSS_Serpent_Ground,-1,,L,8,Earth,None,Fish,None,None,False,108,70,90,100,100,100,3.600000,2.900000,2.500000,0.000000,1.000000,0.240000,1.000000,1.000000,0.700000,10.000000,2410.000000,1.000000,NotInterested,None,100,200,500,900,350,500,500,True,False,False,True,FieldBoss_Tier_4,False,False,False,210,1.000000,3,25,90,1.000000,False,False,9,True,True,100,50,1840,184000,False,130.000000,130.000000,"(X=0.000000,Y=0.000000,Z=-130.000000)",Collection,0,0,0,0,0,3,0,0,0,0,0,0,0,None,None,None,None,None
BOSS_SharkKid,PAL_NAME_SharkKid,BOSS_NAME_SharkKid,None,None,True,SharkKid,BOSS_SharkKid,-1,,M,5,Water,None,Humanoid,None,None,False,108,90,90,75,100,100,3.600000,2.900000,3.500000,0.000000,1.000000,0.240000,1.000000,1.000000,0.700000,10.000000,1700.000000,1.000000,Boss,None,50,80,400,500,120,720,900,True,False,False,True,FieldBoss_Tier_5,False,False,False,150,1.000000,2,25,90,1.000000,False,False,9,True,True,100,50,2550,255000,False,120.000000,90.000000,"(X=10.000000,Y=0.000000,Z=-120.000000)",Watering,0,2,0,0,2,0,0,0,0,0,0,1,0,None,None,None,None,None
BOSS_SharkKid_Fire,PAL_NAME_SharkKid_Fire,BOSS_NAME_SharkKid_Fire,None,None,True,SharkKid_Fire,BOSS_SharkKid_Fire,-1,,M,5,Fire,None,Humanoid,None,None,False,108,90,90,75,100,100,3.600000,2.900000,3.500000,0.000000,1.000000,0.240000,1.000000,1.000000,0.700000,10.000000,1700.000000,1.000000,Boss,None,50,80,400,500,120,400,500,True,False,False,True,FieldBoss_Tier_5,False,False,False,150,1.000000,2,25,90,1.000000,False,False,9,True,True,100,50,2430,243000,False,120.000000,90.000000,"(X=10.000000,Y=0.000000,Z=-120.000000)",EmitFlame,2,0,0,0,2,0,0,0,0,0,0,1,0,None,None,None,None,None
BOSS_SheepBall,PAL_NAME_SheepBall,BOSS_NAME_SheepBall,None,None,True,SheepBall,BOSS_SheepBall,-1,,M,5,Normal,None,Humanoid,None,None,False,84,70,70,70,100,100,4.800000,3.700000,3.700000,0.000000,1.000000,0.480000,1.000000,1.000000,1.050000,10.000000,842.000000,1.000000,NotInterested,None,23,40,400,550,160,120,165,True,False,False,True,FieldBoss_Tier_5,False,False,False,100,1.000000,1,25,90,1.000000,False,False,9,False,True,100,50,3050,305000,False,110.000000,100.000000,"(X=0.000000,Y=-0.000000,Z=-100.000000)",MonsterFarm,0,0,0,0,1,0,0,0,0,0,0,1,1,None,None,None,None,None
BOSS_SkyDragon,PAL_NAME_SkyDragon,BOSS_NAME_SkyDragon,None,None,True,SkyDragon,BOSS_SkyDragon,-1,,XL,8,Dragon,None,Dragon,None,None,False,126,100,100,100,100,100,2.700000,2.500000,2.500000,0.000000,1.000000,0.240000,1.000000,1.000000,0.700000,10.000000,4162.000000,1.000000,Boss,None,120,240,800,1050,470,240,285,True,False,False,True,FieldBoss_Tier_3,False,False,False,450,1.000000,6,25,90,1.000000,False,False,9,False,True,220,50,1210,121000,False,180.000000,120.000000,"(X=0.000000,Y=0.000000,Z=-180.000000)",Transport,0,0,0,0,2,3,0,4,0,0,0,5,0,None,None,None,None,BossDefeatReward_SkyDragon
BOSS_SkyDragon_Grass,PAL_NAME_SkyDragon_Grass,BOSS_NAME_SkyDragon_Grass,None,None,True,SkyDragon_Grass,BOSS_SkyDragon_Grass,-1,,XL,8,Dragon,Leaf,Dragon,None,None,False,126,100,105,100,100,100,2.700000,2.300000,2.500000,0.000000,1.000000,0.240000,1.000000,1.000000,0.700000,10.000000,4470.000000,1.000000,Boss,None,120,240,800,1050,470,240,285,True,False,False,True,FieldBoss_Tier_3,False,False,False,450,1.000000,6,25,90,1.000000,False,False,9,False,True,220,50,1300,130000,False,239.190002,180.000000,"(X=-0.000000,Y=0.000000,Z=-239.186000)",Seeding,0,0,5,0,2,4,0,3,0,0,0,4,0,None,None,None,None,None
BOSS_SoldierBee,PAL_NAME_SoldierBee,BOSS_NAME_SoldierBee,None,None,True,SoldierBee,BOSS_SoldierBee,-1,,L,7,Leaf,None,Humanoid,None,None,False,96,100,90,90,100,100,4.200000,2.900000,2.900000,0.000000,1.000000,0.240000,1.000000,1.000000,0.700000,10.000000,2332.000000,1.000000,Boss,None,125,250,450,550,350,450,450,True,False,False,True,FieldBoss_Tier_4,False,False,False,230,1.000000,3,25,90,1.000000,False,False,9,False,True,100,10,2350,235000,False,180.000000,80.000000,"(X=0.000000,Y=0.000000,Z=-180.000000)",MonsterFarm,0,0,2,0,2,3,2,0,0,2,0,2,3,None,None,None,None,None
BOSS_Suzaku,PAL_NAME_Suzaku,BOSS_NAME_Suzaku,None,None,True,Suzaku,BOSS_Suzaku,-1,,XL,8,Fire,None,Bird,None,None,False,144,100,105,105,100,100,1.800000,2.300000,2.300000,0.000000,1.000000,0.240000,1.000000,1.000000,0.700000,10.000000,4818.000000,1.000000,Boss,None,100,200,850,1200,450,850,850,True,False,False,True,FieldBoss_Tier_2,False,False,False,460,1.000000,7,25,90,1.000000,False,False,9,False,True,350,50,1200,120000,False,400.000000,240.000000,"(X=0.000000,Y=0.000000,Z=-30.000000)",EmitFlame,5,0,0,0,0,0,0,0,0,0,0,0,0,None,None,None,None,BossDefeatReward_Suzaku
BOSS_Suzaku_Water,PAL_NAME_Suzaku_Water,BOSS_NAME_Suzaku_Water,None,None,True,Suzaku_Water,BOSS_Suzaku_Water,-1,,XL,8,Water,None,Bird,None,None,False,150,100,105,105,100,100,1.500000,2.300000,2.300000,0.000000,1.000000,0.240000,1.000000,1.000000,0.700000,10.000000,5464.000000,1.000000,Boss,None,100,200,850,1200,450,850,850,True,False,False,True,FieldBoss_Tier_2,False,False,False,460,1.000000,7,25,90,1.000000,False,False,9,False,True,350,50,740,74000,False,400.000000,250.000000,"(X=0.000000,Y=0.000000,Z=-30.000000)",Watering,0,6,0,0,0,0,0,0,0,0,0,0,0,None,None,None,None,None
BOSS_SweetsSheep,PAL_NAME_SweetsSheep,BOSS_NAME_SweetsSheep,None,None,True,SweetsSheep,BOSS_SweetsSheep,-1,,M,5,Normal,None,FourLegged,None,None,False,84,70,70,90,100,100,4.800000,3.700000,2.900000,0.000000,1.000000,0.240000,1.000000,1.000000,0.700000,10.000000,1004.000000,1.000000,NotInterested,None,50,100,300,400,200,300,400,True,False,False,True,FieldBoss_Tier_4,False,False,False,100,1.000000,1,25,90,1.000000,False,False,9,False,True,100,50,2820,282000,False,130.000000,110.000000,"(X=0.000000,Y=0.000000,Z=-130.000000)",MonsterFarm,0,0,0,0,0,0,0,0,0,0,0,0,1,None,None,None,None,None
BOSS_SweetsSheep_Ground,PAL_NAME_SweetsSheep_Ground,BOSS_NAME_SweetsSheep_Ground,None,None,True,SweetsSheep_Ground,BOSS_SweetsSheep_Ground,-1,,M,7,Earth,None,FourLegged,None,None,False,84,70,70,95,100,100,4.800000,3.700000,2.700000,0.000000,1.000000,0.240000,1.000000,1.000000,0.700000,10.000000,1672.000000,1.000000,NotInterested,None,50,100,300,400,200,300,400,True,False,False,True,FieldBoss_Tier_2,False,False,False,100,1.000000,1,25,90,1.000000,False,False,9,False,True,100,50,2030,203000,False,130.000000,110.000000,"(X=0.000000,Y=0.000000,Z=-130.000000)",MonsterFarm,0,0,0,0,0,0,0,0,0,0,0,0,1,None,None,None,None,None
BOSS_TentacleTurtle,PAL_NAME_TentacleTurtle,BOSS_NAME_TentacleTurtle,None,None,True,TentacleTurtle,BOSS_TentacleTurtle,-1,,M,5,Water,None,Other,None,None,False,90,100,75,115,100,100,4.500000,3.500000,1.900000,0.000000,1.000000,0.240000,1.000000,1.000000,0.700000,10.000000,1322.000000,1.000000,Boss,None,100,150,320,500,190,320,320,True,False,False,True,FieldBoss_Tier_4,False,False,False,280,1.000000,3,25,90,1.000000,False,False,9,False,True,100,50,2410,241000,False,111.099998,34.000000,"(X=0.000000,Y=0.000000,Z=-111.096000)",Watering,0,2,0,0,0,0,0,1,0,0,0,1,0,None,None,None,None,None
BOSS_ThunderBird,PAL_NAME_ThunderBird,BOSS_NAME_ThunderBird,None,None,True,ThunderBird,BOSS_ThunderBird,-1,,L,8,Electricity,None,Bird,None,None,False,126,100,115,80,100,100,2.700000,1.900000,3.300000,0.000000,1.000000,0.240000,1.000000,1.000000,0.700000,10.000000,3868.000000,1.000000,Boss,None,100,200,750,1300,375,750,750,True,False,False,True,FieldBoss_Tier_3,False,False,False,340,1.000000,5,25,90,1.000000,False,False,9,True,True,160,50,1690,169000,False,200.000000,80.000000,"(X=0.000000,Y=0.000000,Z=-200.000000)",Transport,0,0,0,4,0,2,0,0,0,0,0,5,0,None,None,None,None,BossDefeatReward_ThunderBird
BOSS_ThunderBird_Ice,PAL_NAME_ThunderBird_Ice,BOSS_NAME_ThunderBird_Ice,None,None,True,ThunderBird_Ice,BOSS_ThunderBird_Ice,-1,,L,8,Ice,None,Bird,None,None,False,126,100,115,85,100,100,2.700000,1.900000,3.100000,0.000000,1.000000,0.240000,1.000000,1.000000,0.700000,10.000000,4454.000000,1.000000,Boss,None,100,200,750,1300,375,750,750,True,False,False,True,FieldBoss_Tier_3,False,False,False,340,1.000000,5,25,90,1.000000,False,False,9,True,True,160,50,580,58000,False,200.000000,80.000000,"(X=0.000000,Y=0.000000,Z=-200.000000)",Cool,0,0,0,0,0,2,0,0,0,0,5,5,0,None,None,None,None,BossDefeatReward_ThunderBird
BOSS_ThunderDog,PAL_NAME_ThunderDog,BOSS_NAME_ThunderDog,None,None,True,ThunderDog,BOSS_ThunderDog,-1,,L,8,Electricity,None,FourLegged,None,None,False,108,100,100,80,100,100,3.600000,2.500000,3.300000,0.000000,1.000000,0.240000,1.000000,1.000000,0.700000,10.000000,2410.000000,1.000000,Boss,None,110,210,700,1250,455,210,345,True,False,False,True,FieldBoss_Tier_4,False,False,False,280,1.000000,4,25,90,1.000000,False,False,9,True,True,100,50,1920,192000,False,130.000000,60.000000,"(X=0.000000,Y=0.000000,Z=-130.000000)",GenerateElectricity,0,0,0,4,0,0,0,0,0,0,0,0,0,None,None,None,None,None
BOSS_ThunderDog_Ice,PAL_NAME_ThunderDog_Ice,BOSS_NAME_ThunderDog_Ice,None,None,True,ThunderDog_Ice,BOSS_ThunderDog_Ice,-1,,L,8,Ice,None,FourLegged,None,None,False,108,100,105,80,100,100,3.600000,2.300000,3.300000,0.000000,1.000000,0.240000,1.000000,1.000000,0.700000,10.000000,2276.000000,1.000000,Boss,None,110,210,700,1250,455,210,345,True,False,False,True,FieldBoss_Tier_2,False,False,False,280,1.000000,4,25,90,1.000000,False,False,9,True,True,100,50,1600,160000,False,130.000000,60.000000,"(X=0.000000,Y=0.000000,Z=-130.000000)",Cool,0,0,0,0,0,0,0,0,0,0,3,0,0,None,None,None,None,None
BOSS_ThunderDragonMan,PAL_NAME_ThunderDragonMan,BOSS_NAME_ThunderDragonMan,None,None,True,ThunderDragonMan,BOSS_ThunderDragonMan,-1,,L,8,Dragon,Electricity,Humanoid,None,None,False,144,100,130,115,100,100,1.800000,1.300000,1.900000,0.000000,1.000000,0.240000,1.000000,1.000000,0.700000,10.000000,8272.000000,1.000000,Boss,None,100,185,900,1200,250,1620,2160,True,False,False,True,FieldBoss_Tier_1,False,False,False,620,1.000000,9,25,90,1.000000,False,False,9,True,True,100,50,120,12000,True,110.000000,50.000000,"(X=0.000000,Y=0.000000,Z=-110.000000)",GenerateElectricity,0,0,0,8,3,0,0,0,0,0,0,4,0,ElementBoost_Thunder_2_PAL,None,None,None,None
BOSS_Umihebi,PAL_NAME_Umihebi,BOSS_NAME_Umihebi,None,None,True,Umihebi,BOSS_Umihebi,-1,,XL,8,Dragon,Water,Fish,None,None,False,156,150,120,100,100,100,1.200000,1.700000,2.500000,0.000000,1.000000,0.240000,1.000000,1.000000,0.700000,10.000000,7446.000000,1.000000,Boss,None,100,175,600,1100,350,1080,1800,True,False,False,True,FieldBoss_Tier_1,False,False,False,550,1.000000,8,25,90,1.000000,False,False,9,True,True,150,50,590,59000,False,540.000000,100.000000,"(X=-20.000000,Y=0.000000,Z=-30.000000)",Watering,0,7,0,0,0,0,0,0,0,0,0,0,0,ElementBoost_Aqua_2_PAL,None,None,None,BossDefeatReward_Umihebi
BOSS_Umihebi_Fire,PAL_NAME_Umihebi_Fire,BOSS_NAME_Umihebi_Fire,None,None,True,Umihebi_Fire,BOSS_Umihebi_Fire,-1,,XL,8,Dragon,Fire,Fish,None,None,False,156,150,130,100,100,100,1.200000,1.300000,2.500000,0.000000,1.000000,0.240000,1.000000,1.000000,0.700000,10.000000,7154.000000,1.000000,Boss,None,100,175,600,1100,350,600,1000,True,False,False,True,FieldBoss_Tier_1,False,False,False,550,1.000000,8,25,90,1.000000,False,False,9,True,True,150,50,170,17000,False,540.000000,100.000000,"(X=-20.000000,Y=0.000000,Z=-30.000000)",EmitFlame,7,0,0,0,0,0,0,0,0,0,0,0,0,None,None,None,None,None
BOSS_VioletFairy,PAL_NAME_VioletFairy,BOSS_NAME_VioletFairy,None,None,True,VioletFairy,BOSS_VioletFairy,-1,,M,8,Leaf,None,Humanoid,None,None,False,120,100,100,120,100,100,3.000000,2.500000,1.700000,0.000000,1.000000,0.240000,1.000000,1.000000,0.700000,10.000000,4190.000000,1.000000,NotInterested,None,100,150,400,550,275,400,400,True,False,False,True,FieldBoss_Tier_2,False,False,False,380,1.000000,5,25,90,1.000000,False,False,9,False,True,100,50,1480,148000,False,220.000000,100.000000,"(X=0.000000,Y=0.000000,Z=-220.000000)",MonsterFarm,0,0,3,0,3,3,0,0,0,3,0,2,2,None,None,None,None,BossDefeatReward_VioletFairy
BOSS_VolcanicMonster,PAL_NAME_VolcanicMonster,BOSS_NAME_VolcanicMonster,None,None,True,VolcanicMonster,BOSS_VolcanicMonster,-1,,XL,8,Fire,Earth,FourLegged,None,None,False,132,100,105,120,100,100,2.400000,2.300000,1.700000,0.000000,1.000000,0.240000,1.000000,1.000000,0.700000,10.000000,5152.000000,1.000000,Boss,None,50,80,550,1100,235,165,300,True,False,False,True,FieldBoss_Tier_2,False,False,False,490,1.000000,7,25,90,1.000000,False,False,9,True,True,220,50,1060,106000,False,300.000000,250.000000,"(X=0.000000,Y=0.000000,Z=-300.000000)",EmitFlame,5,0,0,0,0,0,0,5,0,0,0,0,0,Deffence_up2_2,None,None,None,BossDefeatReward_VolcanicMonster
BOSS_VolcanicMonster_Ice,PAL_NAME_VolcanicMonster_Ice,BOSS_NAME_VolcanicMonster_Ice,None,None,True,VolcanicMonster_Ice,BOSS_VolcanicMonster_Ice,-1,,XL,8,Ice,Earth,FourLegged,None,None,False,132,100,105,130,100,100,2.400000,2.300000,1.300000,0.000000,1.000000,0.240000,1.000000,1.000000,0.700000,10.000000,5594.000000,1.000000,Boss,None,50,80,550,1100,235,165,300,True,False,False,True,FieldBoss_Tier_2,False,False,False,490,1.000000,7,25,90,1.000000,False,False,9,True,True,220,50,600,60000,False,300.000000,250.000000,"(X=0.000000,Y=0.000000,Z=-300.000000)",Mining,0,0,0,0,0,0,0,5,0,0,5,0,0,Deffence_up2_2,None,None,None,None
BOSS_WaterLizard,PAL_NAME_WaterLizard,BOSS_NAME_WaterLizard,None,None,True,WaterLizard,BOSS_WaterLizard,-1,,XL,7,Fire,None,Humanoid,None,None,False,108,120,90,90,80,100,3.600000,2.900000,2.900000,0.000000,1.000000,0.240000,1.000000,1.000000,0.700000,10.000000,8080.000000,1.000000,Boss,None,-1,-1,-1,-1,-1,-1,-1,True,False,False,True,FieldBoss_Tier_4,False,False,False,350,1.000000,5,25,90,1.000000,False,False,9,False,True,100,50,9999,999900,True,0.000000,0.000000,"(X=0.000000,Y=0.000000,Z=0.000000)",EmitFlame,0,0,0,0,0,0,0,0,0,0,0,0,0,None,None,None,None,None
BOSS_WeaselDragon,PAL_NAME_WeaselDragon,BOSS_NAME_WeaselDragon,None,None,True,WeaselDragon,BOSS_WeaselDragon,-1,,L,7,Ice,Dragon,FourLegged,None,None,False,108,100,80,80,100,100,3.600000,3.300000,3.300000,0.000000,1.000000,0.480000,1.000000,1.000000,0.700000,10.000000,2540.000000,1.000000,NotInterested,None,100,180,750,1150,390,1350,1890,True,False,False,True,FieldBoss_Tier_4,False,False,False,230,1.000000,3,25,90,1.000000,False,False,9,False,True,100,50,2330,233000,False,110.000000,50.000000,"(X=0.000000,Y=0.000000,Z=-110.000000)",Cool,0,0,0,0,0,1,0,0,0,0,2,0,0,None,None,None,None,BossDefeatReward_WeaselDragon
BOSS_WeaselDragon_Fire,PAL_NAME_WeaselDragon_Fire,BOSS_NAME_WeaselDragon_Fire,None,None,True,WeaselDragon_Fire,BOSS_WeaselDragon_Fire,-1,,L,8,Fire,Dragon,FourLegged,None,None,False,108,100,85,80,100,100,3.600000,3.100000,3.300000,0.000000,1.000000,0.480000,1.000000,1.000000,0.700000,10.000000,3340.000000,1.000000,NotInterested,None,100,180,750,1150,390,750,1050,True,False,False,True,FieldBoss_Tier_4,False,False,False,230,1.000000,3,25,90,1.000000,False,False,9,False,True,100,50,1950,195000,False,110.000000,50.000000,"(X=0.000000,Y=0.000000,Z=-110.000000)",EmitFlame,4,0,0,0,0,3,0,0,0,0,0,0,0,None,None,None,None,None
BOSS_Werewolf,PAL_NAME_Werewolf,BOSS_NAME_Werewolf,None,None,True,Werewolf,BOSS_Werewolf,-1,,M,7,Dark,None,Humanoid,None,None,False,96,130,100,80,100,100,4.200000,2.500000,3.300000,0.000000,1.000000,0.240000,1.000000,1.000000,0.700000,10.000000,1684.000000,1.000000,Boss,None,100,175,600,800,375,75,75,True,False,False,True,FieldBoss_Tier_4,False,False,False,210,1.000000,3,25,90,1.000000,False,True,9,True,True,100,50,2110,211000,False,200.000000,50.000000,"(X=0.000000,Y=0.000000,Z=-200.000000)",Handcraft,0,0,0,0,2,0,0,0,0,0,0,0,0,None,None,None,None,None
BOSS_WhiteMoth,PAL_NAME_WhiteMoth,BOSS_NAME_WhiteMoth,None,None,True,WhiteMoth,BOSS_WhiteMoth,-1,,L,8,Ice,None,Humanoid,None,None,False,132,90,90,100,90,100,2.400000,2.900000,2.500000,0.000000,1.000000,0.240000,1.000000,1.000000,0.700000,10.000000,3178.000000,1.000000,Boss,None,50,100,400,550,250,400,400,True,False,False,True,FieldBoss_Tier_3,False,False,False,350,1.000000,5,25,90,1.000000,False,False,9,False,True,100,50,1810,181000,False,240.000000,200.000000,"(X=0.000000,Y=0.000000,Z=-240.000000)",MonsterFarm,0,0,0,0,0,0,0,0,0,3,3,0,3,None,None,None,None,BossDefeatReward_WhiteMoth
BOSS_WhiteMoth_Neutral,PAL_NAME_WhiteMoth_Neutral,BOSS_NAME_WhiteMoth_Neutral,None,None,True,WhiteMoth_Neutral,BOSS_WhiteMoth_Neutral,-1,,L,8,Normal,None,Humanoid,None,None,False,138,90,90,100,90,100,2.100000,2.900000,2.500000,0.000000,1.000000,0.240000,1.000000,1.000000,0.700000,10.000000,4188.000000,1.000000,Boss,None,50,100,400,550,250,400,400,True,False,False,True,FieldBoss_Tier_3,False,False,False,350,1.000000,5,25,90,1.000000,False,False,9,False,True,100,50,650,65000,False,240.000000,200.000000,"(X=0.000000,Y=0.000000,Z=-240.000000)",MonsterFarm,0,0,0,0,0,0,0,0,0,3,0,0,4,None,None,None,None,BossDefeatReward_WhiteMoth
BOSS_WhiteTiger,PAL_NAME_WhiteTiger,BOSS_NAME_WhiteTiger,None,None,True,WhiteTiger,BOSS_WhiteTiger,-1,,XL,8,Ice,None,Humanoid,None,None,False,120,140,100,110,100,100,3.000000,2.500000,2.100000,0.000000,1.000000,0.240000,1.000000,1.000000,0.700000,10.000000,3974.000000,1.000000,Boss,None,100,280,720,900,460,100,100,True,False,False,True,FieldBoss_Tier_2,False,False,False,480,1.000000,7,25,90,1.000000,False,False,9,True,True,100,50,1040,104000,False,240.000000,240.000000,"(X=0.000000,Y=0.000000,Z=-240.000000)",Deforest,0,0,0,0,3,0,4,0,0,0,4,4,0,None,None,None,None,None
BOSS_WindChimes,PAL_NAME_Windchimes,BOSS_NAME_WindChimes,None,None,True,WindChimes,BOSS_WindChimes,-1,,M,5,Earth,None,Other,None,None,False,96,70,70,70,100,100,4.200000,3.700000,3.700000,0.000000,1.000000,0.240000,1.000000,1.000000,0.700000,10.000000,1082.000000,1.000000,NotInterested,None,50,100,400,550,250,400,400,True,False,False,True,FieldBoss_Tier_5,False,False,False,100,1.000000,1,25,90,1.000000,False,False,9,False,True,100,50,2780,278000,False,160.000000,120.000000,"(X=0.000000,Y=0.000000,Z=-160.000000)",Transport,0,0,0,0,1,1,0,0,0,0,0,2,0,None,None,None,None,None
BOSS_WindChimes_Ice,PAL_NAME_Windchimes_Ice,BOSS_NAME_WindChimes_Ice,None,None,True,WindChimes_Ice,BOSS_WindChimes_Ice,-1,,M,7,Ice,None,Other,None,None,False,96,70,80,70,100,100,4.200000,3.300000,3.700000,0.000000,1.000000,0.240000,1.000000,1.000000,0.700000,10.000000,1456.000000,1.000000,NotInterested,None,50,100,400,550,250,400,400,True,False,False,True,FieldBoss_Tier_5,False,False,False,100,1.000000,1,25,90,1.000000,False,False,9,False,True,100,50,2510,251000,False,90.000000,60.000000,"(X=0.000000,Y=0.000000,Z=-90.000000)",Handcraft,0,0,0,0,3,2,0,0,0,0,2,3,0,None,None,None,None,None
BOSS_WizardOwl,PAL_NAME_WizardOwl,BOSS_NAME_WizardOwl,None,None,True,WizardOwl,BOSS_WizardOwl,-1,,M,5,Dark,None,Bird,None,None,False,84,70,70,80,100,100,4.800000,3.700000,3.300000,0.000000,1.000000,0.480000,1.000000,1.000000,0.700000,10.000000,886.000000,1.000000,NotInterested,None,26,70,380,550,225,100,100,True,False,False,True,FieldBoss_Tier_5,False,False,False,100,1.000000,1,25,90,1.000000,False,True,9,False,True,100,50,2940,294000,False,120.000000,120.000000,"(X=10.000000,Y=0.000000,Z=-120.000000)",Collection,0,0,0,0,0,1,0,0,0,0,0,0,0,None,None,None,None,None
Boss_WoolFox,PAL_NAME_WoolFox,BOSS_NAME_WoolFox,None,None,True,WoolFox,Boss_WoolFox,-1,,M,5,Normal,None,FourLegged,None,None,False,84,100,70,75,100,100,4.800000,3.700000,3.500000,0.000000,1.000000,0.480000,1.000000,1.000000,0.910000,10.000000,978.000000,1.000000,NotInterested,None,20,40,300,450,170,90,135,True,False,False,True,FieldBoss_Tier_5,False,False,False,100,1.000000,1,25,90,1.000000,False,False,9,False,True,100,50,2890,289000,False,60.000000,35.000000,"(X=0.000000,Y=-0.000000,Z=-61.348000)",MonsterFarm,0,0,0,0,0,1,0,0,0,0,0,0,2,None,None,None,None,None
BOSS_Yeti,PAL_NAME_Yeti,BOSS_NAME_Yeti,None,None,True,Yeti,BOSS_Yeti,-1,,XL,8,Ice,None,Humanoid,None,None,False,168,100,80,100,100,100,0.600000,3.300000,2.500000,0.000000,1.000000,0.240000,1.000000,1.000000,0.700000,10.000000,5182.000000,1.000000,Boss,None,70,100,600,1150,150,180,315,True,False,False,True,FieldBoss_Tier_3,False,False,False,460,1.000000,7,25,90,1.000000,False,False,9,True,True,240,50,830,83000,False,300.000000,250.000000,"(X=0.000000,Y=0.000000,Z=-30.000000)",Transport,0,0,0,0,3,0,5,0,0,0,5,6,0,Deffence_up2_2,None,None,None,None
BOSS_Yeti_Grass,PAL_NAME_Yeti_Grass,BOSS_NAME_Yeti_Grass,None,None,True,Yeti_Grass,BOSS_Yeti_Grass,-1,,XL,8,Leaf,None,Humanoid,None,None,False,168,100,80,110,100,100,0.600000,3.300000,2.100000,0.000000,1.000000,0.240000,1.000000,1.000000,0.700000,10.000000,5486.000000,1.000000,Boss,None,70,100,600,1150,150,180,315,True,False,False,True,FieldBoss_Tier_3,False,False,False,460,1.000000,7,25,90,1.000000,False,False,9,True,True,240,50,610,61000,False,320.000000,250.000000,"(X=0.000000,Y=0.000000,Z=-30.000000)",Transport,0,0,3,0,3,0,5,0,0,0,0,6,0,Deffence_up2_2,None,None,None,BossDefeatReward_Yeti_Grass
BOSS_NightLady,PAL_NAME_NightLady,BOSS_NAME_NightLady,None,None,True,NightLady,BOSS_NightLady,-1,,L,8,Dark,None,Humanoid,None,None,False,144,100,150,100,100,100,1.800000,1.000000,2.500000,0.000000,1.000000,0.240000,1.000000,1.000000,0.700000,10.000000,7334.000000,1.000000,Boss,None,100,150,600,800,400,600,600,True,False,False,True,FieldBoss_Tier_1,False,False,False,530,1.000000,7,25,90,1.000000,False,True,9,False,True,100,10,620,62000,True,100.000000,50.000000,"(X=0.000000,Y=0.000000,Z=-100.000000)",Handcraft,0,0,0,0,5,0,0,0,0,5,0,4,0,None,None,None,None,None
BOSS_NightLady_Dark,PAL_NAME_NightLady_Dark,BOSS_NAME_NightLady_Dark,None,None,True,NightLady_Dark,BOSS_NightLady_Dark,-1,,L,8,Dark,None,Humanoid,None,None,False,144,100,150,100,100,100,1.800000,1.000000,2.500000,0.000000,1.000000,0.240000,1.000000,1.000000,0.700000,10.000000,7994.000000,1.000000,Boss,None,100,150,600,800,400,600,600,True,False,False,True,FieldBoss_Tier_1,False,False,False,530,1.000000,7,25,90,1.000000,False,True,9,False,True,100,10,130,13000,True,100.000000,50.000000,"(X=0.000000,Y=0.000000,Z=-100.000000)",ProductMedicine,0,0,0,0,6,0,0,0,0,7,0,4,0,Witch,None,None,None,None
BOSS_MoonQueen,PAL_NAME_MoonQueen,BOSS_NAME_MoonQueen,None,None,True,MoonQueen,BOSS_MoonQueen,-1,,L,8,Dark,Normal,Humanoid,None,None,False,156,100,115,110,100,100,1.200000,1.900000,2.100000,0.000000,1.000000,0.240000,1.000000,1.000000,0.700000,10.000000,8190.000000,1.000000,Boss,None,60,150,1000,1700,275,1000,1000,True,False,False,True,FieldBoss_Tier_1,False,False,False,680,1.000000,9,25,90,1.000000,False,True,9,False,True,300,20,360,36000,True,179.110001,34.000000,"(X=0.000000,Y=0.000000,Z=-171.000000)",Handcraft,0,0,0,0,7,0,0,0,0,6,0,3,0,None,None,None,None,None
BOSS_KendoFrog,PAL_NAME_KendoFrog,BOSS_NAME_KendoFrog,None,None,True,KendoFrog,BOSS_KendoFrog,-1,,S,5,Water,None,Humanoid,None,None,False,96,100,100,85,100,100,4.200000,2.500000,3.100000,0.000000,1.000000,0.240000,1.000000,1.000000,0.700000,10.000000,1168.000000,1.000000,Boss,None,33,66,300,450,300,540,810,True,False,False,True,FieldBoss_Tier_4,False,False,False,150,1.000000,2,25,90,1.000000,False,False,9,False,True,100,50,2600,260000,False,74.269997,62.889999,"(X=0.000000,Y=0.000000,Z=-73.000000)",Watering,0,1,0,0,1,1,0,0,0,0,0,1,0,None,None,None,None,None
BOSS_LeafPrincess,PAL_NAME_LeafPrincess,BOSS_NAME_LeafPrincess,None,None,True,LeafPrincess,BOSS_LeafPrincess,-1,,M,5,Leaf,None,Humanoid,None,None,False,108,100,90,80,100,100,3.600000,2.900000,3.300000,0.000000,1.000000,0.240000,1.000000,1.000000,0.700000,10.000000,2522.000000,1.000000,Boss,None,50,100,400,800,250,400,400,True,False,False,True,FieldBoss_Tier_5,False,False,False,300,1.000000,4,25,90,1.000000,False,False,9,False,True,100,30,1990,199000,False,120.720001,37.500000,"(X=0.000000,Y=0.000000,Z=-117.000000)",Seeding,0,0,3,0,3,2,0,0,0,3,0,0,0,None,None,None,None,None
BOSS_MushroomDragon,PAL_NAME_MushroomDragon,BOSS_NAME_MushroomDragon,None,None,True,MushroomDragon,BOSS_MushroomDragon,-1,,M,5,Leaf,None,Humanoid,None,None,False,132,100,80,90,100,100,2.400000,3.300000,2.900000,0.000000,1.000000,0.240000,1.000000,1.000000,0.700000,10.000000,2734.000000,1.000000,Boss,None,50,80,740,1150,-1,222,315,True,False,False,True,FieldBoss_Tier_5,False,False,False,450,1.000000,5,25,90,1.000000,False,False,9,False,True,220,55,1520,152000,False,115.000000,43.500000,"(X=0.000000,Y=0.000000,Z=-115.000000)",MonsterFarm,0,0,3,0,2,3,2,0,0,0,0,0,3,None,None,None,None,None
BOSS_MushroomDragon_Dark,PAL_NAME_MushroomDragon_Dark,BOSS_NAME_MushroomDragon_Dark,None,None,True,MushroomDragon_Dark,BOSS_MushroomDragon_Dark,-1,,M,8,Leaf,Dark,Humanoid,None,None,False,132,100,85,90,100,100,2.400000,3.100000,2.900000,0.000000,1.000000,0.240000,1.000000,1.000000,0.700000,10.000000,2798.000000,1.000000,Boss,None,50,80,740,1150,-1,222,315,True,False,False,True,FieldBoss_Tier_5,False,False,False,450,1.000000,5,25,90,1.000000,False,True,9,False,True,220,50,1450,145000,False,161.000000,60.900002,"(X=-0.000000,Y=0.000000,Z=-157.133000)",Seeding,0,0,3,0,3,3,2,0,0,0,0,0,0,None,None,None,None,None
BOSS_SmallArmadillo,PAL_NAME_SmallArmadillo,BOSS_NAME_SmallArmadillo,None,None,True,SmallArmadillo,BOSS_SmallArmadillo,-1,,S,5,Earth,None,FourLegged,None,None,False,90,100,70,90,100,100,4.500000,3.700000,2.900000,0.000000,1.000000,0.240000,1.000000,1.000000,0.700000,10.000000,2304.000000,1.000000,Boss,None,50,100,800,900,300,100,100,True,False,False,True,FieldBoss_Tier_5,False,False,False,340,1.000000,3,25,90,1.000000,False,False,9,False,True,100,50,2310,231000,False,51.840000,51.840000,"(X=0.000000,Y=0.000000,Z=-48.000000)",Mining,0,0,0,0,0,0,0,1,0,0,0,0,0,None,None,None,None,None
BOSS_FeatherOstrich,PAL_NAME_FeatherOstrich,BOSS_NAME_FeatherOstrich,None,None,True,FeatherOstrich,BOSS_FeatherOstrich,-1,,M,8,Earth,None,Other,None,None,False,114,100,90,80,100,100,3.300000,2.900000,3.300000,0.000000,1.000000,0.240000,1.000000,1.000000,0.700000,10.000000,1792.000000,1.000000,Boss,None,80,160,900,1200,-1,270,360,True,False,False,True,FieldBoss_Tier_4,False,False,False,230,1.000000,3,25,90,1.000000,False,False,9,False,True,100,50,2210,221000,False,130.570007,61.689999,"(X=0.000000,Y=0.000000,Z=-34.434000)",Collection,0,0,0,0,0,2,0,0,0,0,0,0,0,None,None,None,None,None
BOSS_ScorpionMan,PAL_NAME_ScorpionMan,BOSS_NAME_ScorpionMan,None,None,True,ScorpionMan,BOSS_ScorpionMan,-1,,M,8,Dark,Earth,Humanoid,None,None,False,108,100,110,90,100,100,3.600000,2.100000,2.900000,0.000000,1.000000,0.240000,1.000000,1.000000,0.700000,10.000000,3298.000000,1.000000,Boss,None,90,180,720,-1,-1,50,50,True,False,False,True,FieldBoss_Tier_4,False,False,False,380,1.000000,5,25,90,1.000000,False,True,9,False,True,100,50,1510,151000,False,124.779999,50.430000,"(X=0.000000,Y=0.000000,Z=-131.000000)",Deforest,0,0,0,0,0,2,4,0,0,2,0,0,0,None,None,None,None,None
BOSS_ScorpionMan_Electric,PAL_NAME_ScorpionMan_Electric,BOSS_NAME_ScorpionMan_Electric,None,None,True,ScorpionMan_Electric,BOSS_ScorpionMan_Electric,-1,,M,8,Electricity,Earth,Humanoid,None,None,False,108,100,115,90,100,100,3.600000,1.900000,2.900000,0.000000,1.000000,0.240000,1.000000,1.000000,0.700000,10.000000,3546.000000,1.000000,Boss,None,90,180,720,-1,-1,50,50,True,False,False,True,FieldBoss_Tier_4,False,False,False,380,1.000000,5,25,90,1.000000,False,False,9,False,True,100,50,850,85000,False,124.779999,50.430000,"(X=0.000000,Y=0.000000,Z=-131.000000)",Deforest,0,0,0,3,0,2,4,0,0,2,0,0,0,None,None,None,None,BossDefeatReward_ScorpionMan_Electric
BOSS_WingGolem,PAL_NAME_WingGolem,BOSS_NAME_WingGolem,None,None,True,WingGolem,BOSS_WingGolem,-1,,XL,8,Earth,None,Humanoid,None,None,False,126,100,110,135,100,100,2.700000,2.100000,1.100000,0.000000,1.000000,0.480000,1.000000,1.000000,0.700000,10.000000,7534.000000,1.000000,Boss,None,100,190,550,700,400,190,190,True,False,False,True,FieldBoss_Tier_2,False,False,False,600,1.000000,9,25,90,1.000000,False,False,9,False,True,100,70,260,26000,False,246.000000,100.000000,"(X=0.000000,Y=0.000000,Z=-30.000000)",Mining,0,0,0,0,0,4,0,7,0,0,0,7,0,Deffence_up2_2,None,None,None,BossDefeatReward_WingGolem
BOSS_WingGolem_Fire,PAL_NAME_WingGolem_Fire,BOSS_NAME_WingGolem_Fire,None,None,True,WingGolem_Fire,BOSS_WingGolem_Fire,-1,,XL,8,Fire,None,Humanoid,None,None,False,126,100,115,135,100,100,2.700000,1.900000,1.100000,0.000000,1.000000,0.480000,1.000000,1.000000,0.700000,10.000000,7790.000000,1.000000,Boss,None,100,190,550,700,400,190,190,True,False,False,True,FieldBoss_Tier_2,False,False,False,600,1.000000,9,25,90,1.000000,False,False,9,False,True,100,70,210,21000,False,246.000000,100.000000,"(X=0.000000,Y=0.000000,Z=-30.000000)",Mining,5,0,0,0,0,0,0,7,0,0,0,7,0,Deffence_up2_2,None,None,None,BossDefeatReward_WingGolem
BOSS_CandleGhost,PAL_NAME_CandleGhost,BOSS_NAME_CandleGhost,None,None,True,CandleGhost,BOSS_CandleGhost,-1,,L,8,Dark,Fire,Other,None,None,False,126,100,125,90,100,100,2.700000,1.500000,2.900000,0.000000,1.000000,0.240000,1.000000,1.000000,0.700000,10.000000,4082.000000,1.000000,Boss,None,100,250,800,1000,450,800,1000,True,False,False,True,FieldBoss_Tier_4,False,False,False,480,1.000000,7,25,90,1.000000,False,True,9,False,True,100,50,980,98000,False,186.000000,60.000000,"(X=0.000000,Y=0.000000,Z=-30.000000)",MonsterFarm,3,0,0,0,3,2,0,3,0,0,0,0,2,None,None,None,None,None
BOSS_GuardianDog,PAL_NAME_GuardianDog,BOSS_NAME_GuardianDog,None,None,True,GuardianDog,BOSS_GuardianDog,-1,,S,5,Normal,None,FourLegged,None,None,False,102,80,85,85,110,100,3.900000,3.100000,3.100000,0.000000,1.000000,0.240000,1.000000,1.000000,0.700000,10.000000,2476.000000,1.000000,Boss,None,70,110,750,1180,165,225,324,True,False,False,True,FieldBoss_Tier_4,False,False,False,270,1.000000,3,25,90,1.000000,False,False,9,False,True,140,50,2230,223000,False,72.790001,42.049999,"(X=0.000000,Y=0.000000,Z=-72.000000)",Collection,0,0,0,0,0,2,0,0,0,0,0,0,0,None,None,None,None,None
BOSS_SifuDog,PAL_NAME_SifuDog,BOSS_NAME_SifuDog,None,None,True,SifuDog,BOSS_SifuDog,-1,,M,8,Normal,None,Humanoid,None,None,False,108,100,100,100,100,100,3.600000,2.500000,2.500000,0.000000,1.000000,0.240000,1.000000,1.000000,0.700000,10.000000,3366.000000,1.000000,Boss,None,45,75,300,550,187,300,300,True,False,False,True,FieldBoss_Tier_3,False,False,False,380,1.000000,5,25,90,1.000000,False,False,9,False,True,100,50,1460,146000,False,148.270004,49.290001,"(X=0.000000,Y=0.000000,Z=-137.000000)",Handcraft,0,0,0,0,4,3,3,0,0,2,0,3,0,None,None,None,None,None
BOSS_MimicDog,PAL_NAME_MimicDog,BOSS_NAME_MimicDog,None,None,True,MimicDog,BOSS_MimicDog,-1,,M,8,Normal,None,FourLegged,None,None,False,72,100,60,130,100,100,5.400000,4.100000,1.300000,0.000000,1.000000,0.240000,1.000000,1.000000,0.560000,30.000000,7000.000000,1.000000,Boss,None,40,80,2000,-1,450,600,0,True,False,False,True,FieldBoss_Tier_2,False,False,False,230,1.000000,3,25,90,1.000000,False,False,9,False,True,100,80,1740,174000,False,68.410004,45.400002,"(X=0.000000,Y=0.000000,Z=-72.000000)",Transport,0,0,0,0,0,1,0,0,0,0,0,2,0,None,None,None,None,None
BOSS_DarkAlien,PAL_NAME_DarkAlien,BOSS_NAME_DarkAlien,None,None,True,DarkAlien,BOSS_DarkAlien,-1,,M,8,Dark,None,Humanoid,None,None,False,108,100,125,85,100,100,3.600000,1.500000,3.100000,0.000000,1.000000,0.240000,1.000000,1.000000,0.700000,10.000000,3086.000000,1.000000,Boss,None,125,245,550,700,400,990,1260,True,False,False,True,FieldBoss_Tier_3,False,False,False,280,1.000000,4,25,90,1.000000,False,True,9,True,True,100,50,1820,182000,True,144.259995,62.599998,"(X=0.000000,Y=0.000000,Z=-36.739000)",Deforest,0,0,0,0,0,0,3,0,0,0,0,2,0,Alien,None,None,None,None
BOSS_WhiteAlienDragon,PAL_NAME_WhiteAlienDragon,BOSS_NAME_WhiteAlienDragon,None,None,True,WhiteAlienDragon,BOSS_WhiteAlienDragon,-1,,XL,8,Dragon,None,FourLegged,None,None,False,132,100,120,130,100,100,2.400000,1.700000,1.300000,0.000000,1.000000,0.240000,1.000000,1.000000,0.700000,10.000000,5690.000000,1.000000,Boss,None,115,230,790,1200,500,237,360,True,False,False,True,FieldBoss_Tier_2,False,False,False,470,1.000000,7,25,90,1.000000,False,False,9,True,True,250,50,990,99000,True,197.210007,174.460007,"(X=-0.000000,Y=-0.000000,Z=-30.000000)",Mining,0,0,0,0,0,0,0,4,0,0,0,0,0,Alien,None,None,None,None
BOSS_VolcanoDragon,PAL_NAME_VolcanoDragon,BOSS_NAME_VolcanoDragon,None,None,True,VolcanoDragon,BOSS_VolcanoDragon,-1,,XL,8,Fire,Earth,FourLegged,None,None,False,132,100,125,115,100,100,2.400000,1.500000,1.900000,0.000000,1.000000,0.240000,1.000000,1.000000,0.700000,10.000000,5822.000000,1.000000,Boss,None,55,220,340,776,-1,220,220,True,False,False,True,FieldBoss_Tier_2,False,False,False,530,1.000000,8,25,90,1.000000,False,False,9,True,True,270,50,750,75000,False,0.000000,0.000000,"(X=0.000000,Y=0.000000,Z=0.000000)",EmitFlame,5,0,0,0,0,0,0,5,0,0,0,0,0,None,None,None,None,BossDefeatReward_VolcanoDragon
BOSS_VolcanoDragon_Ice,PAL_NAME_VolcanoDragon_Ice,BOSS_NAME_VolcanoDragon_Ice,None,None,True,VolcanoDragon_Ice,BOSS_VolcanoDragon_Ice,-1,,XL,8,Ice,Earth,FourLegged,None,None,False,132,100,125,120,100,100,2.400000,1.500000,1.700000,0.000000,1.000000,0.240000,1.000000,1.000000,0.700000,10.000000,6656.000000,1.000000,Boss,None,55,220,340,776,-1,220,220,True,False,False,True,FieldBoss_Tier_2,False,False,False,530,1.000000,8,25,90,1.000000,False,False,9,True,True,270,50,380,38000,False,0.000000,0.000000,"(X=0.000000,Y=0.000000,Z=0.000000)",Mining,0,0,0,0,0,0,0,5,0,0,5,0,0,None,None,None,None,BossDefeatReward_VolcanoDragon_Ice
BOSS_DarkMechaDragon,PAL_NAME_DarkMechaDragon,BOSS_NAME_DarkMechaDragon,None,None,True,DarkMechaDragon,BOSS_DarkMechaDragon,-1,,XL,8,Dark,Dragon,Bird,None,None,False,156,100,120,120,100,100,1.200000,1.700000,1.700000,0.000000,1.000000,0.240000,1.000000,1.000000,0.700000,10.000000,7244.000000,1.000000,Boss,None,100,200,550,660,-1,200,200,True,False,False,True,FieldBoss_Tier_1,False,False,False,570,1.000000,8,25,90,1.000000,False,True,9,True,True,300,50,400,40000,True,190.539993,80.000000,"(X=0.000000,Y=0.000000,Z=-30.000000)",Collection,0,0,0,0,0,2,0,0,0,0,0,0,0,Invader,Alien,None,None,None
BOSS_GhostRabbit,PAL_NAME_GhostRabbit,BOSS_NAME_GhostRabbit,None,None,True,GhostRabbit,BOSS_GhostRabbit,-1,,M,8,Dark,None,Humanoid,None,None,False,126,100,95,105,100,100,2.700000,2.700000,2.300000,0.000000,1.000000,0.240000,1.000000,1.000000,0.700000,10.000000,5188.000000,1.000000,Boss,None,70,130,380,500,180,380,380,True,False,False,True,FieldBoss_Tier_4,False,False,False,510,1.000000,6,25,90,1.000000,False,True,9,False,True,100,40,1230,123000,False,110.709999,34.000000,"(X=0.000000,Y=0.000000,Z=-110.708000)",Handcraft,0,0,0,0,4,0,0,0,0,0,0,2,0,None,None,None,None,BossDefeatReward_GhostRabbit
BOSS_GhostRabbit_Grass,PAL_NAME_GhostRabbit_Grass,BOSS_NAME_GhostRabbit_Grass,None,None,True,GhostRabbit_Grass,BOSS_GhostRabbit_Grass,-1,,M,8,Leaf,None,Humanoid,None,None,False,132,100,95,105,100,100,2.400000,2.700000,2.300000,0.000000,1.000000,0.240000,1.000000,1.000000,0.700000,10.000000,4268.000000,1.000000,Boss,None,70,130,380,500,180,380,380,True,False,False,True,FieldBoss_Tier_4,False,False,False,510,1.000000,6,25,90,1.000000,False,False,9,False,True,100,40,1320,132000,False,110.709999,34.000000,"(X=0.000000,Y=0.000000,Z=-110.708000)",Handcraft,0,0,3,0,4,0,0,0,0,0,0,2,0,None,None,None,None,BossDefeatReward_GhostRabbit
BOSS_NightBlueHorse,PAL_NAME_NightBlueHorse,BOSS_NAME_NightBlueHorse,None,None,True,NightBlueHorse,BOSS_NightBlueHorse,-1,,L,8,Dark,None,FourLegged,None,None,False,132,100,100,100,100,100,2.400000,2.500000,2.500000,0.000000,1.000000,0.240000,1.000000,1.000000,0.700000,10.000000,4028.000000,1.000000,Boss,None,150,150,900,1250,-1,270,375,True,False,False,True,FieldBoss_Tier_3,False,False,False,440,1.000000,6,25,90,1.000000,False,True,9,False,True,230,50,1150,115000,False,136.789993,40.000000,"(X=0.000000,Y=0.000000,Z=-136.791000)",Collection,0,0,0,0,0,5,0,0,0,0,0,0,0,None,None,None,None,BossDefeatReward_NightBlueHorse
BOSS_NightBlueHorse_Neutral,PAL_NAME_NightBlueHorse_Neutral,BOSS_NAME_NightBlueHorse_Neutral,None,None,True,NightBlueHorse_Neutral,BOSS_NightBlueHorse_Neutral,-1,,L,8,Normal,None,FourLegged,None,None,False,132,100,105,100,100,100,2.400000,2.300000,2.500000,0.000000,1.000000,0.240000,1.000000,1.000000,0.700000,10.000000,5028.000000,1.000000,Boss,None,150,150,900,1250,-1,270,375,True,False,False,True,FieldBoss_Tier_3,False,False,False,440,1.000000,6,25,90,1.000000,False,False,9,False,True,230,50,430,43000,False,136.789993,40.000000,"(X=0.000000,Y=0.000000,Z=-136.791000)",Collection,0,0,0,0,0,7,0,0,0,0,0,0,0,None,None,None,None,BossDefeatReward_NightBlueHorse
BOSS_WhiteShieldDragon,PAL_NAME_WhiteShieldDragon,BOSS_NAME_WhiteShieldDragon,None,None,True,WhiteShieldDragon,BOSS_WhiteShieldDragon,-1,,XL,8,Dragon,None,FourLegged,None,None,False,144,100,110,115,100,100,1.800000,2.100000,1.900000,0.000000,1.000000,0.240000,1.000000,1.000000,0.700000,10.000000,7420.000000,1.000000,Boss,None,90,150,700,1150,-1,210,315,True,False,False,True,FieldBoss_Tier_2,False,False,False,600,1.000000,8,25,90,1.000000,False,False,9,False,True,280,50,560,56000,False,281.519989,100.000000,"(X=0.000000,Y=0.000000,Z=-281.519000)",Deforest,0,0,0,0,0,0,6,0,0,0,0,0,0,Deffence_up2_2,None,None,None,BossDefeatReward_WhiteShieldDragon
BOSS_BlackPuppy,PAL_NAME_BlackPuppy,BOSS_NAME_BlackPuppy,None,None,True,BlackPuppy,BOSS_BlackPuppy,-1,,S,5,Dark,None,FourLegged,None,None,False,102,100,90,85,100,100,3.900000,2.900000,3.100000,0.000000,1.000000,0.240000,1.000000,1.000000,0.700000,10.000000,3684.000000,1.000000,Boss,None,40,80,550,700,-1,100,100,True,False,False,True,FieldBoss_Tier_4,False,False,False,170,1.000000,3,25,90,1.000000,False,True,9,False,True,100,50,1760,176000,False,58.709999,20.000000,"(X=0.000000,Y=0.000000,Z=-30.000000)",Collection,0,0,0,0,0,2,0,0,0,0,0,0,0,None,None,None,None,BossDefeatReward_BlackPuppy
BOSS_BlackPuppy_Ice,PAL_NAME_BlackPuppy_Ice,BOSS_NAME_BlackPuppy_Ice,None,None,True,BlackPuppy_Ice,BOSS_BlackPuppy_Ice,-1,,S,5,Dark,Ice,FourLegged,None,None,False,102,100,90,90,100,100,3.900000,2.900000,2.900000,0.000000,1.000000,0.240000,1.000000,1.000000,0.700000,10.000000,3256.000000,1.000000,Boss,None,40,80,550,700,-1,100,100,True,False,False,True,FieldBoss_Tier_4,False,False,False,170,1.000000,3,25,90,1.000000,False,True,9,False,True,100,50,1610,161000,False,58.709999,20.000000,"(X=0.000000,Y=0.000000,Z=-30.000000)",Collection,0,0,0,0,0,2,0,0,0,0,2,0,0,None,None,None,None,BossDefeatReward_BlackPuppy
BOSS_WhiteDeer,PAL_NAME_WhiteDeer,BOSS_NAME_WhiteDeer,None,None,True,WhiteDeer,BOSS_WhiteDeer,-1,,L,8,Normal,None,FourLegged,None,None,False,144,100,110,100,100,100,1.800000,2.100000,2.500000,0.000000,1.000000,0.240000,1.000000,1.000000,0.700000,10.000000,5822.000000,1.000000,Boss,None,70,140,800,1200,400,240,360,True,False,False,True,FieldBoss_Tier_1,False,False,False,550,1.000000,8,25,90,1.000000,False,False,9,False,True,260,50,570,57000,False,170.289993,50.000000,"(X=0.000000,Y=0.000000,Z=-170.285000)",Deforest,0,0,0,0,0,4,7,0,0,0,0,0,0,None,None,None,None,BossDefeatReward_WhiteDeer
BOSS_WhiteDeer_Dark,PAL_NAME_WhiteDeer_Dark,BOSS_NAME_WhiteDeer_Dark,None,None,True,WhiteDeer_Dark,BOSS_WhiteDeer_Dark,-1,,L,8,Dark,None,FourLegged,None,None,False,144,100,115,100,100,100,1.800000,1.900000,2.500000,0.000000,1.000000,0.240000,1.000000,1.000000,0.700000,10.000000,7056.000000,1.000000,Boss,None,70,140,800,1200,400,240,360,True,False,False,True,FieldBoss_Tier_1,False,False,False,550,1.000000,8,25,90,1.000000,False,True,9,False,True,260,50,270,27000,False,170.289993,50.000000,"(X=0.000000,Y=0.000000,Z=-170.285000)",Deforest,0,0,0,0,0,4,8,0,0,0,0,0,0,None,None,None,None,BossDefeatReward_WhiteDeer_Dark
BOSS_KingWhale,PAL_NAME_KingWhale,BOSS_NAME_KingWhale,None,None,True,KingWhale,BOSS_KingWhale,-1,,XL,8,Water,None,Fish,None,None,False,216,100,120,200,100,100,0.100000,1.700000,1.000000,0.000000,42.000000,1.200000,0.830000,1.000000,0.700000,10.000000,9826.000000,1.000000,Boss,None,500,500,500,500,500,500,500,True,True,False,True,KingWhale,True,True,True,600,1.000000,9,25,90,1.000000,False,False,9,False,True,100,50,20,2000,True,0.000000,0.000000,"(X=0.000000,Y=0.000000,Z=0.000000)",EmitFlame,0,0,0,0,0,0,0,0,0,0,0,0,0,Legend,None,None,None,None
BOSS_MysteryMask,PAL_NAME_MysteryMask,BOSS_NAME_MysteryMask,None,None,True,MysteryMask,BOSS_MysteryMask,-1,,M,5,Dark,None,Other,None,None,False,114,100,105,100,100,100,3.300000,2.300000,2.500000,0.000000,1.000000,0.240000,1.000000,1.000000,0.700000,10.000000,4862.000000,1.000000,Boss,None,40,70,400,520,-1,720,936,True,False,False,True,FieldBoss_Tier_3,False,False,False,400,1.000000,5,25,90,1.000000,False,True,9,False,True,100,50,1140,114000,False,92.559998,40.000000,"(X=0.000000,Y=0.000000,Z=-92.557000)",Collection,0,0,0,0,0,5,0,0,0,0,0,0,0,None,None,None,None,BossDefeatReward_MysteryMask
BOSS_HoodGhost,PAL_NAME_HoodGhost,BOSS_NAME_HoodGhost,None,None,True,HoodGhost,BOSS_HoodGhost,-1,,M,5,Dark,None,Other,None,None,False,84,100,85,80,100,100,4.800000,3.100000,3.300000,0.000000,1.000000,0.240000,1.000000,1.000000,0.700000,10.000000,3312.000000,1.000000,Boss,None,50,100,400,550,200,120,165,True,False,False,True,FieldBoss_Tier_4,False,False,False,230,1.000000,3,25,90,1.000000,False,True,9,True,True,100,50,1770,177000,False,0.000000,0.000000,"(X=0.000000,Y=0.000000,Z=0.000000)",Handcraft,0,0,0,0,1,0,0,0,0,0,0,1,0,None,None,None,None,None
BOSS_Sekhmet,PAL_NAME_Sekhmet,BOSS_NAME_Sekhmet,None,None,True,Sekhmet,BOSS_Sekhmet,-1,,M,8,Earth,None,Humanoid,None,None,False,132,100,115,100,100,100,2.400000,1.900000,2.500000,0.000000,1.000000,0.240000,1.000000,1.000000,0.700000,10.000000,5276.000000,1.000000,Boss,None,100,200,600,900,375,180,270,True,False,False,True,FieldBoss_Tier_3,False,False,False,530,1.000000,7,25,90,1.000000,False,False,9,False,True,100,30,870,87000,False,88.000000,34.000000,"(X=0.000000,Y=0.000000,Z=-90.000000)",Handcraft,0,0,0,0,6,0,0,3,0,0,0,2,0,None,None,None,None,None
BOSS_ElecLizard,PAL_NAME_ElecLizard,BOSS_NAME_ElecLizard,None,None,True,ElecLizard,BOSS_ElecLizard,-1,,M,5,Electricity,None,Fish,None,None,False,96,100,75,70,100,100,4.200000,3.500000,3.700000,0.000000,1.000000,0.240000,1.000000,1.000000,0.700000,10.000000,3222.000000,1.000000,Boss,None,55,110,300,390,-1,90,117,True,False,False,True,FieldBoss_Tier_5,False,False,False,300,1.000000,4,25,90,1.000000,False,False,9,False,True,100,50,1750,175000,False,0.000000,0.000000,"(X=0.000000,Y=0.000000,Z=0.000000)",GenerateElectricity,0,0,0,3,0,0,0,0,0,0,0,0,0,None,None,None,None,BossDefeatReward_ElecLizard
BOSS_GrimGirl,PAL_NAME_GrimGirl,BOSS_NAME_GrimGirl,None,None,True,GrimGirl,BOSS_GrimGirl,-1,,L,5,Dark,None,Humanoid,None,None,False,114,100,115,105,100,100,3.300000,1.900000,2.300000,0.000000,1.000000,0.240000,1.000000,1.000000,0.700000,10.000000,4968.000000,1.000000,Boss,None,60,120,550,660,180,165,198,True,False,False,True,FieldBoss_Tier_3,False,False,False,530,1.000000,7,25,90,1.000000,False,True,9,False,True,100,38,780,78000,False,87.410004,34.000000,"(X=0.000000,Y=0.000000,Z=-87.406000)",Handcraft,0,0,0,0,6,0,3,0,0,5,0,2,0,PAL_sadist,None,None,None,BossDefeatReward_GrimGirl
BOSS_PurpleSpider,PAL_NAME_PurpleSpider,BOSS_NAME_PurpleSpider,None,None,True,PurpleSpider,BOSS_PurpleSpider,-1,,M,5,Dark,None,Other,None,None,False,132,100,100,100,100,100,2.400000,2.500000,2.500000,0.000000,1.000000,0.240000,1.000000,1.000000,0.700000,10.000000,3612.000000,1.000000,Boss,None,80,160,640,1100,200,192,300,True,False,False,True,FieldBoss_Tier_4,False,False,False,320,1.000000,4,25,90,1.000000,False,True,9,False,True,100,50,1730,173000,False,72.029999,50.000000,"(X=0.000000,Y=0.000000,Z=-72.029000)",Handcraft,0,0,0,0,3,3,0,0,0,2,0,2,0,None,None,None,None,BossDefeatReward_PurpleSpider
BOSS_BlueThunderHorse,PAL_NAME_BlueThunderHorse,BOSS_NAME_BlueThunderHorse,None,None,True,BlueThunderHorse,BOSS_BlueThunderHorse,-1,,L,8,Electricity,None,FourLegged,None,None,False,156,100,120,110,100,100,1.200000,1.700000,2.100000,0.000000,1.000000,0.240000,1.000000,1.000000,0.700000,10.000000,6158.000000,1.000000,Boss,None,90,180,900,1260,-1,270,378,True,False,False,True,FieldBoss_Tier_2,False,False,False,550,1.000000,8,25,90,1.000000,False,False,9,False,True,220,50,420,42000,False,196.119995,45.000000,"(X=0.000000,Y=0.000000,Z=-30.000000)",GenerateElectricity,0,0,0,5,0,0,0,0,0,0,0,0,0,None,None,None,None,BossDefeatReward_BlueThunderHorse
BOSS_RockBeast,PAL_NAME_RockBeast,BOSS_NAME_RockBeast,None,None,True,RockBeast,BOSS_RockBeast,-1,,M,8,Earth,None,FourLegged,None,None,False,120,100,105,120,100,100,3.000000,2.300000,1.700000,0.000000,1.000000,0.240000,1.000000,1.000000,0.700000,10.000000,4612.000000,1.000000,Boss,None,70,140,350,550,230,105,165,True,False,False,True,FieldBoss_Tier_3,False,False,False,580,1.000000,8,25,90,1.000000,False,False,9,False,True,100,50,1110,111000,False,0.000000,0.000000,"(X=0.000000,Y=0.000000,Z=0.000000)",Mining,0,0,0,0,0,0,0,5,0,0,0,0,0,Deffence_up2_2,None,None,None,BossDefeatReward_RockBeast
BOSS_RockBeast_Ice,PAL_NAME_RockBeast_Ice,BOSS_NAME_RockBeast_Ice,None,None,True,RockBeast_Ice,BOSS_RockBeast_Ice,-1,,M,8,Ice,None,FourLegged,None,None,False,120,100,110,120,100,100,3.000000,2.100000,1.700000,0.000000,1.000000,0.240000,1.000000,1.000000,0.700000,10.000000,5370.000000,1.000000,Boss,None,70,140,350,550,230,350,350,True,False,False,True,FieldBoss_Tier_3,False,False,False,580,1.000000,8,25,90,1.000000,False,False,9,False,True,100,50,460,46000,False,0.000000,0.000000,"(X=0.000000,Y=0.000000,Z=0.000000)",Cool,0,0,0,0,0,0,0,5,0,0,6,0,0,Deffence_up2_2,None,None,None,BossDefeatReward_RockBeast_Ice
BOSS_OctopusGirl,PAL_NAME_OctopusGirl,BOSS_NAME_OctopusGirl,None,None,True,OctopusGirl,BOSS_OctopusGirl,-1,,M,8,Water,Dark,Humanoid,None,None,False,84,100,85,70,100,100,4.800000,3.100000,3.700000,0.000000,1.000000,0.240000,1.000000,1.000000,0.700000,10.000000,1154.000000,1.000000,Boss,None,50,120,300,500,210,540,900,True,False,False,True,FieldBoss_Tier_4,False,False,False,280,1.000000,3,25,90,1.000000,False,True,9,False,True,100,50,2530,253000,False,65.720001,30.000000,"(X=0.000000,Y=0.000000,Z=-65.719000)",Watering,0,2,0,0,2,0,0,0,0,0,0,2,0,None,None,None,None,None
BOSS_OctopusGirl_Neutral,PAL_NAME_OctopusGirl_Neutral,BOSS_NAME_OctopusGirl_Neutral,None,None,True,OctopusGirl_Neutral,BOSS_OctopusGirl_Neutral,-1,,M,8,Water,Normal,Humanoid,None,None,False,90,100,85,70,100,100,4.500000,3.100000,3.700000,0.000000,1.000000,0.240000,1.000000,1.000000,0.700000,10.000000,3224.000000,1.000000,Boss,None,50,120,300,500,210,540,900,True,False,False,True,FieldBoss_Tier_4,False,False,False,280,1.000000,3,25,90,1.000000,False,False,9,False,True,100,50,1630,163000,False,65.720001,30.000000,"(X=0.000000,Y=0.000000,Z=-65.719000)",Watering,0,2,0,0,2,0,0,0,0,0,0,2,0,None,None,None,None,None
BOSS_IceNarwhal,PAL_NAME_IceNarwhal,BOSS_NAME_IceNarwhal,None,None,True,IceNarwhal,BOSS_IceNarwhal,-1,,XL,8,Ice,Water,Fish,None,None,False,126,100,115,110,100,100,2.700000,1.900000,2.100000,0.000000,1.000000,0.240000,1.000000,1.000000,0.700000,10.000000,5370.000000,1.000000,Boss,None,125,250,600,750,400,850,950,True,False,False,True,FieldBoss_Tier_3,False,False,False,560,1.000000,8,25,90,1.000000,False,False,9,False,True,200,58,710,71000,False,339.260010,160.000000,"(X=0.000000,Y=0.000000,Z=-339.260000)",Cool,0,5,0,0,0,0,0,0,0,0,6,0,0,None,None,None,None,BossDefeatReward_IceNarwhal
BOSS_JellyfishFairy,PAL_NAME_JellyfishFairy,BOSS_NAME_JellyfishFairy,None,None,True,JellyfishFairy,BOSS_JellyfishFairy,-1,,M,5,Water,None,Humanoid,None,None,False,90,100,90,70,100,100,4.500000,2.900000,3.700000,0.000000,1.000000,0.240000,1.000000,1.000000,0.700000,10.000000,1316.000000,1.000000,Boss,None,40,80,240,450,160,432,810,True,False,False,True,FieldBoss_Tier_5,False,False,False,220,1.000000,3,25,90,1.000000,False,False,9,False,True,100,50,2650,265000,False,67.269997,20.000000,"(X=0.000000,Y=0.000000,Z=-67.271000)",Watering,0,2,0,0,1,0,0,0,0,0,0,1,0,None,None,None,None,None
BOSS_BerryGoat_Dark,PAL_NAME_BerryGoat_Dark,BOSS_NAME_BerryGoat_Dark,None,None,True,BerryGoat_Dark,BOSS_BerryGoat_Dark,-1,,M,5,Dark,None,FourLegged,None,None,False,120,100,75,90,100,100,3.000000,3.500000,2.900000,0.000000,1.000000,0.240000,1.000000,1.000000,0.700000,10.000000,1856.000000,1.000000,Boss,None,70,70,400,550,235,120,165,True,False,False,True,FieldBoss_Tier_4,False,False,False,150,1.000000,2,25,90,1.000000,False,True,9,False,True,100,50,1940,194000,False,140.000000,100.000000,"(X=0.000000,Y=0.000000,Z=-30.000000)",MonsterFarm,0,0,2,0,0,0,0,0,0,0,0,0,1,None,None,None,None,BossDefeatReward_BerryGoat_Dark
BOSS_Kitsunebi_Ice,PAL_NAME_Kitsunebi_Ice,BOSS_NAME_Kitsunebi_Ice,None,None,True,Kitsunebi_Ice,BOSS_Kitsunebi_Ice,-1,,S,5,Ice,None,FourLegged,None,None,False,78,100,80,70,100,100,5.100000,3.300000,3.700000,0.000000,1.000000,0.240000,1.000000,1.000000,0.770000,10.000000,944.000000,1.000000,Boss,None,75,150,500,750,240,150,150,True,False,False,True,FieldBoss_Tier_5,False,False,False,100,1.000000,1,25,90,1.000000,False,False,9,False,True,100,50,2500,250000,False,70.000000,30.000000,"(X=-20.000000,Y=0.000000,Z=-70.000000)",Cool,0,0,0,0,0,0,0,0,0,0,2,0,0,None,None,None,None,BossDefeatReward_Kitsunebi_Ice
BOSS_RaijinDaughter_Water,PAL_NAME_RaijinDaughter_Water,BOSS_NAME_RaijinDaughter_Water,None,None,True,RaijinDaughter_Water,BOSS_RaijinDaughter_Water,-1,,S,5,Dark,Electricity,Humanoid,None,None,False,84,100,80,75,100,100,4.800000,3.300000,3.500000,0.000000,1.000000,0.240000,1.000000,1.000000,0.700000,10.000000,1198.000000,1.000000,Boss,None,120,200,400,550,300,720,990,True,False,False,True,FieldBoss_Tier_4,False,False,False,150,1.000000,2,25,90,1.000000,False,True,9,False,True,100,20,1910,191000,False,260.000000,100.000000,"(X=0.000000,Y=0.000000,Z=-260.000000)",Transport,0,0,0,1,1,0,0,0,0,1,0,2,0,None,None,None,None,BossDefeatReward_RaijinDaughter_Water
BOSS_SnowTigerBeastman,PAL_NAME_SnowTigerBeastman,BOSS_NAME_SnowTigerBeastman,None,None,True,SnowTigerBeastman,BOSS_SnowTigerBeastman,-1,,L,8,Ice,None,Humanoid,None,None,False,168,100,130,120,100,100,0.600000,1.300000,1.700000,0.000000,1.000000,0.240000,1.000000,1.000000,0.700000,10.000000,8850.000000,1.000000,Boss,None,120,225,750,1200,-1,225,330,True,False,False,True,FieldBoss_Tier_1,False,False,False,730,1.000000,9,25,90,1.000000,False,False,9,False,True,270,60,50,5000,True,142.809998,60.000000,"(X=0.000000,Y=0.000000,Z=-142.815000)",Cool,0,0,0,0,0,0,6,5,0,0,8,0,0,None,None,None,None,None
BOSS_Werewolf_Ice,PAL_NAME_Werewolf_Ice,BOSS_NAME_Werewolf_Ice,None,None,True,Werewolf_Ice,BOSS_Werewolf_Ice,-1,,L,5,Ice,None,Humanoid,None,None,False,96,100,105,80,100,100,4.200000,2.300000,3.300000,0.000000,1.000000,0.240000,1.000000,1.000000,0.700000,10.000000,2352.000000,1.000000,Boss,None,100,175,600,800,375,180,240,True,False,False,True,FieldBoss_Tier_4,False,False,False,210,1.000000,3,25,90,1.000000,False,False,9,True,True,100,50,1290,129000,False,200.000000,50.000000,"(X=0.000000,Y=0.000000,Z=-200.000000)",Handcraft,0,0,0,0,4,0,0,0,0,0,4,0,0,None,None,None,None,BossDefeatReward_Werewolf_Ice
BOSS_WhiteTiger_Ground,PAL_NAME_WhiteTiger_Ground,BOSS_NAME_WhiteTiger_Ground,None,None,True,WhiteTiger_Ground,BOSS_WhiteTiger_Ground,-1,,L,8,Earth,None,Humanoid,None,None,False,120,100,105,110,100,100,3.000000,2.300000,2.100000,0.000000,1.000000,0.240000,1.000000,1.000000,0.700000,10.000000,4968.000000,1.000000,Boss,None,100,280,720,900,460,50,50,True,False,False,True,FieldBoss_Tier_1,False,False,False,480,1.000000,7,25,90,1.000000,False,False,9,True,True,100,50,470,47000,False,240.000000,240.000000,"(X=0.000000,Y=0.000000,Z=-240.000000)",Deforest,0,0,0,0,2,0,6,5,0,0,0,4,0,None,None,None,None,BossDefeatReward_WhiteTiger_Ground
BOSS_Horus_Water,PAL_NAME_Horus_Water,BOSS_NAME_Horus_Water,None,None,True,Horus_Water,BOSS_Horus_Water,-1,,XL,8,Water,None,Bird,None,None,False,132,100,110,115,100,100,2.400000,2.100000,1.900000,0.000000,1.000000,0.240000,1.000000,1.000000,0.700000,10.000000,5594.000000,1.000000,Boss,None,150,200,1000,1400,500,1800,2520,True,False,False,True,FieldBoss_Tier_1,False,False,False,600,1.000000,9,25,90,1.000000,False,False,9,False,True,230,50,450,45000,True,440.000000,250.000000,"(X=0.000000,Y=0.000000,Z=-440.000000)",Watering,0,6,0,0,0,0,0,0,0,0,0,5,0,None,None,None,None,BossDefeatReward_Horus_Water
BOSS_FengyunDeeper_Electric,PAL_NAME_FengyunDeeper_Electric,BOSS_NAME_FengyunDeeper_Electric,None,None,True,FengyunDeeper_Electric,BOSS_FengyunDeeper_Electric,-1,,L,5,Electricity,None,FourLegged,None,None,False,132,100,115,90,100,100,2.400000,1.900000,2.900000,0.000000,1.000000,0.240000,1.000000,1.000000,0.700000,10.000000,4328.000000,1.000000,Boss,None,85,100,750,1050,417,225,315,True,False,False,True,FieldBoss_Tier_2,False,False,False,340,1.000000,5,25,90,1.000000,False,False,9,False,True,140,50,900,90000,False,140.000000,50.000000,"(X=-30.000000,Y=-0.000000,Z=-30.000000)",GenerateElectricity,0,0,0,5,0,0,4,0,0,0,0,0,0,None,None,None,None,BossDefeatReward_FengyunDeeper_Electric
BOSS_AmaterasuWolf_Dark,PAL_NAME_AmaterasuWolf_Dark,BOSS_NAME_AmaterasuWolf_Dark,None,None,True,AmaterasuWolf_Dark,BOSS_AmaterasuWolf_Dark,-1,,L,8,Dark,None,FourLegged,None,None,False,120,100,115,105,100,100,3.000000,1.900000,2.300000,0.000000,1.000000,0.240000,1.000000,1.000000,0.700000,10.000000,4028.000000,1.000000,Boss,None,80,130,700,1200,415,210,330,True,False,False,True,FieldBoss_Tier_3,False,False,False,380,1.000000,5,25,90,1.000000,False,True,9,True,True,140,50,800,80000,False,160.000000,80.000000,"(X=0.000000,Y=0.000000,Z=-30.000000)",EmitFlame,4,0,0,0,0,0,0,0,0,0,0,0,0,None,None,None,None,BossDefeatReward_AmaterasuWolf_Dark
BOSS_PinkRabbit_Grass,PAL_NAME_PinkRabbit_Grass,BOSS_NAME_PinkRabbit_Grass,None,None,True,PinkRabbit_Grass,BOSS_PinkRabbit_Grass,-1,,S,5,Leaf,None,Humanoid,None,None,False,96,100,65,70,100,100,4.200000,3.900000,3.700000,0.000000,1.000000,0.240000,1.000000,1.000000,0.700000,10.000000,1052.000000,1.000000,NotInterested,None,50,100,245,350,172,73,105,True,False,False,True,FieldBoss_Tier_4,False,False,False,100,1.000000,1,25,90,1.000000,False,False,9,False,True,100,50,2460,246000,False,50.000000,25.000000,"(X=0.000000,Y=0.000000,Z=-50.000000)",Seeding,0,0,2,0,2,2,0,0,0,0,0,1,0,None,None,None,None,BossDefeatReward_PinkRabbit_Grass
BOSS_SnakeGirl,PAL_NAME_SnakeGirl,BOSS_NAME_SnakeGirl,None,None,True,SnakeGirl,BOSS_SnakeGirl,-1,,M,8,Dark,None,Humanoid,None,None,False,96,100,85,90,100,100,4.200000,3.100000,2.900000,0.000000,1.000000,0.240000,1.000000,1.000000,0.700000,10.000000,5360.000000,1.000000,Boss,None,50,100,450,600,200,450,450,True,False,False,True,FieldBoss_Tier_4,False,False,False,340,1.000000,6,25,90,1.000000,False,True,9,True,True,100,40,970,97000,False,0.000000,0.000000,"(X=0.000000,Y=0.000000,Z=0.000000)",Handcraft,0,0,0,0,6,6,0,0,0,5,0,2,0,None,None,None,None,None
BOSS_GhostAnglerFish,PAL_NAME_GhostAnglerfish,BOSS_NAME_GhostAnglerfish,None,None,True,GhostAnglerfish,BOSS_GhostAnglerFish,-1,,L,8,Dark,Water,Fish,None,None,False,108,100,125,105,100,100,3.600000,1.500000,2.300000,0.000000,1.000000,0.240000,1.000000,1.000000,0.700000,10.000000,4526.000000,1.000000,Boss,None,100,200,500,900,300,1200,1350,True,False,False,True,FieldBoss_Tier_3,False,False,False,480,1.000000,7,25,90,1.000000,False,True,9,False,True,320,50,880,88000,False,103.300003,41.139999,"(X=0.000000,Y=0.000000,Z=-103.302000)",Watering,0,5,0,0,0,0,0,0,0,0,0,2,0,None,None,None,None,None
BOSS_IceWitch,PAL_NAME_IceWitch,BOSS_NAME_IceWitch,None,None,True,IceWitch,BOSS_IceWitch,-1,,M,5,Ice,None,Humanoid,None,None,False,114,100,115,105,100,100,3.300000,1.900000,2.300000,0.000000,1.000000,0.240000,1.000000,1.000000,0.700000,10.000000,4554.000000,1.000000,Boss,None,100,150,400,600,200,400,400,True,False,False,True,FieldBoss_Tier_4,False,False,False,270,1.000000,5,25,90,1.000000,False,False,9,False,True,100,50,1260,126000,False,136.080002,50.000000,"(X=0.000000,Y=0.000000,Z=-136.084000)",Handcraft,0,0,0,0,5,0,0,0,0,4,5,2,0,None,None,None,None,None
BOSS_ClownRabbit,PAL_NAME_ClownRabbit,BOSS_NAME_ClownRabbit,None,None,True,ClownRabbit,BOSS_ClownRabbit,-1,,L,8,Fire,None,Humanoid,None,None,False,120,100,110,100,100,100,3.000000,2.100000,2.500000,0.000000,1.000000,0.240000,1.000000,1.000000,0.700000,10.000000,6382.000000,1.000000,Boss,None,100,150,500,750,350,500,500,True,False,False,True,FieldBoss_Tier_3,False,False,False,600,1.000000,8,25,90,1.000000,False,False,9,False,True,100,50,520,52000,False,0.000000,0.000000,"(X=0.000000,Y=0.000000,Z=0.000000)",EmitFlame,7,0,0,0,5,0,0,0,0,4,0,2,0,None,None,None,None,None
BOSS_LegendDeer,PAL_NAME_LegendDeer,BOSS_NAME_LegendDeer,None,None,True,LegendDeer,BOSS_LegendDeer,-1,,XL,8,Normal,None,FourLegged,None,None,False,162,100,130,110,100,100,0.900000,1.300000,2.100000,0.000000,1.000000,0.240000,1.000000,1.000000,0.700000,10.000000,8512.000000,1.000000,Boss,None,100,150,900,2000,450,360,540,True,False,False,True,FieldBoss_Tier_1,False,False,False,710,1.000000,9,25,90,1.000000,False,False,9,False,True,400,50,90,9000,True,195.000000,78.000000,"(X=0.000000,Y=0.000000,Z=-195.000000)",Collection,0,0,0,0,0,7,7,0,0,0,0,0,0,Salvation,None,None,None,None
BOSS_LeafMomonga,PAL_NAME_LeafMomonga,BOSS_NAME_LeafMomonga,None,None,True,LeafMomonga,BOSS_LeafMomonga,-1,,S,5,Leaf,Normal,FourLegged,None,None,False,96,100,75,75,100,100,4.200000,3.500000,3.500000,0.000000,1.000000,0.240000,1.000000,1.000000,0.700000,10.000000,1082.000000,1.000000,Boss,None,15,30,350,600,350,105,180,True,False,False,True,FieldBoss_Tier_4,False,False,False,100,1.000000,1,25,90,1.000000,False,False,9,False,True,100,50,2630,263000,False,47.430000,34.000000,"(X=-10.000000,Y=0.000000,Z=-47.434000)",Seeding,0,0,1,0,0,1,0,0,0,0,0,1,0,None,None,None,None,None
BOSS_SmallYeti,PAL_NAME_SmallYeti,BOSS_NAME_SmallYeti,None,None,True,SmallYeti,BOSS_SmallYeti,-1,,M,5,Ice,None,Humanoid,None,None,False,96,100,75,85,100,100,4.200000,3.500000,3.100000,0.000000,1.000000,0.240000,1.000000,1.000000,0.700000,10.000000,1854.000000,1.000000,Boss,None,50,85,400,600,100,120,180,True,False,False,True,FieldBoss_Tier_5,False,False,False,380,1.000000,5,25,90,1.000000,False,False,9,False,True,100,50,2390,239000,False,0.000000,0.000000,"(X=0.000000,Y=0.000000,Z=0.000000)",Mining,0,0,0,0,2,0,0,3,0,0,3,2,0,None,None,None,None,None
BOSS_IceCrocodile,PAL_NAME_IceCrocodile,BOSS_NAME_IceCrocodile,None,None,True,IceCrocodile,BOSS_IceCrocodile,-1,,M,5,Ice,Water,Humanoid,None,None,False,90,100,80,85,100,100,4.500000,3.300000,3.100000,0.000000,1.000000,0.240000,1.000000,1.000000,0.700000,10.000000,1596.000000,1.000000,Boss,None,20,40,300,450,40,90,135,True,False,False,True,FieldBoss_Tier_5,False,False,False,310,1.000000,3,25,90,1.000000,False,False,9,False,True,100,50,2130,213000,False,67.699997,44.000000,"(X=0.000000,Y=0.000000,Z=-67.701000)",Cool,0,2,0,0,0,0,0,0,0,0,3,1,0,None,None,None,None,None
BOSS_CactusDoll,PAL_NAME_CactusDoll,BOSS_NAME_CactusDoll,None,None,True,CactusDoll,BOSS_CactusDoll,-1,,S,5,Leaf,None,FourLegged,None,None,False,90,100,85,70,100,100,4.500000,3.100000,3.700000,0.000000,1.000000,0.240000,1.000000,1.000000,0.700000,10.000000,1404.000000,1.000000,Boss,None,50,100,525,630,200,157,189,True,False,False,True,FieldBoss_Tier_5,False,False,False,150,1.000000,2,25,90,1.000000,False,False,9,False,True,100,50,2420,242000,False,0.000000,0.000000,"(X=0.000000,Y=0.000000,Z=0.000000)",Seeding,0,0,3,0,0,3,0,0,0,0,0,1,0,None,None,None,None,BossDefeatReward_CactusDoll
BOSS_CactusDoll_Dark,PAL_NAME_CactusDoll_Dark,BOSS_NAME_CactusDoll_Dark,None,None,True,CactusDoll_Dark,BOSS_CactusDoll_Dark,-1,,S,5,Dark,Leaf,FourLegged,None,None,False,90,100,90,70,100,100,4.500000,2.900000,3.700000,0.000000,1.000000,0.240000,1.000000,1.000000,0.700000,10.000000,1498.000000,1.000000,Boss,None,50,100,525,630,200,157,189,True,False,False,True,FieldBoss_Tier_5,False,False,False,150,1.000000,2,25,90,1.000000,False,True,9,False,True,100,50,1580,158000,False,0.000000,0.000000,"(X=0.000000,Y=0.000000,Z=0.000000)",Seeding,0,0,3,0,0,3,0,0,0,0,0,1,0,None,None,None,None,None
BOSS_MushroomLady,PAL_NAME_MushroomLady,BOSS_NAME_MushroomLady,None,None,True,MushroomLady,BOSS_MushroomLady,-1,,L,8,Leaf,None,Humanoid,None,None,False,126,100,95,90,100,100,2.700000,2.700000,2.900000,0.000000,1.000000,0.240000,1.000000,1.000000,0.700000,10.000000,6174.000000,1.000000,Boss,None,25,50,300,600,100,90,180,True,False,False,True,FieldBoss_Tier_4,False,False,False,530,1.000000,7,25,90,1.000000,False,False,9,False,True,100,30,760,76000,False,0.000000,0.000000,"(X=0.000000,Y=0.000000,Z=0.000000)",Seeding,0,0,6,0,4,4,0,0,0,6,0,0,0,None,None,None,None,BossDefeatReward_MushroomLady
BOSS_StuffedShark,PAL_NAME_StuffedShark,BOSS_NAME_StuffedShark,None,None,True,StuffedShark,BOSS_StuffedShark,-1,,M,5,Water,None,Humanoid,None,None,False,90,100,85,80,100,100,4.500000,3.100000,3.300000,0.000000,1.000000,0.240000,1.000000,1.000000,0.700000,10.000000,1354.000000,1.000000,Boss,None,25,50,250,400,250,450,720,True,False,False,True,FieldBoss_Tier_4,False,False,False,140,1.000000,2,25,90,1.000000,False,False,9,False,True,100,50,2450,245000,False,67.550003,40.000000,"(X=0.000000,Y=0.000000,Z=-67.547000)",Watering,0,2,0,0,0,0,0,0,0,0,0,1,0,None,None,None,None,None
BOSS_FoxExorcist,PAL_NAME_FoxExorcist,BOSS_NAME_FoxExorcist,None,None,True,FoxExorcist,BOSS_FoxExorcist,-1,,L,8,Fire,None,Humanoid,None,None,False,132,100,125,105,100,100,2.400000,1.500000,2.300000,0.000000,1.000000,0.240000,1.000000,1.000000,0.700000,10.000000,6434.000000,1.000000,Boss,None,70,130,500,600,300,150,180,True,False,False,True,FieldBoss_Tier_3,False,False,False,600,1.000000,8,25,90,1.000000,False,False,9,False,True,100,50,390,39000,False,0.000000,0.000000,"(X=0.000000,Y=0.000000,Z=0.000000)",EmitFlame,7,0,0,0,6,0,0,0,0,0,0,2,0,None,None,None,None,BossDefeatReward_FoxExorcist
BOSS_IceSeal,PAL_NAME_IceSeal,BOSS_NAME_IceSeal,None,None,True,IceSeal,BOSS_IceSeal,-1,,M,8,Ice,Water,FourLegged,None,None,False,114,100,105,105,100,100,3.300000,2.300000,2.300000,0.000000,1.000000,0.240000,1.000000,1.000000,0.700000,10.000000,3588.000000,1.000000,Boss,None,20,45,250,475,250,450,675,True,False,False,True,FieldBoss_Tier_5,False,False,False,220,1.000000,4,25,90,1.000000,False,False,9,False,True,120,50,1660,166000,False,71.290001,60.000000,"(X=0.000000,Y=0.000000,Z=-71.293000)",Cool,0,3,0,0,0,0,0,0,0,0,4,0,0,None,None,None,None,None
BOSS_IceSeal_Ground,PAL_NAME_IceSeal_Ground,BOSS_NAME_IceSeal_Ground,None,None,True,IceSeal_Ground,BOSS_IceSeal_Ground,-1,,M,8,Ice,Earth,FourLegged,None,None,False,114,100,105,110,100,100,3.300000,2.300000,2.100000,0.000000,1.000000,0.240000,1.000000,1.000000,0.700000,10.000000,3884.000000,1.000000,Boss,None,20,45,250,475,250,450,675,True,False,False,True,FieldBoss_Tier_5,False,False,False,220,1.000000,4,25,90,1.000000,False,False,9,False,True,120,50,1100,110000,False,71.290001,60.000000,"(X=0.000000,Y=0.000000,Z=-71.293000)",Mining,0,0,0,0,0,0,0,4,0,0,4,0,0,None,None,None,None,None
BOSS_CloverFairy,PAL_NAME_CloverFairy,BOSS_NAME_CloverFairy,None,None,True,CloverFairy,BOSS_CloverFairy,-1,,S,5,Leaf,Normal,Humanoid,None,None,False,96,100,65,65,100,100,4.200000,3.900000,3.900000,0.000000,1.000000,0.240000,1.000000,1.000000,0.700000,10.000000,814.000000,1.000000,Boss,None,100,150,400,550,200,400,400,True,False,False,True,FieldBoss_Tier_5,False,False,False,100,1.000000,1,25,90,1.000000,False,False,9,False,True,100,50,2970,297000,False,0.000000,0.000000,"(X=0.000000,Y=0.000000,Z=0.000000)",Seeding,0,0,1,0,0,1,0,0,0,0,0,0,0,None,None,None,None,None
BOSS_ElecPomeranian,PAL_NAME_ElecPomeranian,BOSS_NAME_ElecPomeranian,None,None,True,ElecPomeranian,BOSS_ElecPomeranian,-1,,S,5,Electricity,None,FourLegged,None,None,False,90,100,80,70,100,100,4.500000,3.300000,3.700000,0.000000,1.000000,0.240000,1.000000,1.000000,0.700000,10.000000,1112.000000,1.000000,Boss,None,35,70,200,400,200,200,400,True,False,False,True,FieldBoss_Tier_5,False,False,False,170,1.000000,3,25,90,1.000000,False,False,9,True,True,100,50,2360,236000,False,0.000000,0.000000,"(X=0.000000,Y=0.000000,Z=0.000000)",GenerateElectricity,0,0,0,2,0,0,0,0,0,0,0,1,0,None,None,None,None,None
BOSS_GhostBlackCat,PAL_NAME_GhostBlackCat,BOSS_NAME_GhostBlackCat,None,None,True,GhostBlackCat,BOSS_GhostBlackCat,-1,,M,8,Dark,None,Humanoid,None,None,False,102,100,95,70,100,100,3.900000,2.700000,3.700000,0.000000,1.000000,0.240000,1.000000,1.000000,0.700000,10.000000,1654.000000,1.000000,Boss,None,60,120,360,540,240,108,162,True,False,False,True,FieldBoss_Tier_5,False,False,False,450,1.000000,6,25,90,1.000000,False,True,9,False,True,100,50,2250,225000,False,0.000000,0.000000,"(X=0.000000,Y=0.000000,Z=0.000000)",Handcraft,0,0,0,0,2,0,1,0,0,1,0,1,0,None,None,None,None,None
BOSS_ThiefBird,PAL_NAME_ThiefBird,BOSS_NAME_ThiefBird,None,None,True,ThiefBird,BOSS_ThiefBird,-1,,L,8,Dark,None,Bird,None,None,False,132,100,115,95,100,100,2.400000,1.900000,2.700000,0.000000,1.000000,0.240000,1.000000,1.000000,0.700000,10.000000,4526.000000,1.000000,Boss,None,100,170,950,1450,450,950,950,True,False,False,True,FieldBoss_Tier_3,False,False,False,560,1.000000,8,25,90,1.000000,False,True,9,False,True,200,60,530,53000,False,0.000000,0.000000,"(X=0.000000,Y=0.000000,Z=0.000000)",Collection,0,0,0,0,0,5,0,0,0,0,0,5,0,None,None,None,None,None
BOSS_OniGhostGirl,PAL_NAME_OniGhostGirl,BOSS_NAME_OniGhostGirl,None,None,True,OniGhostGirl,BOSS_OniGhostGirl,-1,,M,5,Dark,None,Humanoid,None,None,False,84,100,85,80,100,100,4.800000,3.100000,3.300000,0.000000,1.000000,0.240000,1.000000,1.000000,0.700000,10.000000,3250.000000,1.000000,Boss,None,100,150,400,600,300,400,400,True,False,False,True,FieldBoss_Tier_4,False,False,False,290,1.000000,5,25,90,1.000000,False,True,9,False,True,100,40,1540,154000,False,0.000000,0.000000,"(X=0.000000,Y=0.000000,Z=0.000000)",ProductMedicine,0,0,0,0,3,0,0,0,0,4,0,2,0,None,None,None,None,None
BOSS_KingCrab,PAL_NAME_KingCrab,BOSS_NAME_KingCrab,None,None,True,KingCrab,BOSS_KingCrab,-1,,M,5,Water,None,FourLegged,None,None,False,120,100,100,100,100,100,3.000000,2.500000,2.500000,0.000000,1.000000,0.240000,1.000000,1.000000,0.700000,10.000000,6000.000000,1.000000,Boss,None,-1,-1,-1,-1,-1,-1,-1,True,False,False,True,FieldBoss_Tier_3,False,False,False,150,1.000000,2,25,90,1.000000,False,False,9,False,True,100,50,9999,999900,True,0.000000,0.000000,"(X=0.000000,Y=0.000000,Z=0.000000)",EmitFlame,0,0,0,0,0,0,0,0,0,0,0,0,0,None,None,None,None,None
BOSS_Plesiosaur,PAL_NAME_Plesiosaur,BOSS_NAME_Plesiosaur,None,None,True,Plesiosaur,BOSS_Plesiosaur,-1,,XL,8,Leaf,Earth,FourLegged,None,None,False,156,100,95,120,100,100,1.200000,2.700000,1.700000,0.000000,1.000000,0.240000,1.000000,1.000000,0.700000,10.000000,5724.000000,1.000000,Boss,None,70,95,600,1120,-1,180,306,True,False,False,True,FieldBoss_Tier_4,False,False,False,460,1.000000,7,25,90,1.000000,False,False,9,False,True,270,50,1030,103000,False,303.029999,100.000000,"(X=0.000000,Y=0.000000,Z=-303.029000)",Seeding,0,0,5,0,0,5,0,3,0,0,0,0,0,Deffence_up2_2,None,None,None,None
BOSS_TropicalOstrich,PAL_NAME_TropicalOstrich,BOSS_NAME_TropicalOstrich,None,None,True,TropicalOstrich,BOSS_TropicalOstrich,-1,,L,8,Leaf,None,Other,None,None,False,126,100,110,115,100,100,2.700000,2.100000,1.900000,0.000000,1.000000,0.240000,1.000000,1.000000,0.700000,10.000000,5058.000000,1.000000,Boss,None,150,180,550,1100,400,165,300,True,False,False,True,FieldBoss_Tier_4,False,False,False,410,1.000000,6,25,90,1.000000,False,False,9,False,True,180,50,1240,124000,False,167.580002,60.000000,"(X=0.000000,Y=0.000000,Z=-167.585000)",Mining,0,0,4,0,0,4,0,5,0,0,0,0,0,None,None,None,None,None
BOSS_GrassGolem,PAL_NAME_GrassGolem,BOSS_NAME_GrassGolem,None,None,True,GrassGolem,BOSS_GrassGolem,-1,,XL,8,Earth,Leaf,Humanoid,None,None,False,132,100,105,125,100,100,2.400000,2.300000,1.500000,0.000000,1.000000,0.240000,1.000000,1.000000,0.700000,10.000000,6226.000000,1.000000,Boss,None,100,200,600,900,350,180,240,True,False,False,True,FieldBoss_Tier_2,False,False,False,550,1.000000,8,25,90,1.000000,False,False,9,False,True,210,50,510,51000,False,0.000000,0.000000,"(X=0.000000,Y=0.000000,Z=0.000000)",Mining,0,0,3,0,0,3,5,6,0,0,0,6,0,Deffence_up2_2,None,None,None,BossDefeatReward_GrassGolem
BOSS_GrassGolem_Dark,PAL_NAME_GrassGolem_Dark,BOSS_NAME_GrassGolem_Dark,None,None,True,GrassGolem_Dark,BOSS_GrassGolem_Dark,-1,,XL,8,Earth,Dark,Humanoid,None,None,False,132,100,110,125,100,100,2.400000,2.100000,1.500000,0.000000,1.000000,0.240000,1.000000,1.000000,0.700000,10.000000,6468.000000,1.000000,Boss,None,100,200,600,900,350,600,600,True,False,False,True,FieldBoss_Tier_2,False,False,False,550,1.000000,8,25,90,1.000000,False,True,9,False,True,210,50,250,25000,False,0.000000,0.000000,"(X=0.000000,Y=0.000000,Z=0.000000)",Mining,0,0,3,0,0,3,5,6,0,0,0,6,0,Deffence_up2_2,None,None,None,BossDefeatReward_GrassGolem_Dark
BOSS_SnowPeafowl,PAL_NAME_SnowPeafowl,BOSS_NAME_SnowPeafowl,None,None,True,SnowPeafowl,BOSS_SnowPeafowl,-1,,L,5,Ice,None,Other,None,None,False,132,100,100,100,100,100,2.400000,2.500000,2.500000,0.000000,1.000000,0.240000,1.000000,1.000000,0.700000,10.000000,4764.000000,1.000000,Boss,None,50,100,500,750,-1,150,225,True,False,False,True,FieldBoss_Tier_3,False,False,False,300,1.000000,5,25,90,1.000000,False,False,9,False,True,100,50,860,86000,False,120.419998,34.000000,"(X=0.000000,Y=0.000000,Z=-120.425000)",Cool,0,0,0,0,0,2,0,0,0,0,4,0,0,None,None,None,None,None
BOSS_CubeTurtle,PAL_NAME_CubeTurtle,BOSS_NAME_CubeTurtle,None,None,True,CubeTurtle,BOSS_CubeTurtle,-1,,XL,8,Earth,None,FourLegged,None,None,False,114,100,100,135,100,100,3.300000,2.500000,1.100000,0.000000,1.000000,0.240000,1.000000,1.000000,0.700000,10.000000,4872.000000,1.000000,Boss,None,80,80,360,640,360,360,360,True,False,False,True,FieldBoss_Tier_3,False,False,False,580,1.000000,8,25,90,1.000000,False,False,9,False,True,200,50,790,79000,False,0.000000,0.000000,"(X=0.000000,Y=0.000000,Z=0.000000)",Mining,0,0,0,0,0,0,0,4,0,0,0,0,0,None,None,None,None,BossDefeatReward_CubeTurtle
BOSS_CubeTurtle_Neutral,PAL_NAME_CubeTurtle_Neutral,BOSS_NAME_CubeTurtle_Neutral,None,None,True,CubeTurtle_Neutral,BOSS_CubeTurtle_Neutral,-1,,XL,8,Normal,None,FourLegged,None,None,False,114,100,100,140,100,100,3.300000,2.500000,1.000000,0.000000,1.000000,0.240000,1.000000,1.000000,0.700000,10.000000,5890.000000,1.000000,Boss,None,80,80,360,640,360,360,360,True,False,False,True,FieldBoss_Tier_3,False,False,False,550,1.000000,8,25,90,1.000000,False,False,9,False,True,200,50,200,20000,False,0.000000,0.000000,"(X=0.000000,Y=0.000000,Z=0.000000)",Mining,0,0,0,0,0,0,0,6,0,0,0,0,0,None,None,None,None,BossDefeatReward_CubeTurtle_Neutral
BOSS_LongCat,PAL_NAME_LongCat,BOSS_NAME_LongCat,None,None,True,LongCat,BOSS_LongCat,-1,,M,5,Normal,None,FourLegged,None,None,False,90,100,80,70,100,100,4.500000,3.300000,3.700000,0.000000,1.000000,0.240000,1.000000,1.000000,0.700000,10.000000,3368.000000,1.000000,Boss,None,50,70,700,900,150,210,270,True,False,False,True,FieldBoss_Tier_5,False,False,False,230,1.000000,4,25,90,1.000000,False,False,9,False,True,100,50,1900,190000,False,0.000000,0.000000,"(X=0.000000,Y=0.000000,Z=0.000000)",Collection,0,0,0,0,0,2,0,0,0,0,0,0,0,None,None,None,None,None
BOSS_JellyfishGhost,PAL_NAME_JellyfishGhost,BOSS_NAME_JellyfishGhost,None,None,True,JellyfishGhost,BOSS_JellyfishGhost,-1,,M,5,Water,Dark,Humanoid,None,None,False,108,100,75,75,100,100,3.600000,3.500000,3.500000,0.000000,1.000000,0.240000,1.000000,1.000000,0.700000,10.000000,2656.000000,1.000000,Boss,None,100,200,400,600,300,720,1080,True,False,False,True,FieldBoss_Tier_5,False,False,False,220,1.000000,3,25,90,1.000000,False,True,9,False,True,100,50,2590,259000,False,81.580002,34.000000,"(X=0.000000,Y=0.000000,Z=-70.000000)",Watering,0,2,0,0,1,0,0,0,0,1,0,1,0,None,None,None,None,None
BOSS_ThunderFluffyBird,PAL_NAME_ThunderFluffyBird,BOSS_NAME_ThunderFluffyBird,None,None,True,ThunderFluffyBird,BOSS_ThunderFluffyBird,-1,,L,8,Electricity,None,Bird,None,None,False,90,100,85,80,100,100,4.500000,3.100000,3.300000,0.000000,1.000000,0.240000,1.000000,1.000000,0.700000,10.000000,3926.000000,1.000000,Boss,None,100,150,700,1100,300,210,300,True,False,False,True,FieldBoss_Tier_3,False,False,False,450,1.000000,6,25,90,1.000000,False,False,9,False,True,140,50,1400,140000,False,0.000000,0.000000,"(X=0.000000,Y=0.000000,Z=0.000000)",GenerateElectricity,0,0,0,6,0,3,0,0,0,0,0,3,0,None,None,None,None,BossDefeatReward_ThunderFluffyBird
BOSS_MoonChild,PAL_NAME_MoonChild,BOSS_NAME_MoonChild,None,None,True,MoonChild,BOSS_MoonChild,-1,,M,5,Dark,None,Humanoid,None,None,False,96,100,90,60,100,100,4.200000,2.900000,4.100000,0.000000,1.000000,0.240000,1.000000,1.000000,0.700000,10.000000,4842.000000,1.000000,Boss,None,90,130,450,600,300,450,450,True,False,False,True,FieldBoss_Tier_4,False,False,False,380,1.000000,5,25,90,1.000000,False,True,9,False,True,100,50,1180,118000,False,0.000000,0.000000,"(X=0.000000,Y=0.000000,Z=0.000000)",Handcraft,0,0,0,0,6,0,0,0,0,6,0,1,0,None,None,None,None,BossDefeatReward_MoonChild
BOSS_SamuraiDog,PAL_NAME_SamuraiDog,BOSS_NAME_SamuraiDog,None,None,True,SamuraiDog,BOSS_SamuraiDog,-1,,S,5,Earth,None,FourLegged,None,None,False,84,100,80,70,100,100,4.800000,3.300000,3.700000,0.000000,1.000000,0.240000,1.000000,1.000000,0.700000,10.000000,952.000000,1.000000,Boss,None,25,45,400,600,200,120,180,True,False,False,True,FieldBoss_Tier_4,False,False,False,100,1.000000,1,25,90,1.000000,False,False,9,False,True,100,50,2930,293000,False,0.000000,0.000000,"(X=0.000000,Y=0.000000,Z=0.000000)",Collection,0,0,0,0,0,1,1,0,0,0,0,1,0,None,None,None,None,None
BOSS_PoseidonOrca,PAL_NAME_PoseidonOrca,BOSS_NAME_PoseidonOrca,None,None,True,PoseidonOrca,BOSS_PoseidonOrca,-1,,XL,8,Water,None,Other,None,None,False,126,100,145,125,100,100,2.700000,1.000000,1.500000,0.000000,3.738395,0.240000,1.000000,1.000000,0.700000,10.000000,8554.000000,1.000000,Boss,None,150,300,750,1220,450,1800,2000,True,False,False,True,Legend,False,False,False,620,1.000000,9,25,90,1.000000,False,False,9,False,True,410,50,160,16000,True,433.260010,120.000000,"(X=0.000000,Y=0.000000,Z=-433.255000)",Watering,0,7,0,0,0,0,0,0,0,0,0,0,0,Legend,Nushi,None,None,BossDefeatReward_PoseidonOrca
BOSS_SwordCutlassfish,PAL_NAME_SwordCutlassfish,BOSS_NAME_SwordCutlassfish,None,None,True,SwordCutlassfish,BOSS_SwordCutlassfish,-1,,L,8,Water,None,Fish,None,None,False,84,100,100,80,100,100,4.800000,2.500000,3.300000,0.000000,1.000000,0.240000,1.000000,1.000000,0.700000,10.000000,2684.000000,1.000000,Boss,None,100,200,500,800,300,900,1440,True,False,False,True,FieldBoss_Tier_3,False,False,False,340,1.000000,5,25,90,1.000000,False,False,9,False,True,100,50,1420,142000,False,0.000000,0.000000,"(X=0.000000,Y=0.000000,Z=0.000000)",Watering,0,4,0,0,0,1,4,0,0,0,0,0,0,None,None,None,None,None
BOSS_SwordCutlassfish_Fire,PAL_NAME_SwordCutlassfish_Fire,BOSS_NAME_SwordCutlassfish_Fire,None,None,True,SwordCutlassfish_Fire,BOSS_SwordCutlassfish_Fire,-1,,L,8,Water,Fire,Fish,None,None,False,84,100,105,80,100,100,4.800000,2.300000,3.300000,0.000000,1.000000,0.240000,1.000000,1.000000,0.700000,10.000000,2884.000000,1.000000,Boss,None,100,200,500,800,300,900,1440,True,False,False,True,FieldBoss_Tier_3,False,False,False,340,1.000000,5,25,90,1.000000,False,False,9,False,True,100,50,1590,159000,False,0.000000,0.000000,"(X=0.000000,Y=0.000000,Z=0.000000)",EmitFlame,3,2,0,0,0,2,3,0,0,0,0,0,0,None,None,None,None,None
BOSS_NegativeOctopus_Neutral,PAL_NAME_NegativeOctopus_Neutral,BOSS_NAME_NegativeOctopus_Neutral,None,None,True,NegativeOctopus_Neutral,BOSS_NegativeOctopus_Neutral,-1,,M,5,Normal,Water,Other,None,None,False,84,100,60,70,100,100,4.800000,4.100000,3.700000,0.000000,1.000000,0.240000,1.000000,1.000000,0.700000,10.000000,842.000000,1.000000,Boss,None,60,120,400,550,260,400,400,True,False,False,True,FieldBoss_Tier_5,False,False,False,150,1.000000,2,25,90,1.000000,False,False,9,False,True,100,50,2540,254000,False,160.000000,80.000000,"(X=0.000000,Y=0.000000,Z=-170.000000)",Transport,0,1,0,0,0,1,0,0,0,0,0,2,0,None,None,None,None,None
BOSS_Penguin_Electric,PAL_NAME_Penguin_Electric,BOSS_NAME_Penguin_Electric,None,None,True,Penguin_Electric,BOSS_Penguin_Electric,-1,,S,5,Water,Electricity,Humanoid,None,None,False,84,100,80,70,100,100,4.800000,3.300000,3.700000,0.000000,1.000000,0.240000,1.000000,1.000000,0.630000,10.000000,1122.000000,1.000000,Boss,None,30,60,500,650,265,500,650,True,False,False,True,FieldBoss_Tier_5,False,False,False,100,1.000000,1,25,90,1.000000,False,False,9,False,True,100,50,2490,249000,False,100.000000,80.000000,"(X=0.000000,Y=0.000000,Z=-100.000000)",GenerateElectricity,0,1,0,2,1,0,0,0,0,0,0,1,0,None,None,None,None,None
BOSS_CaptainPenguin_Black,PAL_NAME_CaptainPenguin_Black,BOSS_NAME_CaptainPenguin_Black,None,None,True,CaptainPenguin_Black,BOSS_CaptainPenguin_Black,-1,,L,8,Water,Electricity,Humanoid,None,None,False,120,100,100,100,100,100,3.000000,2.500000,2.500000,0.000000,1.000000,0.240000,1.000000,1.000000,0.700000,10.000000,3366.000000,1.000000,Boss,None,50,110,450,600,280,810,1080,True,False,False,True,FieldBoss_Tier_5,False,False,False,270,1.000000,4,25,90,1.000000,False,False,9,False,True,100,50,1850,185000,False,120.000000,100.000000,"(X=0.000000,Y=0.000000,Z=-30.000000)",GenerateElectricity,0,2,0,3,2,0,0,3,0,0,0,3,0,None,None,None,None,None
BOSS_FlyingManta_Thunder,PAL_NAME_FlyingManta_Thunder,BOSS_NAME_FlyingManta_Thunder,None,None,True,FlyingManta_Thunder,BOSS_FlyingManta_Thunder,-1,,M,5,Water,Electricity,Other,None,None,False,96,100,75,80,100,100,4.200000,3.500000,3.300000,0.000000,1.000000,0.240000,1.000000,1.000000,0.770000,10.000000,1316.000000,1.000000,Boss,None,30,150,550,700,350,550,550,True,False,False,True,FieldBoss_Tier_5,False,False,False,150,1.000000,2,25,90,1.000000,False,False,9,False,True,100,50,2380,238000,False,100.000000,80.000000,"(X=0.000000,Y=0.000000,Z=-30.000000)",GenerateElectricity,0,1,0,2,0,0,0,0,0,0,0,1,0,None,None,None,None,None
BOSS_BluePlatypus_Fire,PAL_NAME_BluePlatypus_Fire,BOSS_NAME_BluePlatypus_Fire,None,None,True,BluePlatypus_Fire,BOSS_BluePlatypus_Fire,-1,,S,5,Water,Fire,Humanoid,None,None,False,72,100,85,60,100,100,5.400000,3.100000,4.100000,0.000000,1.000000,0.240000,1.000000,1.000000,0.770000,10.000000,926.000000,1.000000,Boss,None,70,105,300,400,202,300,300,True,False,False,True,FieldBoss_Tier_5,False,False,False,100,1.000000,1,25,90,1.000000,False,False,9,False,True,100,50,2300,230000,False,90.000000,60.000000,"(X=0.000000,Y=0.000000,Z=-30.000000)",EmitFlame,2,2,0,0,1,0,0,0,0,0,0,1,0,None,None,None,None,None
BOSS_LazyCatfish_Gold,PAL_NAME_LazyCatfish_Gold,BOSS_NAME_LazyCatfish_Gold,None,None,True,LazyCatfish_Gold,BOSS_LazyCatfish_Gold,-1,,M,8,Earth,Water,Fish,None,None,False,126,100,75,100,100,100,2.700000,3.500000,2.500000,0.000000,1.000000,0.240000,1.000000,1.000000,0.700000,10.000000,39800.000000,1.000000,Boss,None,100,150,450,600,300,810,1080,True,False,False,True,FieldBoss_Tier_4,False,False,False,230,1.000000,3,25,90,1.000000,False,False,9,False,True,100,50,1620,162000,False,100.000000,100.000000,"(X=-0.000000,Y=0.000000,Z=-100.322000)",MonsterFarm,0,2,0,0,0,0,0,2,0,0,0,1,4,None,None,None,None,None
BOSS_TentacleTurtle_Ground,PAL_NAME_TentacleTurtle_Ground,BOSS_NAME_TentacleTurtle_Ground,None,None,True,TentacleTurtle_Ground,BOSS_TentacleTurtle_Ground,-1,,M,5,Water,Earth,Other,None,None,False,102,100,85,125,100,100,3.900000,3.100000,1.500000,0.000000,1.000000,0.240000,1.000000,1.000000,0.700000,10.000000,29900.000000,1.000000,Boss,None,100,150,320,500,190,320,320,True,False,False,True,FieldBoss_Tier_4,False,False,False,280,1.000000,3,25,90,1.000000,False,False,9,False,True,100,50,1330,133000,False,111.099998,34.000000,"(X=0.000000,Y=0.000000,Z=-111.096000)",Mining,0,2,0,0,0,0,0,3,0,0,0,1,0,None,None,None,None,None
BOSS_KendoFrog_Dark,PAL_NAME_KendoFrog_Dark,BOSS_NAME_KendoFrog_Dark,None,None,True,KendoFrog_Dark,BOSS_KendoFrog_Dark,-1,,S,8,Water,Dark,Humanoid,None,None,False,102,100,110,90,100,100,3.900000,2.100000,2.900000,0.000000,1.000000,0.240000,1.000000,1.000000,0.700000,10.000000,2508.000000,1.000000,Boss,None,33,66,300,450,300,540,810,True,False,False,True,FieldBoss_Tier_5,False,False,False,150,1.000000,2,25,90,1.000000,False,True,9,False,True,100,50,1860,186000,False,74.269997,62.889999,"(X=0.000000,Y=0.000000,Z=-73.000000)",Handcraft,0,1,0,0,2,1,0,0,0,0,0,1,0,None,None,None,None,None
BOSS_BlueDragon_Ice,PAL_NAME_BlueDragon_Ice,BOSS_NAME_BlueDragon_Ice,None,None,True,BlueDragon_Ice,BOSS_BlueDragon_Ice,-1,,XL,8,Ice,Dragon,Fish,None,None,False,138,100,105,105,100,100,2.100000,2.300000,2.300000,0.000000,1.000000,0.240000,1.000000,1.000000,0.700000,10.000000,4218.000000,1.000000,Boss,None,75,150,600,900,350,920,1000,True,False,False,True,FieldBoss_Tier_3,False,False,False,340,1.000000,5,25,90,1.000000,False,False,9,False,True,160,50,1220,122000,False,220.000000,80.000000,"(X=0.000000,Y=0.000000,Z=-10.000000)",Cool,0,0,0,0,0,0,0,0,0,0,4,0,0,None,None,None,None,None
BOSS_IceNarwhal_Fire,PAL_NAME_IceNarwhal_Fire,BOSS_NAME_IceNarwhal_Fire,None,None,True,IceNarwhal_Fire,BOSS_IceNarwhal_Fire,-1,,XL,8,Ice,Fire,Fish,None,None,False,126,100,120,110,100,100,2.700000,1.700000,2.100000,0.000000,1.000000,0.240000,1.000000,1.000000,0.700000,10.000000,6194.000000,1.000000,Boss,None,125,250,600,850,400,850,950,True,False,False,True,FieldBoss_Tier_3,False,False,False,560,1.000000,8,25,90,1.000000,False,False,9,False,True,200,42,370,37000,False,339.260010,160.000000,"(X=0.000000,Y=0.000000,Z=-339.260000)",Cool,5,0,0,0,0,0,0,0,0,0,6,0,0,None,None,None,None,BossDefeatReward_IceNarwhal_Fire
BOSS_GhostAnglerFish_Fire,PAL_NAME_GhostAnglerfish_Fire,BOSS_NAME_GhostAnglerfish_Fire,None,None,True,GhostAnglerfish_Fire,BOSS_GhostAnglerFish_Fire,-1,,L,8,Fire,Water,Fish,None,None,False,108,100,130,105,100,100,3.600000,1.300000,2.300000,0.000000,1.000000,0.240000,1.000000,1.000000,0.700000,10.000000,4848.000000,1.000000,Boss,None,100,200,500,800,300,1200,1350,True,False,False,True,FieldBoss_Tier_3,False,False,False,480,1.000000,7,25,90,1.000000,False,False,9,False,True,320,50,720,72000,False,103.300003,41.139999,"(X=0.000000,Y=0.000000,Z=-103.302000)",EmitFlame,5,5,0,0,0,0,0,0,0,0,0,2,0,None,None,None,None,None
BOSS_StuffedShark_Fire,PAL_NAME_StuffedShark_Fire,BOSS_NAME_StuffedShark_Fire,None,None,True,StuffedShark_Fire,BOSS_StuffedShark_Fire,-1,,M,5,Water,Fire,Humanoid,None,None,False,90,100,90,80,100,100,4.500000,2.900000,3.300000,0.000000,1.000000,0.240000,1.000000,1.000000,0.700000,10.000000,1498.000000,1.000000,Boss,None,25,50,250,400,250,250,250,True,False,False,True,FieldBoss_Tier_4,False,False,False,140,1.000000,2,25,90,1.000000,False,False,9,False,True,100,50,2240,224000,False,67.550003,40.000000,"(X=0.000000,Y=0.000000,Z=-67.547000)",EmitFlame,2,2,0,0,0,0,0,0,0,0,0,1,0,None,None,None,None,None
BOSS_MummyPal,PAL_NAME_MummyPal,BOSS_NAME_MummyPal,None,None,True,MummyPal,BOSS_MummyPal,-1,,L,8,Dark,Earth,Humanoid,None,None,False,126,100,120,105,100,100,2.700000,1.700000,2.300000,0.000000,1.000000,0.240000,1.000000,1.000000,0.700000,10.000000,5058.000000,1.000000,Boss,None,75,150,480,720,350,144,216,True,False,False,True,FieldBoss_Tier_3,False,False,False,450,1.000000,6,25,90,1.000000,False,True,9,False,True,100,50,1170,117000,False,67.550003,40.000000,"(X=0.000000,Y=0.000000,Z=-67.547000)",Handcraft,0,0,0,0,5,0,0,0,0,4,0,2,0,None,None,None,None,None
BOSS_KingSunfish,PAL_NAME_KingSunfish,BOSS_NAME_KingSunfish,None,None,True,KingSunfish,BOSS_KingSunfish,-1,,L,5,Water,None,Fish,None,None,False,108,100,90,85,100,100,3.600000,2.900000,3.100000,0.000000,1.000000,0.240000,1.000000,1.000000,0.700000,10.000000,3272.000000,1.000000,Boss,None,30,50,500,1000,150,1100,1300,True,False,False,True,FieldBoss_Tier_5,False,False,False,450,1.000000,6,25,90,1.000000,False,False,9,False,True,220,50,1370,137000,False,67.550003,40.000000,"(X=0.000000,Y=0.000000,Z=-67.547000)",Watering,0,4,0,0,0,0,0,0,0,0,0,0,0,None,None,None,None,None
BOSS_KingSunfish_Thunder,PAL_NAME_KingSunfish_Thunder,BOSS_NAME_KingSunfish_Thunder,None,None,True,KingSunfish_Thunder,BOSS_KingSunfish_Thunder,-1,,L,8,Water,Electricity,Fish,None,None,False,108,100,95,85,100,100,3.600000,2.700000,3.100000,0.000000,1.000000,0.240000,1.000000,1.000000,0.700000,10.000000,3686.000000,1.000000,Boss,None,30,50,500,1000,150,1100,1300,True,False,False,True,FieldBoss_Tier_5,False,False,False,450,1.000000,6,25,90,1.000000,False,False,9,False,True,220,50,1000,100000,False,67.550003,40.000000,"(X=0.000000,Y=0.000000,Z=-67.547000)",GenerateElectricity,0,4,0,6,0,0,0,0,0,0,0,0,0,None,None,None,None,None
BOSS_MonochromeQueen,PAL_NAME_MonochromeQueen,BOSS_NAME_MonochromeQueen,None,None,True,MonochromeQueen,BOSS_MonochromeQueen,-1,,M,8,Dark,Normal,Humanoid,None,None,False,132,100,115,115,100,100,2.400000,1.900000,1.900000,0.000000,1.000000,0.240000,1.000000,1.000000,0.700000,10.000000,7734.000000,1.000000,Boss,None,50,100,450,600,250,450,450,True,False,False,True,FieldBoss_Tier_4,False,False,False,680,1.000000,9,25,90,1.000000,False,True,9,False,True,100,30,280,28000,False,67.550003,40.000000,"(X=0.000000,Y=0.000000,Z=-67.547000)",Handcraft,0,0,0,0,8,4,0,0,0,0,0,2,0,None,None,None,None,None
BOSS_ElecSnail,PAL_NAME_ElecSnail,BOSS_NAME_ElecSnail,None,None,True,ElecSnail,BOSS_ElecSnail,-1,,M,5,Electricity,None,FourLegged,None,None,False,78,100,70,75,100,100,5.100000,3.700000,3.500000,0.000000,1.000000,0.240000,1.000000,1.000000,0.700000,10.000000,3046.000000,1.000000,Boss,None,30,50,360,945,120,50,50,True,False,False,True,FieldBoss_Tier_5,False,False,False,300,1.000000,4,25,90,1.000000,False,False,9,False,True,100,50,1780,178000,False,67.550003,40.000000,"(X=0.000000,Y=0.000000,Z=-67.547000)",GenerateElectricity,0,0,0,4,0,0,0,0,0,0,0,0,0,None,None,None,None,BossDefeatReward_ElecSnail
BOSS_ElecSnail_Fire,PAL_NAME_ElecSnail_Fire,BOSS_NAME_ElecSnail_Fire,None,None,True,ElecSnail_Fire,BOSS_ElecSnail_Fire,-1,,M,5,Fire,None,FourLegged,None,None,False,120,100,100,100,100,100,3.000000,2.500000,2.500000,0.000000,1.000000,0.240000,1.000000,1.000000,0.700000,10.000000,6000.000000,1.000000,Boss,None,30,50,360,945,120,50,50,True,False,False,True,FieldBoss_Tier_5,False,False,False,150,1.000000,2,25,90,1.000000,False,False,9,False,True,100,50,9999,999900,True,67.550003,40.000000,"(X=0.000000,Y=0.000000,Z=-67.547000)",EmitFlame,2,0,0,0,0,0,0,0,0,0,0,0,0,None,None,None,None,None
BOSS_ElecSnail_Ground,PAL_NAME_ElecSnail_Ground,BOSS_NAME_ElecSnail_Ground,None,None,True,ElecSnail_Ground,BOSS_ElecSnail_Ground,-1,,M,5,Electricity,Earth,FourLegged,None,None,False,78,100,70,80,100,100,5.100000,3.700000,3.300000,0.000000,1.000000,0.240000,1.000000,1.000000,0.700000,10.000000,3246.000000,1.000000,Boss,None,30,50,360,945,120,50,50,True,False,False,True,FieldBoss_Tier_5,False,False,False,300,1.000000,4,25,90,1.000000,False,False,9,False,True,100,50,1500,150000,False,67.550003,40.000000,"(X=0.000000,Y=0.000000,Z=-67.547000)",GenerateElectricity,0,0,0,4,0,0,0,0,0,0,0,0,0,None,None,None,None,None
BOSS_LanternButler,PAL_NAME_LanternButler,BOSS_NAME_LanternButler,None,None,True,LanternButler,BOSS_LanternButler,-1,,L,8,Dark,Fire,Humanoid,None,None,False,108,100,100,95,100,100,3.600000,2.500000,2.700000,0.000000,1.000000,0.240000,1.000000,1.000000,0.700000,10.000000,4618.000000,1.000000,Boss,None,25,50,300,450,175,300,300,True,False,False,True,FieldBoss_Tier_3,False,False,False,530,1.000000,7,25,90,1.000000,False,True,9,False,True,100,50,890,89000,False,67.550003,40.000000,"(X=0.000000,Y=0.000000,Z=-67.547000)",EmitFlame,4,0,0,0,4,0,0,0,0,4,0,0,0,None,None,None,None,None
BOSS_SumoDog,PAL_NAME_SumoDog,BOSS_NAME_SumoDog,None,None,True,SumoDog,BOSS_SumoDog,-1,,L,5,Earth,None,FourLegged,None,None,False,138,100,95,100,100,100,2.100000,2.700000,2.500000,0.000000,1.000000,0.240000,1.000000,1.000000,0.700000,10.000000,3624.000000,1.000000,Boss,None,60,120,600,700,120,180,243,True,False,False,True,FieldBoss_Tier_3,False,False,False,420,1.000000,6,25,90,1.000000,False,False,9,False,True,110,50,1190,119000,False,67.550003,40.000000,"(X=0.000000,Y=0.000000,Z=-67.547000)",Mining,0,0,0,0,0,0,0,4,0,0,0,3,0,None,None,None,None,None
BOSS_VenusFlytrap,PAL_NAME_VenusFlytrap,BOSS_NAME_VenusFlytrap,None,None,True,VenusFlytrap,BOSS_VenusFlytrap,-1,,L,8,Leaf,None,Humanoid,None,None,False,102,100,90,85,100,100,3.900000,2.900000,3.100000,0.000000,1.000000,0.240000,1.000000,1.000000,0.700000,10.000000,3750.000000,1.000000,Boss,None,50,100,600,750,330,180,225,True,False,False,True,FieldBoss_Tier_4,False,False,False,530,1.000000,7,25,90,1.000000,False,False,9,True,True,100,40,1700,170000,False,67.550003,40.000000,"(X=0.000000,Y=0.000000,Z=-67.547000)",Seeding,0,0,6,0,4,4,0,0,0,0,0,2,0,None,None,None,None,None
BOSS_StrawHatCat,PAL_NAME_StrawHatCat,BOSS_NAME_StrawHatCat,None,None,True,Strawhatcat,BOSS_StrawHatCat,-1,,M,5,Normal,None,FourLegged,None,None,False,120,100,100,100,100,100,3.000000,2.500000,2.500000,0.000000,1.000000,0.240000,1.000000,1.000000,0.700000,10.000000,6000.000000,1.000000,Boss,None,-1,-1,-1,-1,-1,-1,-1,True,False,False,True,FieldBoss_Tier_4,False,False,False,150,1.000000,2,25,90,1.000000,False,False,9,False,True,100,50,9999,999900,True,67.550003,40.000000,"(X=0.000000,Y=0.000000,Z=-67.547000)",MonsterFarm,0,0,0,0,0,2,0,0,0,0,0,0,3,None,None,None,None,None
BOSS_CandleWitch,PAL_NAME_CandleWitch,BOSS_NAME_CandleWitch,None,None,True,CandleWitch,BOSS_CandleWitch,-1,,M,5,Dark,Fire,Humanoid,None,None,False,120,100,100,100,100,100,3.000000,2.500000,2.500000,0.000000,1.000000,0.240000,1.000000,1.000000,0.700000,10.000000,6000.000000,1.000000,Boss,None,-1,-1,-1,-1,-1,-1,-1,True,False,False,True,FieldBoss_Tier_4,False,False,False,150,1.000000,2,25,90,1.000000,False,True,9,False,True,100,50,9999,999900,True,67.550003,40.000000,"(X=0.000000,Y=0.000000,Z=-67.547000)",EmitFlame,4,0,0,0,4,0,0,0,0,3,0,0,0,None,None,None,None,None
BOSS_FluffyBird,PAL_NAME_FluffyBird,BOSS_NAME_FluffyBird,None,None,True,FluffyBird,BOSS_FluffyBird,-1,,S,5,Ice,None,Other,None,None,False,72,100,80,55,100,100,5.400000,3.300000,4.300000,0.000000,1.000000,0.240000,1.000000,1.000000,0.700000,10.000000,770.000000,1.000000,Boss,None,50,110,300,450,75,90,135,True,False,False,True,FieldBoss_Tier_4,False,False,False,230,1.000000,3,25,90,1.000000,False,False,9,False,True,100,50,2480,248000,False,67.550003,40.000000,"(X=0.000000,Y=0.000000,Z=-67.547000)",Cool,0,0,0,0,0,0,0,0,0,0,2,1,0,None,None,None,None,None
BOSS_FrozenBear,PAL_NAME_FrozenBear,BOSS_NAME_FrozenBear,None,None,True,FrozenBear,BOSS_FrozenBear,-1,,M,5,Ice,None,Humanoid,None,None,False,120,100,100,100,100,100,3.000000,2.500000,2.500000,0.000000,1.000000,0.240000,1.000000,1.000000,0.700000,10.000000,6000.000000,1.000000,Boss,None,-1,-1,-1,-1,-1,-1,-1,True,False,False,True,FieldBoss_Tier_3,False,False,False,150,1.000000,2,25,90,1.000000,False,False,9,False,True,100,50,9999,999900,True,67.550003,40.000000,"(X=0.000000,Y=0.000000,Z=-67.547000)",Cool,0,0,0,0,3,3,0,0,0,0,4,4,0,None,None,None,None,None
BOSS_DandelionGirl,PAL_NAME_DandelionGirl,BOSS_NAME_DandelionGirl,None,None,True,DandelionGirl,BOSS_DandelionGirl,-1,,M,5,Leaf,None,Other,None,None,False,84,100,75,60,100,100,4.800000,3.500000,4.100000,0.000000,1.000000,0.240000,1.000000,1.000000,0.700000,10.000000,3220.000000,1.000000,Boss,None,50,100,300,450,50,300,300,True,False,False,True,FieldBoss_Tier_4,False,False,False,230,1.000000,3,25,90,1.000000,False,False,9,False,True,100,40,2000,200000,False,67.550003,40.000000,"(X=0.000000,Y=0.000000,Z=-67.547000)",Seeding,0,0,2,0,0,0,0,0,0,0,0,2,0,None,None,None,None,None
BOSS_VolcanicTurtle,PAL_NAME_VolcanicTurtle,BOSS_NAME_VolcanicTurtle,None,None,True,VolcanicTurtle,BOSS_VolcanicTurtle,-1,,M,5,Fire,Earth,FourLegged,None,None,False,120,100,100,100,100,100,3.000000,2.500000,2.500000,0.000000,1.000000,0.240000,1.000000,1.000000,0.700000,10.000000,6000.000000,1.000000,Boss,None,-1,-1,-1,-1,-1,-1,-1,True,False,False,True,FieldBoss_Tier_3,False,False,False,150,1.000000,2,25,90,1.000000,False,False,9,False,True,100,50,9999,999900,True,67.550003,40.000000,"(X=0.000000,Y=0.000000,Z=-67.547000)",EmitFlame,5,0,0,0,0,0,0,4,0,0,0,0,0,None,None,None,None,None
BOSS_ClioneTwins,PAL_NAME_ClioneTwins,BOSS_NAME_ClioneTwins,None,None,True,ClioneTwins,BOSS_ClioneTwins,-1,,S,5,Water,None,Other,None,None,False,78,100,70,65,100,100,5.100000,3.700000,3.900000,0.000000,1.000000,0.240000,1.000000,1.000000,0.700000,10.000000,842.000000,1.000000,Boss,None,50,100,450,600,150,450,450,True,False,False,True,FieldBoss_Tier_5,False,False,False,230,1.000000,3,25,90,1.000000,False,False,9,False,True,100,40,2520,252000,False,67.550003,40.000000,"(X=0.000000,Y=0.000000,Z=-67.547000)",Handcraft,0,1,0,0,2,0,0,0,0,0,0,1,0,None,None,None,None,None
BOSS_DarkFlameFox,PAL_NAME_DarkFlameFox,BOSS_NAME_DarkFlameFox,None,None,True,DarkFlameFox,BOSS_DarkFlameFox,-1,,M,8,Dark,Fire,Humanoid,None,None,False,132,100,115,90,100,100,2.400000,1.900000,2.900000,0.000000,1.000000,0.240000,1.000000,1.000000,0.700000,10.000000,4694.000000,1.000000,Boss,None,75,150,500,750,150,150,225,True,False,False,True,FieldBoss_Tier_4,False,False,False,600,1.000000,8,25,90,1.000000,False,True,9,False,True,100,40,1010,101000,False,67.550003,40.000000,"(X=0.000000,Y=0.000000,Z=-67.547000)",Handcraft,4,0,0,0,5,0,0,0,0,3,0,2,0,None,None,None,None,None
BOSS_IceVeilDragon,PAL_NAME_IceVeilDragon,BOSS_NAME_IceVeilDragon,None,None,True,IceVeilDragon,BOSS_IceVeilDragon,-1,,M,5,Dragon,Ice,Dragon,None,None,False,120,100,100,100,100,100,3.000000,2.500000,2.500000,0.000000,1.000000,0.240000,1.000000,1.000000,0.700000,10.000000,6000.000000,1.000000,Boss,None,-1,-1,-1,-1,-1,-1,-1,True,False,False,True,FieldBoss_Tier_2,False,False,False,150,1.000000,2,25,90,1.000000,False,False,9,False,True,100,50,9999,999900,True,67.550003,40.000000,"(X=0.000000,Y=0.000000,Z=-67.547000)",Mining,0,0,0,0,0,0,0,1,0,0,1,0,0,None,None,None,None,None
BOSS_RedFlowerBird,PAL_NAME_RedFlowerBird,BOSS_NAME_RedFlowerBird,None,None,True,RedFlowerBird,BOSS_RedFlowerBird,-1,,L,8,Leaf,None,Humanoid,None,None,False,102,100,85,90,100,100,3.900000,3.100000,2.900000,0.000000,1.000000,0.240000,1.000000,1.000000,0.700000,10.000000,3688.000000,1.000000,Boss,None,80,150,600,600,200,180,180,True,False,False,True,FieldBoss_Tier_4,False,False,False,450,1.000000,6,25,90,1.000000,False,False,9,False,True,100,50,1350,135000,False,67.550003,40.000000,"(X=0.000000,Y=0.000000,Z=-67.547000)",Seeding,0,0,5,0,0,5,0,0,0,0,0,0,0,None,None,None,None,None
BOSS_LotusDragon,PAL_NAME_LotusDragon,BOSS_NAME_LotusDragon,None,None,True,LotusDragon,BOSS_LotusDragon,-1,,XL,8,Leaf,Water,Dragon,None,None,False,156,100,115,120,100,100,1.200000,1.900000,1.700000,0.000000,1.000000,0.240000,1.000000,1.000000,0.700000,10.000000,7768.000000,1.000000,Boss,None,50,175,700,1500,200,1600,1900,True,False,False,True,FieldBoss_Tier_1,False,False,False,620,1.000000,9,25,90,1.000000,False,False,9,False,True,100,50,230,23000,False,67.550003,40.000000,"(X=0.000000,Y=0.000000,Z=-67.547000)",Seeding,0,5,7,0,0,0,0,0,0,0,0,0,0,None,None,None,None,BossDefeatReward_LotusDragon
BOSS_BlueSkyDragon,PAL_NAME_BlueSkyDragon,BOSS_NAME_BlueSkyDragon,None,None,True,BlueSkyDragon,BOSS_BlueSkyDragon,-1,,XL,8,Dragon,Water,Dragon,None,None,False,168,100,135,120,100,100,0.600000,1.100000,1.700000,0.000000,1.000000,0.240000,1.000000,1.000000,0.700000,10.000000,9062.000000,1.000000,Boss,None,50,300,1400,2800,450,1400,1400,True,False,False,True,FieldBoss_Tier_1,False,False,False,620,1.000000,9,25,90,1.000000,False,False,9,False,True,100,50,40,4000,True,67.550003,40.000000,"(X=0.000000,Y=0.000000,Z=-67.547000)",Watering,0,8,0,0,0,5,0,0,0,0,0,0,0,None,None,None,None,None
BOSS_BlueWoolRabbit,PAL_NAME_BlueWoolRabbit,BOSS_NAME_BlueWoolRabbit,None,None,True,BlueWoolRabbit,BOSS_BlueWoolRabbit,-1,,M,5,Ice,None,Humanoid,None,None,False,120,100,100,100,100,100,3.000000,2.500000,2.500000,0.000000,1.000000,0.240000,1.000000,1.000000,0.700000,10.000000,6000.000000,1.000000,Boss,None,-1,-1,-1,-1,-1,-1,-1,True,False,False,True,FieldBoss_Tier_5,False,False,False,150,1.000000,2,25,90,1.000000,False,False,9,False,True,100,50,9999,999900,True,67.550003,40.000000,"(X=0.000000,Y=0.000000,Z=-67.547000)",Cool,0,0,0,0,2,0,0,0,0,0,4,1,0,None,None,None,None,None
BOSS_PandaGirl,PAL_NAME_PandaGirl,BOSS_NAME_PandaGirl,None,None,True,PandaGirl,BOSS_PandaGirl,-1,,M,8,Leaf,None,Humanoid,None,None,False,120,100,115,95,100,100,3.000000,1.900000,2.700000,0.000000,1.000000,0.240000,1.000000,1.000000,0.700000,10.000000,3612.000000,1.000000,Boss,None,60,120,600,750,300,180,225,True,False,False,True,FieldBoss_Tier_4,False,False,False,530,1.000000,7,25,90,1.000000,False,False,9,False,True,100,40,1410,141000,False,67.550003,40.000000,"(X=0.000000,Y=0.000000,Z=-67.547000)",Seeding,0,0,3,0,3,3,0,0,0,0,0,2,0,None,None,None,None,None
BOSS_GrassMinotaur,PAL_NAME_GrassMinotaur,BOSS_NAME_GrassMinotaur,None,None,True,GrassMinotaur,BOSS_GrassMinotaur,-1,,XL,8,Leaf,None,Humanoid,None,None,False,132,100,105,105,100,100,2.400000,2.300000,2.300000,0.000000,1.000000,0.240000,1.000000,1.000000,0.700000,10.000000,4082.000000,1.000000,Boss,None,75,150,700,1000,200,210,300,True,False,False,True,FieldBoss_Tier_3,False,False,False,560,1.000000,8,25,90,1.000000,False,False,9,True,True,100,60,2020,202000,False,67.550003,40.000000,"(X=0.000000,Y=0.000000,Z=-67.547000)",Seeding,0,0,3,0,0,2,3,2,0,0,0,3,0,None,None,None,None,None
BOSS_GrassMinotaur_Ice,PAL_NAME_GrassMinotaur_Ice,BOSS_NAME_GrassMinotaur_Ice,None,None,True,GrassMinotaur_Ice,BOSS_GrassMinotaur_Ice,-1,,XL,8,Ice,None,Humanoid,None,None,False,144,100,100,105,100,100,1.800000,2.500000,2.300000,0.000000,1.000000,0.240000,1.000000,1.000000,0.700000,10.000000,4968.000000,1.000000,Boss,None,75,150,700,1000,200,210,300,True,False,False,True,FieldBoss_Tier_3,False,False,False,560,1.000000,8,25,90,1.000000,False,False,9,True,True,100,60,440,44000,False,67.550003,40.000000,"(X=0.000000,Y=0.000000,Z=-67.547000)",Cool,0,0,0,0,0,0,3,3,0,0,5,3,0,None,None,None,None,None
BOSS_MonochromeMushroom,PAL_NAME_MonochromeMushroom,BOSS_NAME_MonochromeMushroom,None,None,True,MonochromeMushroom,BOSS_MonochromeMushroom,-1,,M,5,Leaf,Dark,Other,None,None,False,120,100,100,100,100,100,3.000000,2.500000,2.500000,0.000000,1.000000,0.240000,1.000000,1.000000,0.700000,10.000000,6000.000000,1.000000,Boss,None,-1,-1,-1,-1,-1,-1,-1,True,False,False,True,FieldBoss_Tier_4,False,False,False,150,1.000000,2,25,90,1.000000,False,True,9,False,True,100,50,9999,999900,True,67.550003,40.000000,"(X=0.000000,Y=0.000000,Z=-67.547000)",ProductMedicine,0,0,4,0,0,4,0,0,0,6,0,0,0,None,None,None,None,None
BOSS_SleeveRabbit,PAL_NAME_SleeveRabbit,BOSS_NAME_SleeveRabbit,None,None,True,SleeveRabbit,BOSS_SleeveRabbit,-1,,L,5,Normal,None,Humanoid,None,None,False,126,100,100,100,100,100,2.700000,2.500000,2.500000,0.000000,1.000000,0.240000,1.000000,1.000000,0.700000,10.000000,4928.000000,1.000000,Boss,None,40,40,600,700,100,600,600,True,False,False,True,FieldBoss_Tier_3,False,False,False,400,1.000000,7,25,90,1.000000,False,False,9,False,True,100,40,810,81000,False,67.550003,40.000000,"(X=0.000000,Y=0.000000,Z=-67.547000)",Handcraft,0,0,0,0,6,5,0,0,0,0,0,0,0,None,None,None,None,None
BOSS_MedjedBird,PAL_NAME_MedjedBird,BOSS_NAME_MedjedBird,None,None,True,MedjedBird,BOSS_MedjedBird,-1,,M,5,Dark,None,Bird,None,None,False,120,100,100,100,100,100,3.000000,2.500000,2.500000,0.000000,1.000000,0.240000,1.000000,1.000000,0.700000,10.000000,6000.000000,1.000000,Boss,None,-1,-1,-1,-1,-1,-1,-1,True,False,False,True,FieldBoss_Tier_3,False,False,False,150,1.000000,2,25,90,1.000000,False,True,9,False,True,100,50,9999,999900,True,67.550003,40.000000,"(X=0.000000,Y=0.000000,Z=-67.547000)",ProductMedicine,0,0,0,0,0,0,0,0,0,1,0,1,0,None,None,None,None,None
BOSS_Mothman,PAL_NAME_Mothman,BOSS_NAME_Mothman,None,None,True,Mothman,BOSS_Mothman,-1,,XL,8,Leaf,None,Humanoid,None,None,False,168,100,120,110,100,100,0.600000,1.700000,2.100000,0.000000,1.000000,0.040000,1.300000,1.500000,0.700000,10.000000,8872.000000,1.000000,Boss,None,60,120,500,750,500,500,500,True,False,False,True,FieldBoss_Tier_5,False,False,False,630,1.000000,9,25,90,1.000000,False,False,9,False,True,100,50,80,8000,True,67.550003,40.000000,"(X=0.000000,Y=0.000000,Z=-67.547000)",ProductMedicine,0,0,6,0,6,4,0,0,0,8,0,2,0,None,None,None,None,BossDefeatReward_Mothman
BOSS_GhostDragon,PAL_NAME_GhostDragon,BOSS_NAME_GhostDragon,None,None,True,GhostDragon,BOSS_GhostDragon,-1,,XL,8,Dragon,Dark,Dragon,None,None,False,138,100,125,120,100,100,2.100000,1.500000,1.700000,0.000000,1.000000,0.240000,1.000000,1.000000,0.700000,10.000000,6646.000000,1.000000,Boss,None,100,200,1400,2750,400,1400,1400,True,False,False,True,FieldBoss_Tier_1,False,False,False,620,1.000000,9,25,90,1.000000,False,True,9,True,True,130,50,300,30000,False,67.550003,40.000000,"(X=0.000000,Y=0.000000,Z=-67.547000)",Transport,0,0,0,0,0,0,0,0,0,0,0,6,0,None,None,None,None,BossDefeatReward_GhostDragon
BOSS_GhostDragon_Fire,PAL_NAME_GhostDragon_Fire,BOSS_NAME_GhostDragon_Fire,None,None,True,GhostDragon_Fire,BOSS_GhostDragon_Fire,-1,,XL,8,Dragon,Fire,Dragon,None,None,False,138,100,130,120,100,100,2.100000,1.300000,1.700000,0.000000,1.000000,0.240000,1.000000,1.000000,0.700000,10.000000,7042.000000,1.000000,Boss,None,100,200,1400,2750,400,1400,1400,True,False,False,True,FieldBoss_Tier_1,False,False,False,620,1.000000,9,25,90,1.000000,False,False,9,True,True,130,50,140,14000,False,67.550003,40.000000,"(X=0.000000,Y=0.000000,Z=-67.547000)",EmitFlame,6,0,0,0,0,0,0,0,0,0,0,6,0,None,None,None,None,None
BOSS_FlowerPrince,PAL_NAME_FlowerPrince,BOSS_NAME_FlowerPrince,None,None,True,FlowerPrince,BOSS_FlowerPrince,-1,,L,8,Leaf,Dark,Humanoid,None,None,False,150,100,135,110,100,100,1.500000,1.100000,2.100000,0.000000,1.000000,0.040000,1.300000,1.000000,0.700000,10.000000,8884.000000,1.000000,Boss,None,50,160,1000,1000,300,1000,1000,True,False,False,True,FieldBoss_Tier_5,False,False,False,630,1.000000,9,25,90,1.000000,False,True,9,False,True,100,60,60,6000,True,67.550003,40.000000,"(X=0.000000,Y=0.000000,Z=-67.547000)",Seeding,0,0,8,0,6,5,0,0,0,6,0,3,0,None,None,None,None,BossDefeatReward_FlowerPrince
BOSS_WorldTreeDragon,PAL_NAME_WorldTreeDragon,BOSS_NAME_WorldTreeDragon,None,None,True,WorldTreeDragon,BOSS_WorldTreeDragon,-1,,XL,8,None,None,None,None,None,False,240,100,200,200,100,100,0.100000,1.000000,1.000000,0.000000,1.000000,0.240000,1.000000,1.000000,0.700000,10.000000,20000.000000,1.000000,Boss,None,-1,400,-1,-1,-1,-1,-1,True,False,False,True,WorldTreeDragon,False,False,False,600,1.000000,9,25,90,1.000000,False,False,9,False,True,100,50,10,1000,True,67.550003,40.000000,"(X=0.000000,Y=0.000000,Z=-67.547000)",EmitFlame,0,0,0,0,0,0,0,0,0,0,0,0,0,None,None,None,None,None
BOSS_KabukiMan,PAL_NAME_KabukiMan,BOSS_NAME_KabukiMan,None,None,True,KabukiMan,BOSS_KabukiMan,-1,,XL,8,Fire,None,Humanoid,None,None,False,126,100,120,100,100,100,2.700000,1.700000,2.500000,0.000000,1.000000,0.240000,1.000000,1.000000,0.700000,10.000000,8056.000000,1.000000,Boss,None,100,200,400,500,250,400,500,True,False,False,True,FieldBoss_Tier_3,False,False,False,560,1.000000,8,25,90,1.000000,False,False,9,False,True,100,60,290,29000,False,67.550003,40.000000,"(X=0.000000,Y=0.000000,Z=-67.547000)",EmitFlame,8,0,0,0,6,5,0,0,0,0,0,5,0,None,None,None,None,BossDefeatReward_KabukiMan
BOSS_DomeArmorDragon,PAL_NAME_DomeArmorDragon,BOSS_NAME_DomeArmorDragon,None,None,True,DomeArmorDragon,BOSS_DomeArmorDragon,-1,,XL,8,Dragon,Earth,Dragon,None,None,False,126,100,125,140,100,100,2.700000,1.500000,1.000000,0.000000,1.000000,0.240000,1.000000,1.000000,0.700000,10.000000,8232.000000,1.000000,Boss,None,115,230,850,1100,360,255,330,True,False,False,True,FieldBoss_Tier_2,False,False,False,600,1.000000,9,25,90,1.000000,False,False,9,True,True,300,50,30,3000,False,67.550003,40.000000,"(X=0.000000,Y=0.000000,Z=-67.547000)",Mining,0,0,0,0,0,0,0,8,0,0,0,0,0,Deffence_up2_2,None,None,None,BossDefeatReward_DomeArmorDragon
BOSS_RockCheetah,PAL_NAME_RockCheetah,BOSS_NAME_RockCheetah,None,None,True,RockCheetah,BOSS_RockCheetah,-1,,M,5,Earth,None,Humanoid,None,None,False,120,100,100,100,100,100,3.000000,2.500000,2.500000,0.000000,1.000000,0.240000,1.000000,1.000000,0.700000,10.000000,6000.000000,1.000000,Boss,None,-1,-1,-1,-1,-1,-1,-1,True,False,False,True,FieldBoss_Tier_2,False,False,False,150,1.000000,2,25,90,1.000000,False,False,9,False,True,100,50,9999,999900,True,67.550003,40.000000,"(X=0.000000,Y=0.000000,Z=-67.547000)",Handcraft,0,0,0,0,1,0,1,1,0,0,0,1,0,None,None,None,None,None
BOSS_ArmorWoodlouse,PAL_NAME_ArmorWoodlouse,BOSS_NAME_ArmorWoodlouse,None,None,True,ArmorWoodlouse,BOSS_ArmorWoodlouse,-1,,M,5,Earth,None,Humanoid,None,None,False,120,100,100,100,100,100,3.000000,2.500000,2.500000,0.000000,1.000000,0.240000,1.000000,1.000000,0.700000,10.000000,6000.000000,1.000000,Boss,None,-1,-1,-1,-1,-1,-1,-1,True,False,False,True,FieldBoss_Tier_2,False,False,False,150,1.000000,2,25,90,1.000000,False,False,9,False,True,100,50,9999,999900,True,67.550003,40.000000,"(X=0.000000,Y=0.000000,Z=-67.547000)",Deforest,0,0,0,0,0,0,1,1,0,0,0,1,0,None,None,None,None,None
BOSS_MexicanSalamander,PAL_NAME_MexicanSalamander,BOSS_NAME_MexicanSalamander,None,None,True,MexicanSalamander,BOSS_MexicanSalamander,-1,,M,5,Earth,Leaf,Humanoid,None,None,False,120,100,100,100,100,100,3.000000,2.500000,2.500000,0.000000,1.000000,0.240000,1.000000,1.000000,0.700000,10.000000,6000.000000,1.000000,Boss,None,-1,-1,-1,-1,-1,-1,-1,True,False,False,True,FieldBoss_Tier_2,False,False,False,150,1.000000,2,25,90,1.000000,False,False,9,False,True,100,50,9999,999900,True,67.550003,40.000000,"(X=0.000000,Y=0.000000,Z=-67.547000)",Seeding,0,0,1,0,1,1,0,0,0,1,0,0,0,None,None,None,None,None
BOSS_LeafBird,PAL_NAME_LeafBird,BOSS_NAME_LeafBird,None,None,True,LeafBird,BOSS_LeafBird,-1,,M,5,Leaf,None,Humanoid,None,None,False,120,100,100,100,100,100,3.000000,2.500000,2.500000,0.000000,1.000000,0.240000,1.000000,1.000000,0.700000,10.000000,6000.000000,1.000000,Boss,None,-1,-1,-1,-1,-1,-1,-1,True,False,False,True,FieldBoss_Tier_2,False,False,False,150,1.000000,2,25,90,1.000000,False,False,9,False,True,100,50,9999,999900,True,67.550003,40.000000,"(X=0.000000,Y=0.000000,Z=-67.547000)",Seeding,0,0,1,0,0,1,0,0,0,0,0,0,0,None,None,None,None,None
BOSS_CuteOrca,PAL_NAME_CuteOrca,BOSS_NAME_CuteOrca,None,None,True,CuteOrca,BOSS_CuteOrca,-1,,M,5,Water,None,Humanoid,None,None,False,120,100,100,100,100,100,3.000000,2.500000,2.500000,0.000000,1.000000,0.240000,1.000000,1.000000,0.700000,10.000000,6000.000000,1.000000,Boss,None,-1,-1,-1,-1,-1,-1,-1,True,False,False,True,FieldBoss_Tier_2,False,False,False,150,1.000000,2,25,90,1.000000,False,False,9,False,True,100,50,9999,999900,True,67.550003,40.000000,"(X=0.000000,Y=0.000000,Z=-67.547000)",Watering,0,1,0,0,0,0,0,0,0,0,0,0,0,None,None,None,None,None
BOSS_SnakeQueen,PAL_NAME_SnakeQueen,BOSS_NAME_SnakeQueen,None,None,True,SnakeQueen,BOSS_SnakeQueen,-1,,M,5,Dark,None,Other,None,None,False,120,100,100,100,100,100,3.000000,2.500000,2.500000,0.000000,1.000000,0.240000,1.000000,1.000000,0.700000,10.000000,6000.000000,1.000000,Boss,None,-1,-1,-1,-1,-1,-1,-1,True,False,False,True,FieldBoss_Tier_2,False,False,False,150,1.000000,2,25,90,1.000000,False,True,9,False,True,100,50,9999,999900,True,67.550003,40.000000,"(X=0.000000,Y=0.000000,Z=-67.547000)",Deforest,0,0,0,0,0,0,1,0,0,1,0,0,0,None,None,None,None,None
BrownRabbit,None,None,None,None,True,BrownRabbit,BrownRabbit,165,,S,3,Earth,None,Humanoid,None,None,False,70,100,75,80,100,100,5.500000,3.500000,3.300000,0.000000,1.000000,1.000000,1.000000,1.000000,1.000000,1.000000,777.000000,1.000000,Escape_to_Battle,None,50,100,480,720,220,864,1296,False,False,False,False,Cute,False,False,False,300,1.000000,4,25,90,1.000000,False,False,0,False,True,100,50,1680,168000,False,66.000000,34.000000,"(X=0.000000,Y=0.000000,Z=-30.000000)",Collection,0,0,0,0,3,4,0,2,0,0,0,1,0,None,None,None,None,None
ElecLion,None,None,None,None,True,ElecLion,ElecLion,-1,,M,0,Electricity,None,FourLegged,None,None,False,100,100,110,70,100,100,4.000000,2.100000,3.700000,0.000000,1.000000,1.000000,1.000000,1.000000,1.000000,1.000000,4200.000000,1.000000,Warlike,None,85,85,800,1000,442,240,300,False,False,False,False,Cool,False,False,False,350,1.000000,5,25,90,1.000000,False,False,0,False,True,100,50,9999,999900,True,130.000000,60.000000,"(X=0.000000,Y=0.000000,Z=-30.000000)",EmitFlame,0,0,0,0,0,0,0,0,0,0,0,0,0,None,None,None,None,None
GoldenHorse,None,None,None,None,True,GoldenHorse,GoldenHorse,154,,L,8,Earth,None,FourLegged,None,None,False,120,100,110,110,100,100,3.000000,2.100000,2.100000,0.000000,1.000000,1.000000,1.000000,1.000000,1.000000,1.000000,2622.000000,1.000000,Warlike,None,170,270,840,1260,-1,252,378,False,False,False,False,Cool,False,False,False,550,1.000000,8,25,90,1.000000,False,False,3,False,True,200,50,730,73000,False,105.000000,42.470001,"(X=0.000000,Y=0.000000,Z=-105.000000)",Collection,0,0,0,0,0,5,0,0,0,0,0,0,0,None,None,None,None,None
PinkKangaroo,None,None,None,None,True,PinkKangaroo,PinkKangaroo,-1,,M,0,Normal,None,Humanoid,None,None,False,100,100,100,100,100,100,4.000000,2.500000,2.500000,0.000000,1.000000,1.000000,1.000000,1.000000,1.000000,1.000000,3660.000000,1.000000,Escape_to_Battle,None,-1,-1,-1,-1,-1,-1,-1,False,False,False,False,Cute,False,False,False,350,1.000000,5,25,90,1.000000,False,False,0,False,True,100,50,9999,999900,True,0.000000,0.000000,"(X=0.000000,Y=0.000000,Z=0.000000)",EmitFlame,0,0,0,0,0,0,0,0,0,0,0,0,0,None,None,None,None,None
TentacleTurtle,None,None,None,None,True,TentacleTurtle,TentacleTurtle,37,,M,3,Water,None,Other,None,None,False,75,100,75,115,100,100,5.300000,3.500000,1.900000,0.000000,1.000000,1.000000,1.000000,1.000000,1.000000,1.000000,661.000000,1.000000,Warlike,None,100,150,320,500,190,320,320,False,False,False,False,Cool,False,False,False,280,1.000000,3,25,90,1.000000,False,False,0,False,True,100,50,2410,241000,False,80.000000,34.000000,"(X=0.000000,Y=0.000000,Z=-80.000000)",Watering,0,2,0,0,0,0,0,1,0,0,0,1,0,None,None,None,None,None
TentacleTurtle_Ground,None,None,None,None,True,TentacleTurtle_Ground,TentacleTurtle_Ground,37,B,M,4,Water,Earth,Other,None,None,False,85,100,85,125,100,100,4.800000,3.100000,1.500000,0.000000,1.000000,1.000000,1.000000,1.000000,1.000000,1.000000,14950.000000,1.000000,Warlike,None,100,150,320,500,190,320,320,False,False,False,False,Cool,False,False,False,280,1.000000,3,25,90,1.000000,False,False,0,False,True,100,50,1330,577,False,80.000000,34.000000,"(X=0.000000,Y=0.000000,Z=-80.000000)",Mining,0,2,0,0,0,0,0,3,0,0,0,1,0,None,None,None,None,None
BeardedDragon,None,None,None,None,True,BeardedDragon,BeardedDragon,-1,,XL,0,Dragon,None,Dragon,None,None,False,100,100,100,100,100,100,4.000000,2.500000,2.500000,0.000000,1.000000,1.000000,1.000000,1.000000,1.000000,1.000000,9970.000000,1.000000,Escape,None,-1,-1,-1,-1,-1,-1,-1,False,False,False,False,Strong,False,False,False,600,1.000000,9,25,90,1.000000,False,False,0,True,True,100,50,9999,999900,True,0.000000,0.000000,"(X=0.000000,Y=0.000000,Z=0.000000)",EmitFlame,0,0,0,0,0,0,0,0,0,0,0,0,0,None,None,None,None,None
WaterLizard,None,None,None,None,True,WaterLizard,WaterLizard,-1,,M,0,Fire,None,Humanoid,None,None,False,90,120,90,90,80,100,4.500000,2.900000,2.900000,0.000000,1.000000,1.000000,1.000000,1.000000,1.000000,1.000000,4040.000000,1.000000,Warlike,None,-1,-1,-1,-1,-1,-1,-1,False,False,False,False,Cool,False,False,False,350,1.000000,5,25,90,1.000000,False,False,0,False,True,100,50,9999,999900,True,0.000000,0.000000,"(X=0.000000,Y=0.000000,Z=0.000000)",EmitFlame,0,0,0,0,0,0,0,0,0,0,0,0,0,None,None,None,None,None
GrassDragon,None,None,None,None,True,GrassDragon,GrassDragon,-1,,L,0,Leaf,None,Humanoid,None,None,False,130,80,120,90,80,100,2.500000,1.700000,2.900000,0.000000,1.000000,1.000000,1.000000,1.000000,1.000000,1.000000,6510.000000,1.000000,Warlike,None,-1,-1,-1,-1,-1,-1,-1,False,False,False,False,Strong,False,False,False,480,1.000000,7,25,90,1.000000,False,False,0,False,True,100,50,9999,999900,True,0.000000,0.000000,"(X=0.000000,Y=0.000000,Z=0.000000)",ProductMedicine,0,0,0,0,0,0,0,0,0,1,0,0,0,None,None,None,None,None
Anubis,None,None,None,None,True,Anubis,Anubis,139,,M,10,Earth,None,Humanoid,None,None,False,120,130,130,100,100,100,3.000000,1.300000,2.500000,0.000000,1.000000,1.000000,1.000000,1.000000,1.000000,1.000000,3217.000000,1.000000,Warlike,None,80,160,800,1000,480,240,300,False,False,False,False,Cool,False,False,False,540,1.000000,8,25,90,1.000000,False,False,5,True,True,100,50,480,48000,False,110.000000,50.000000,"(X=0.000000,Y=0.000000,Z=-30.000000)",Handcraft,0,0,0,0,6,0,0,6,0,0,0,4,0,ElementBoost_Earth_2_PAL,None,None,None,None
Baphomet,None,None,None,None,True,Baphomet,Baphomet,91,,M,4,Fire,Dark,Humanoid,None,None,False,95,150,100,85,100,100,4.300000,2.500000,3.100000,0.000000,1.000000,1.000000,1.000000,1.000000,1.000000,1.000000,1325.000000,1.000000,Warlike,None,80,160,700,960,320,75,75,False,False,False,False,Strong,False,False,False,380,1.000000,5,25,90,1.000000,False,True,4,True,True,100,50,1470,147000,False,120.000000,80.000000,"(X=0.000000,Y=0.000000,Z=-30.000000)",EmitFlame,3,0,0,0,2,0,0,3,0,0,0,2,0,None,None,None,None,None
Baphomet_Dark,None,None,None,None,True,Baphomet_Dark,Baphomet_Dark,91,B,M,5,Dark,None,Humanoid,None,None,False,95,150,105,85,100,100,4.300000,2.300000,3.100000,0.000000,1.000000,1.000000,1.000000,1.000000,1.000000,1.000000,2036.000000,1.000000,Warlike,None,80,160,700,960,320,75,75,False,False,False,False,Strong,False,False,False,380,1.000000,5,25,90,1.000000,False,True,4,True,True,100,50,1310,131000,False,120.000000,80.000000,"(X=0.000000,Y=0.000000,Z=-30.000000)",Mining,0,0,0,0,3,0,0,4,0,0,0,3,0,None,None,None,None,None
Bastet,None,None,None,None,True,Bastet,Bastet,27,,XS,1,Dark,None,FourLegged,None,None,False,70,70,60,70,100,100,5.500000,4.100000,3.700000,0.000000,1.000000,1.000000,1.000000,1.000000,1.000000,1.000000,665.000000,1.000000,Escape_to_Battle,None,52,105,475,550,317,142,165,False,False,False,False,Cute,False,False,False,100,1.000000,1,25,90,1.000000,True,True,0,False,True,100,50,3040,304000,False,40.000000,16.000000,"(X=0.000000,Y=0.000000,Z=-30.000000)",MonsterFarm,0,0,0,0,0,1,0,0,0,0,0,0,1,None,None,None,None,None
Bastet_Ice,None,None,None,None,True,Bastet_Ice,Bastet_Ice,27,B,XS,2,Ice,None,FourLegged,None,None,False,70,70,65,70,100,100,5.500000,3.900000,3.700000,0.000000,1.000000,1.000000,1.000000,1.000000,1.000000,1.000000,385.000000,1.000000,Escape_to_Battle,None,52,105,475,550,317,142,165,False,False,False,False,Cute,False,False,False,100,1.000000,1,25,90,1.000000,True,False,0,False,True,100,50,2750,275000,False,40.000000,16.000000,"(X=0.000000,Y=0.000000,Z=-30.000000)",MonsterFarm,0,0,0,0,0,0,0,0,0,0,1,0,1,None,None,None,None,None
Boar,None,None,None,None,True,Boar,Boar,28,,S,1,Earth,None,FourLegged,None,None,False,80,100,70,70,100,100,5.000000,3.700000,3.700000,0.000000,1.000000,1.100000,1.000000,1.000000,1.000000,1.000000,443.000000,1.000000,Warlike,None,70,150,500,800,300,150,240,False,False,False,False,Cute,False,False,False,100,1.000000,1,25,90,1.000000,False,False,1,True,True,100,50,2880,288000,False,80.000000,60.000000,"(X=0.000000,Y=0.000000,Z=-30.000000)",Mining,0,0,0,0,0,0,0,1,0,0,0,0,0,None,None,None,None,None
Carbunclo,None,None,None,None,True,Carbunclo,Carbunclo,4,,XS,1,Leaf,None,Humanoid,None,None,False,75,70,70,70,100,100,5.300000,3.700000,3.700000,0.000000,1.000000,1.000000,1.000000,1.000000,0.900000,1.000000,480.000000,1.000000,Escape,None,20,40,400,550,250,120,165,False,False,False,False,Cute,False,False,False,100,1.000000,1,25,90,1.000000,True,False,0,False,True,100,50,3020,302000,False,40.000000,24.000000,"(X=0.000000,Y=0.000000,Z=-30.000000)",Seeding,0,0,1,0,1,1,1,0,0,1,0,0,0,None,None,None,None,None
ColorfulBird,None,None,None,None,True,ColorfulBird,ColorfulBird,53,,S,1,Normal,None,Bird,None,None,False,60,80,75,70,70,100,6.000000,3.500000,3.700000,0.000000,1.000000,1.000000,1.000000,1.000000,1.000000,1.000000,373.000000,1.000000,Warlike_Anyway,None,30,60,300,550,170,90,165,False,False,False,False,Cute,False,False,False,150,1.000000,2,25,90,1.000000,False,False,0,True,True,100,50,2730,273000,False,70.000000,30.000000,"(X=0.000000,Y=0.000000,Z=-30.000000)",Collection,0,0,0,0,0,1,0,0,0,0,0,0,0,None,None,None,None,None
Deer,None,None,None,None,True,Deer,Deer,32,,L,5,Normal,None,FourLegged,None,None,False,95,70,80,80,100,100,4.300000,3.300000,3.300000,0.000000,1.000000,1.000000,1.000000,1.000000,1.000000,1.000000,791.000000,1.000000,Escape_to_Battle,None,80,120,700,900,390,210,270,False,False,False,False,Cute,False,False,False,140,1.000000,2,25,90,1.000000,False,False,0,False,True,100,50,2710,271000,False,180.000000,80.000000,"(X=0.000000,Y=-0.000000,Z=-30.000000)",Deforest,0,0,0,0,0,0,2,0,0,0,0,0,0,None,None,None,None,None
Deer_Ground,None,None,None,None,True,Deer_Ground,Deer_Ground,32,B,L,6,Earth,None,FourLegged,None,None,False,95,70,80,80,100,100,4.300000,3.300000,3.300000,0.000000,1.000000,1.000000,1.000000,1.000000,1.000000,1.000000,891.000000,1.000000,Escape_to_Battle,None,80,120,700,900,390,105,135,False,False,False,False,Cute,False,False,False,140,1.000000,2,25,90,1.000000,False,False,0,False,True,100,50,2580,258000,False,180.000000,80.000000,"(X=0.000000,Y=-0.000000,Z=-30.000000)",Deforest,0,0,0,0,0,0,2,0,0,0,0,0,0,None,None,None,None,None
DrillGame,None,None,None,None,True,DrillGame,DrillGame,107,,M,5,Earth,None,FourLegged,None,None,False,80,80,95,120,100,100,5.000000,2.700000,1.700000,0.000000,1.000000,1.000000,1.000000,1.000000,1.000000,1.000000,1577.000000,1.000000,Warlike,None,75,120,300,420,190,90,126,False,False,False,False,Cool,False,False,False,350,1.000000,5,25,90,1.000000,False,False,5,True,True,100,50,1550,155000,False,150.000000,120.000000,"(X=0.000000,Y=0.000000,Z=-30.000000)",Mining,0,0,0,0,0,0,0,4,0,0,0,0,0,Deffence_up1,None,None,None,None
Eagle,None,None,None,None,True,Eagle,Eagle,49,,M,2,Normal,None,Bird,None,None,False,75,120,85,60,100,100,5.300000,3.100000,4.100000,0.000000,1.000000,1.000000,1.000000,1.000000,1.000000,1.000000,502.000000,1.000000,NotInterested,None,100,200,600,700,400,600,600,False,False,False,False,Cute,False,False,False,150,1.000000,2,25,90,1.000000,False,False,1,True,True,100,50,2570,257000,False,160.000000,60.000000,"(X=-0.000000,Y=0.000000,Z=-30.000000)",Collection,0,0,0,0,0,2,0,0,0,0,0,0,0,None,None,None,None,None
ElecPanda,None,None,None,None,True,ElecPanda,ElecPanda,185,,L,8,Electricity,None,Humanoid,None,None,False,120,120,105,105,100,100,3.000000,2.300000,2.300000,0.000000,1.000000,1.000000,1.000000,1.000000,1.000000,1.000000,3524.000000,1.000000,Warlike,None,80,140,600,1000,210,180,300,False,False,False,False,Cool,False,False,False,410,1.000000,6,25,90,1.000000,False,False,5,True,True,180,50,1020,102000,True,140.000000,50.000000,"(X=-20.000000,Y=0.000000,Z=-30.000000)",GenerateElectricity,0,0,0,5,4,0,3,0,0,0,0,5,0,None,None,None,None,None
Ganesha,None,None,None,None,True,Ganesha,Ganesha,11,,M,1,Water,None,FourLegged,None,None,False,70,70,60,70,100,100,5.500000,4.100000,3.700000,0.000000,1.000000,1.600000,1.000000,1.000000,1.300000,1.000000,355.000000,1.000000,Escape_to_Battle,None,30,60,300,400,180,90,120,False,False,False,False,Cute,False,False,False,100,1.000000,1,25,90,1.000000,False,False,0,False,True,100,50,3070,307000,False,55.000000,55.000000,"(X=0.000000,Y=0.000000,Z=-55.000000)",Watering,0,1,0,0,0,0,0,0,0,0,0,0,0,None,None,None,None,None
Garm,None,None,None,None,True,Garm,Garm,33,,S,2,Normal,None,FourLegged,None,None,False,80,110,90,75,100,100,5.000000,2.900000,3.500000,0.000000,1.000000,1.000000,1.000000,1.000000,1.000000,1.000000,611.000000,1.000000,Warlike,None,90,180,800,1050,460,240,315,False,False,False,False,Cute,False,False,False,150,1.000000,2,25,90,1.000000,False,False,3,True,True,70,50,2680,268000,False,62.000000,35.000000,"(X=0.000000,Y=0.000000,Z=-62.000000)",Collection,0,0,0,0,0,1,0,0,0,0,0,0,0,None,None,None,None,None
Gorilla,None,None,None,None,True,Gorilla,Gorilla,74,,S,5,Normal,None,Humanoid,None,None,False,90,110,95,90,100,100,4.500000,2.700000,2.900000,0.000000,1.000000,1.000000,1.000000,1.000000,1.000000,1.000000,1214.000000,1.000000,Warlike,None,66,100,550,720,250,165,216,False,False,False,False,Cool,False,False,False,230,1.000000,3,25,90,1.000000,False,False,3,True,True,100,50,2140,214000,False,100.000000,80.000000,"(X=-30.000000,Y=0.000000,Z=-100.000000)",Deforest,0,0,0,0,2,0,3,0,0,0,0,3,0,PAL_rude,None,None,None,None
Gorilla_Ground,None,None,None,None,True,Gorilla_Ground,Gorilla_Ground,74,B,S,5,Earth,None,Humanoid,None,None,False,90,110,100,90,100,100,4.500000,2.500000,2.900000,0.000000,1.000000,1.000000,1.000000,1.000000,1.000000,1.000000,1284.000000,1.000000,Warlike,None,66,100,550,720,250,82,108,False,False,False,False,Cool,False,False,False,230,1.000000,3,25,90,1.000000,False,False,3,True,True,100,50,1880,188000,False,100.000000,80.000000,"(X=-30.000000,Y=0.000000,Z=-100.000000)",Mining,0,0,0,0,2,0,0,3,0,0,0,3,0,PAL_rude,None,None,None,None
Hedgehog,None,None,None,None,True,Hedgehog,Hedgehog,15,,XS,1,Electricity,None,FourLegged,None,None,False,70,70,75,70,100,100,5.500000,3.500000,3.700000,0.000000,1.000000,1.300000,1.000000,1.000000,1.200000,1.000000,417.000000,1.000000,Escape_to_Battle,None,30,60,400,550,215,120,165,False,False,False,False,Cute,False,False,False,100,1.000000,1,25,90,1.000000,True,False,0,False,True,100,50,3030,303000,False,35.000000,35.000000,"(X=0.000000,Y=0.000000,Z=-35.000000)",GenerateElectricity,0,0,0,1,0,0,0,0,0,0,0,0,0,None,None,None,None,None
Hedgehog_Ice,None,None,None,None,True,Hedgehog_Ice,Hedgehog_Ice,15,B,XS,2,Ice,None,FourLegged,None,None,False,70,70,75,80,100,100,5.500000,3.500000,3.300000,0.000000,1.000000,1.000000,1.000000,1.000000,1.000000,1.000000,472.000000,1.000000,Escape_to_Battle,None,30,60,400,550,215,120,165,False,False,False,False,Cute,False,False,False,100,1.000000,1,25,90,1.000000,True,False,0,False,True,100,50,2850,285000,False,35.000000,35.000000,"(X=0.000000,Y=0.000000,Z=-35.000000)",Cool,0,0,0,0,0,0,0,0,0,0,1,0,0,None,None,None,None,None
Kirin,None,None,None,None,True,Kirin,Kirin,54,,M,5,Electricity,None,FourLegged,None,None,False,80,110,105,105,100,100,5.000000,2.300000,2.300000,0.000000,1.000000,1.000000,1.000000,1.000000,0.900000,1.000000,1388.000000,1.000000,NotInterested,None,80,130,720,1100,425,216,330,False,False,False,False,Cool,False,False,False,210,1.000000,3,25,90,1.000000,False,False,5,False,True,100,50,2270,227000,False,130.000000,40.000000,"(X=0.000000,Y=-0.000000,Z=-130.000000)",GenerateElectricity,0,0,0,3,0,0,1,0,0,0,0,0,0,None,None,None,None,None
Kirin_Ice,None,None,None,None,True,Kirin_Ice,Kirin_Ice,54,B,M,6,Ice,None,FourLegged,None,None,False,80,110,105,110,100,100,5.000000,2.300000,2.100000,0.000000,1.000000,1.000000,1.000000,1.000000,0.900000,1.000000,1974.000000,1.000000,NotInterested,None,80,130,720,1100,425,216,330,False,False,False,False,Cool,False,False,False,210,1.000000,3,25,90,1.000000,False,False,5,False,True,100,50,540,54000,False,130.000000,40.000000,"(X=0.000000,Y=-0.000000,Z=-130.000000)",Cool,0,0,0,0,0,0,3,0,0,0,6,0,0,None,None,None,None,None
Kitsunebi,None,None,None,None,True,Kitsunebi,Kitsunebi,29,,XS,1,Fire,None,FourLegged,None,None,False,65,70,75,70,100,100,5.800000,3.500000,3.700000,0.000000,1.000000,1.300000,1.000000,1.000000,1.100000,1.000000,394.000000,1.000000,Escape_to_Battle,None,40,80,400,550,240,120,165,False,False,False,False,Cute,False,False,False,100,1.000000,1,25,90,1.000000,True,False,0,False,True,100,50,2990,299000,False,40.000000,20.000000,"(X=-10.000000,Y=0.000000,Z=-40.000000)",EmitFlame,1,0,0,0,0,0,0,0,0,0,0,0,0,None,None,None,None,None
LittleBriarRose,None,None,None,None,True,LittleBriarRose,LittleBriarRose,60,,S,1,Leaf,None,Humanoid,None,None,False,80,80,80,80,100,100,5.000000,3.300000,3.300000,0.000000,1.000000,1.000000,1.000000,1.000000,1.000000,1.000000,756.000000,1.000000,Escape_to_Battle,None,50,100,400,550,250,120,165,False,False,False,False,Cute,False,False,False,140,1.000000,2,25,90,1.000000,False,False,0,False,True,100,50,2690,269000,False,80.000000,40.000000,"(X=10.000000,Y=0.000000,Z=-80.000000)",Seeding,0,0,2,0,2,2,0,0,0,2,0,1,0,None,None,None,None,None
Mutant,None,None,None,None,True,Mutant,Mutant,82,,M,6,Normal,None,Humanoid,None,None,False,90,80,100,90,100,100,4.500000,2.500000,2.900000,0.000000,1.000000,1.000000,1.000000,1.000000,1.000000,1.000000,1845.000000,1.000000,NotInterested,None,80,130,500,650,315,500,500,False,False,False,False,Cool,False,False,False,300,1.000000,4,25,90,1.000000,False,False,3,False,True,100,50,2010,201000,False,110.000000,50.000000,"(X=0.000000,Y=0.000000,Z=-110.000000)",Handcraft,0,0,0,0,4,2,0,0,0,0,0,2,0,None,None,None,None,None
Penguin,None,None,None,None,True,Penguin,Penguin,17,,XS,1,Water,Ice,Humanoid,None,None,False,70,70,75,70,100,100,5.500000,3.500000,3.700000,0.000000,1.000000,1.300000,1.000000,1.000000,1.000000,1.000000,463.000000,1.000000,Escape_to_Battle,None,30,60,500,650,265,900,1170,False,False,False,False,Cute,False,False,False,100,1.000000,1,25,90,1.000000,True,False,0,False,True,100,50,2960,296000,False,42.000000,32.000000,"(X=0.000000,Y=0.000000,Z=-42.000000)",Watering,0,1,0,0,1,0,0,0,0,0,1,1,0,None,None,None,None,None
Penguin_Electric,None,None,None,None,True,Penguin_Electric,Penguin_Electric,17,B,XS,2,Water,Electricity,Humanoid,None,None,False,70,100,80,70,100,100,5.500000,3.300000,3.700000,0.000000,1.000000,1.000000,1.000000,1.000000,0.900000,1.000000,561.000000,1.000000,Escape_to_Battle,None,30,60,500,650,265,500,650,False,False,False,False,Cute,False,False,False,100,1.000000,1,25,90,1.000000,True,False,0,False,True,100,50,2490,572,False,42.000000,32.000000,"(X=0.000000,Y=0.000000,Z=-42.000000)",GenerateElectricity,0,1,0,2,1,0,0,0,0,0,0,1,0,None,None,None,None,None
RaijinDaughter,None,None,None,None,True,RaijinDaughter,RaijinDaughter,92,,XS,2,Electricity,None,Humanoid,None,None,False,70,110,80,70,100,100,5.500000,3.300000,3.700000,0.000000,1.000000,1.000000,1.000000,1.000000,1.000000,1.000000,616.000000,1.000000,Escape_to_Battle,None,120,200,400,550,300,400,400,False,False,False,False,Cute,False,False,False,150,1.000000,2,25,90,1.000000,False,False,0,False,True,100,20,2400,240000,False,70.000000,30.000000,"(X=0.000000,Y=0.000000,Z=-70.000000)",GenerateElectricity,0,0,0,3,2,0,0,0,0,0,0,2,0,None,None,None,None,None
SharkKid,None,None,None,None,True,SharkKid,SharkKid,55,,S,2,Water,None,Humanoid,None,None,False,90,90,90,75,100,100,4.500000,2.900000,3.500000,0.000000,1.000000,1.000000,1.000000,1.000000,1.000000,1.000000,850.000000,1.000000,Warlike,None,50,80,400,500,120,720,900,False,False,False,False,Cute,False,False,False,150,1.000000,2,25,90,1.000000,False,False,3,True,True,100,50,2550,255000,False,80.000000,60.000000,"(X=10.000000,Y=0.000000,Z=-80.000000)",Watering,0,2,0,0,2,0,0,0,0,0,0,1,0,None,None,None,None,None
SharkKid_Fire,None,None,None,None,True,SharkKid_Fire,SharkKid_Fire,55,B,S,3,Fire,None,Humanoid,None,None,False,90,90,90,75,100,100,4.500000,2.900000,3.500000,0.000000,1.000000,1.000000,1.000000,1.000000,1.000000,1.000000,850.000000,1.000000,Warlike,None,50,80,400,500,120,400,500,False,False,False,False,Cute,False,False,False,150,1.000000,2,25,90,1.000000,False,False,3,True,True,100,50,2430,243000,False,80.000000,60.000000,"(X=10.000000,Y=0.000000,Z=-80.000000)",EmitFlame,2,0,0,0,2,0,0,0,0,0,0,1,0,None,None,None,None,None
Sheepball,None,None,None,None,True,SheepBall,Sheepball,1,,XS,1,Normal,None,Humanoid,None,None,False,70,70,70,70,100,100,5.500000,3.700000,3.700000,0.000000,1.000000,2.000000,1.000000,1.000000,1.500000,1.000000,421.000000,1.000000,Friendly,None,23,40,400,550,160,120,165,False,False,False,False,Cute,False,False,False,100,1.000000,1,25,90,1.000000,True,False,0,False,True,100,50,3050,305000,False,50.000000,45.000000,"(X=0.000000,Y=0.000000,Z=-50.000000)",MonsterFarm,0,0,0,0,1,0,0,0,0,0,0,1,1,None,None,None,None,None
Umihebi,None,None,None,None,True,Umihebi,Umihebi,121,,XL,8,Dragon,Water,Fish,None,None,False,130,150,120,100,100,100,2.500000,1.700000,2.500000,0.000000,1.000000,1.000000,1.000000,1.000000,1.000000,1.000000,3723.000000,1.000000,Warlike,None,100,175,600,1000,350,1080,1800,False,False,False,False,Strong,False,False,False,550,1.000000,8,25,90,1.000000,False,False,5,True,True,150,50,590,59000,False,280.000000,120.000000,"(X=-20.000000,Y=0.000000,Z=-30.000000)",Watering,0,7,0,0,0,0,0,0,0,0,0,0,0,ElementBoost_Aqua_2_PAL,None,None,None,None
Umihebi_Fire,None,None,None,None,True,Umihebi_Fire,Umihebi_Fire,121,B,XL,9,Dragon,Fire,Fish,None,None,False,130,150,130,100,100,100,2.500000,1.300000,2.500000,0.000000,1.000000,1.000000,1.000000,1.000000,1.000000,1.000000,3577.000000,1.000000,Warlike,None,100,175,600,1000,350,600,1000,False,False,False,False,Strong,False,False,False,550,1.000000,8,25,90,1.000000,False,False,5,True,True,150,50,170,17000,False,280.000000,120.000000,"(X=-20.000000,Y=0.000000,Z=-30.000000)",EmitFlame,7,0,0,0,0,0,0,0,0,0,0,0,0,None,None,None,None,None
Werewolf,None,None,None,None,True,Werewolf,Werewolf,56,,M,3,Dark,None,Humanoid,None,None,False,80,130,100,80,100,100,5.000000,2.500000,3.300000,0.000000,1.000000,1.000000,1.000000,1.000000,1.000000,1.000000,842.000000,1.000000,Warlike,None,100,175,600,800,375,75,75,False,False,False,False,Cool,False,False,False,210,1.000000,3,25,90,1.000000,False,True,3,True,True,100,50,2110,211000,False,120.000000,80.000000,"(X=0.000000,Y=0.000000,Z=-120.000000)",Handcraft,0,0,0,0,2,0,0,0,0,0,0,0,0,None,None,None,None,None
WindChimes,None,None,None,None,True,WindChimes,WindChimes,38,,XS,1,Earth,None,Other,None,None,False,80,70,70,70,100,100,5.000000,3.700000,3.700000,0.000000,1.000000,1.000000,1.000000,1.000000,1.000000,1.000000,541.000000,1.000000,Escape_to_Battle,None,50,100,400,550,250,400,400,False,False,False,False,Cute,False,False,False,100,1.000000,1,25,90,1.000000,False,False,0,False,True,100,50,2780,278000,False,90.000000,60.000000,"(X=0.000000,Y=0.000000,Z=-90.000000)",Transport,0,0,0,0,1,1,0,0,0,0,0,2,0,None,None,None,None,None
WindChimes_Ice,None,None,None,None,True,WindChimes_Ice,WindChimes_Ice,38,B,XS,2,Ice,None,Other,None,None,False,80,70,80,70,100,100,5.000000,3.300000,3.700000,0.000000,1.000000,1.000000,1.000000,1.000000,1.000000,1.000000,728.000000,1.000000,Escape_to_Battle,None,50,100,400,550,250,400,400,False,False,False,False,Cute,False,False,False,100,1.000000,1,25,90,1.000000,False,False,0,False,True,100,50,2510,251000,False,90.000000,60.000000,"(X=0.000000,Y=0.000000,Z=-90.000000)",Handcraft,0,0,0,0,3,2,0,0,0,0,2,3,0,None,None,None,None,None
Suzaku,None,None,None,None,True,Suzaku,Suzaku,122,,XL,8,Fire,None,Bird,None,None,False,120,100,105,105,100,100,3.000000,2.300000,2.300000,0.000000,1.000000,1.000000,1.000000,1.000000,1.000000,1.000000,2409.000000,1.000000,Warlike,None,100,200,850,1100,450,850,850,False,False,False,False,Strong,False,False,False,460,1.000000,7,25,90,1.000000,False,False,5,False,True,350,50,1200,120000,False,280.000000,120.000000,"(X=0.000000,Y=0.000000,Z=-30.000000)",EmitFlame,5,0,0,0,0,0,0,0,0,0,0,0,0,None,None,None,None,None
Suzaku_Water,None,None,None,None,True,Suzaku_Water,Suzaku_Water,122,B,XL,9,Water,None,Bird,None,None,False,125,100,105,105,100,100,2.800000,2.300000,2.300000,0.000000,1.000000,1.000000,1.000000,1.000000,1.000000,1.000000,2732.000000,1.000000,Warlike,None,100,200,850,1100,450,850,850,False,False,False,False,Strong,False,False,False,460,1.000000,7,25,90,1.000000,False,False,5,False,True,350,50,740,74000,False,280.000000,120.000000,"(X=0.000000,Y=0.000000,Z=-30.000000)",Watering,0,6,0,0,0,0,0,0,0,0,0,0,0,None,None,None,None,None
FireKirin,None,None,None,None,True,FireKirin,FireKirin,93,,L,6,Fire,None,FourLegged,None,None,False,100,110,95,90,100,100,4.000000,2.700000,2.900000,0.000000,1.000000,1.000000,1.000000,1.000000,1.000000,1.000000,1464.000000,1.000000,NotInterested,None,100,150,850,1300,500,255,390,False,False,False,False,Cool,False,False,False,280,1.000000,4,25,90,1.000000,False,False,5,False,True,100,50,1980,198000,False,140.000000,45.000000,"(X=4.000000,Y=0.000000,Z=-30.000000)",EmitFlame,4,0,0,0,0,0,2,0,0,0,0,0,0,None,None,None,None,None
FireKirin_Dark,None,None,None,None,True,FireKirin_Dark,FireKirin_Dark,93,B,L,7,Fire,Dark,FourLegged,None,None,False,100,110,95,90,100,100,4.000000,2.700000,2.900000,0.000000,1.000000,1.000000,1.000000,1.000000,1.000000,1.000000,2034.000000,1.000000,NotInterested,None,100,150,850,1300,500,255,390,False,False,False,False,Cool,False,False,False,280,1.000000,4,25,90,1.000000,False,True,5,False,True,100,50,1870,187000,False,140.000000,45.000000,"(X=4.000000,Y=0.000000,Z=-30.000000)",EmitFlame,4,0,0,0,0,0,3,0,0,0,0,0,0,None,None,None,None,None
FairyDragon,None,None,None,None,True,FairyDragon,FairyDragon,63,,L,7,Dragon,None,Humanoid,None,None,False,110,80,80,90,100,100,3.500000,3.300000,2.900000,0.000000,1.000000,1.000000,1.000000,1.000000,1.000000,1.000000,1205.000000,1.000000,Escape_to_Battle,None,83,83,630,800,456,189,240,False,False,False,False,Cool,False,False,False,200,1.000000,3,25,90,1.000000,False,False,5,False,True,130,50,2280,228000,False,180.000000,120.000000,"(X=0.000000,Y=0.000000,Z=-30.000000)",Deforest,0,0,0,0,0,0,3,0,0,0,0,0,0,None,None,None,None,None
FairyDragon_Water,None,None,None,None,True,FairyDragon_Water,FairyDragon_Water,63,B,L,8,Dragon,Water,Humanoid,None,None,False,115,80,80,95,100,100,3.300000,3.300000,2.700000,0.000000,1.000000,1.000000,1.000000,1.000000,1.000000,1.000000,1543.000000,1.000000,Escape_to_Battle,None,83,83,630,800,456,1134,1440,False,False,False,False,Cool,False,False,False,200,1.000000,3,25,90,1.000000,False,False,5,False,True,130,50,1640,164000,False,180.000000,120.000000,"(X=0.000000,Y=0.000000,Z=-30.000000)",Watering,0,4,0,0,0,0,3,0,0,0,0,0,0,None,None,None,None,None
SweetsSheep,None,None,None,None,True,SweetsSheep,SweetsSheep,39,,S,3,Normal,None,FourLegged,None,None,False,70,70,70,90,100,100,5.500000,3.700000,2.900000,0.000000,1.000000,1.000000,1.000000,1.000000,1.000000,1.000000,502.000000,1.000000,Escape_to_Battle,None,50,100,300,400,200,300,400,False,False,False,False,Cute,False,False,False,100,1.000000,1,25,90,1.000000,False,False,0,False,True,100,50,2820,282000,False,90.000000,70.000000,"(X=0.000000,Y=0.000000,Z=-90.000000)",MonsterFarm,0,0,0,0,0,0,0,0,0,0,0,0,1,None,None,None,None,None
SweetsSheep_Ground,None,None,None,None,True,SweetsSheep_Ground,SweetsSheep_Ground,39,B,S,4,Earth,None,FourLegged,None,None,False,70,100,70,95,100,100,5.500000,3.700000,2.700000,0.000000,1.000000,1.000000,1.000000,1.000000,1.000000,1.000000,836.000000,1.000000,Escape_to_Battle,None,50,100,300,400,200,300,400,False,False,False,False,Cute,False,False,False,100,1.000000,1,25,90,1.000000,False,False,0,False,True,100,50,2030,203000,False,90.000000,70.000000,"(X=0.000000,Y=0.000000,Z=-90.000000)",MonsterFarm,0,0,0,0,0,0,0,0,0,0,0,0,1,None,None,None,None,None
WhiteTiger,None,None,None,None,True,WhiteTiger,WhiteTiger,132,,L,7,Ice,None,Humanoid,None,None,False,100,140,100,110,100,100,4.000000,2.500000,2.100000,0.000000,1.000000,1.000000,1.000000,1.000000,1.000000,1.000000,1987.000000,1.000000,Warlike,None,100,280,720,900,460,100,100,False,False,False,False,Strong,False,False,False,480,1.000000,7,25,90,1.000000,False,False,5,True,True,100,50,1040,104000,False,180.000000,120.000000,"(X=0.000000,Y=0.000000,Z=-180.000000)",Deforest,0,0,0,0,3,0,4,0,0,0,4,4,0,None,None,None,None,None
Alpaca,None,None,None,None,True,Alpaca,Alpaca,20,,M,3,Normal,None,FourLegged,None,None,False,90,90,75,90,100,100,4.500000,3.500000,2.900000,0.000000,1.000000,1.100000,1.000000,1.000000,1.000000,1.000000,791.000000,1.000000,Escape_to_Battle,None,62,62,500,900,261,150,270,False,False,False,False,Cute,False,False,False,150,1.000000,2,25,90,1.000000,False,False,0,False,True,100,50,2720,272000,False,100.000000,36.000000,"(X=10.000000,Y=-0.000000,Z=-30.000000)",MonsterFarm,0,0,0,0,0,0,0,0,0,0,0,0,2,None,None,None,None,None
Serpent,None,None,None,None,True,Serpent,Serpent,75,,M,4,Water,None,Fish,None,None,False,90,70,90,80,100,100,4.500000,2.900000,3.300000,0.000000,1.000000,1.000000,1.000000,1.000000,1.000000,1.000000,968.000000,1.000000,Warlike,None,100,200,500,800,350,900,1440,False,False,False,False,Cool,False,False,False,210,1.000000,3,25,90,1.000000,False,False,3,True,True,100,50,2440,244000,False,100.000000,100.000000,"(X=0.000000,Y=0.000000,Z=-100.000000)",MonsterFarm,0,3,0,0,0,0,0,0,0,0,0,0,2,None,None,None,None,None
Serpent_Ground,None,None,None,None,True,Serpent_Ground,Serpent_Ground,75,B,M,5,Earth,None,Fish,None,None,False,90,70,90,100,100,100,4.500000,2.900000,2.500000,0.000000,1.000000,1.000000,1.000000,1.000000,1.000000,1.000000,1205.000000,1.000000,Warlike,None,100,200,500,800,350,500,500,False,False,False,False,Cool,False,False,False,210,1.000000,3,25,90,1.000000,False,False,3,True,True,100,50,1840,184000,False,100.000000,100.000000,"(X=0.000000,Y=0.000000,Z=-100.000000)",Collection,0,0,0,0,0,3,0,0,0,0,0,0,0,None,None,None,None,None
DarkCrow,None,None,None,None,True,DarkCrow,DarkCrow,57,,M,3,Dark,None,Bird,None,None,False,75,80,95,80,100,100,5.300000,2.700000,3.300000,0.000000,1.000000,1.000000,1.000000,1.000000,1.000000,1.000000,770.000000,1.000000,NotInterested,None,85,170,920,1200,545,276,360,False,False,False,False,Cool,False,False,False,210,1.000000,3,25,90,1.000000,False,True,3,True,True,100,50,2370,237000,False,100.000000,60.000000,"(X=-20.000000,Y=0.000000,Z=-30.000000)",MonsterFarm,0,0,0,0,0,0,2,0,0,0,0,0,1,None,None,None,None,None
BlueDragon,None,None,None,None,True,BlueDragon,BlueDragon,41,,L,7,Water,Dragon,Fish,None,None,False,110,70,100,100,100,100,3.500000,2.500000,2.500000,0.000000,1.000000,1.000000,1.000000,1.000000,1.000000,1.000000,1831.000000,1.000000,Escape_to_Battle,None,75,150,600,900,350,920,1000,False,False,False,False,Cool,False,False,False,340,1.000000,5,25,90,1.000000,False,False,5,False,True,160,50,1830,183000,False,160.000000,60.000000,"(X=0.000000,Y=0.000000,Z=-20.000000)",Watering,0,4,0,0,0,0,0,0,0,0,0,0,0,None,None,None,None,None
BlueDragon_Ice,None,None,None,None,True,BlueDragon_Ice,BlueDragon_Ice,41,B,L,8,Ice,Dragon,Fish,None,None,False,115,100,105,105,100,100,3.300000,2.300000,2.300000,0.000000,1.000000,1.000000,1.000000,1.000000,1.000000,1.000000,2109.000000,1.000000,Escape_to_Battle,None,75,150,600,900,350,920,1000,False,False,False,False,Cool,False,False,False,340,1.000000,5,25,90,1.000000,False,False,5,False,True,160,50,1220,578,False,160.000000,60.000000,"(X=0.000000,Y=0.000000,Z=-20.000000)",Cool,0,0,0,0,0,0,0,0,0,0,4,0,0,None,None,None,None,None
PinkCat,None,None,None,None,True,PinkCat,PinkCat,2,,XS,1,Normal,None,Humanoid,None,None,False,70,70,70,70,100,100,5.500000,3.700000,3.700000,0.000000,1.000000,2.000000,1.000000,1.000000,1.500000,1.000000,436.000000,1.000000,Escape_to_Battle,None,30,60,400,550,160,50,50,False,False,False,False,Cute,False,False,False,100,1.000000,1,25,90,1.000000,True,False,0,False,True,100,50,2760,276000,False,50.000000,30.000000,"(X=0.000000,Y=0.000000,Z=-50.000000)",Handcraft,0,0,0,0,1,1,0,1,0,0,0,1,0,PAL_ALLAttack_down1,None,None,None,None
NegativeKoala,None,None,None,None,True,NegativeKoala,NegativeKoala,16,,XS,1,Dark,None,Humanoid,None,None,False,70,70,70,70,100,100,5.500000,3.700000,3.700000,0.000000,1.000000,1.200000,1.000000,1.000000,1.000000,1.000000,436.000000,1.000000,Warlike,None,20,20,300,400,100,90,120,False,False,False,False,Cute,False,False,False,100,1.000000,1,25,90,1.000000,True,True,0,False,True,100,50,3000,300000,False,50.000000,30.000000,"(X=0.000000,Y=0.000000,Z=-50.000000)",MonsterFarm,0,0,0,0,1,0,0,1,0,0,0,1,1,None,None,None,None,None
FengyunDeeper,None,None,None,None,True,FengyunDeeper,FengyunDeeper,83,,S,3,Normal,None,FourLegged,None,None,False,110,110,110,90,100,100,3.500000,2.100000,2.900000,0.000000,1.000000,1.000000,1.000000,1.000000,1.000000,1.000000,1659.000000,1.000000,NotInterested,None,85,100,750,1050,417,225,315,False,False,False,False,Cool,False,False,False,340,1.000000,5,25,90,1.000000,False,False,5,False,True,140,50,1960,196000,False,140.000000,50.000000,"(X=-30.000000,Y=-0.000000,Z=-30.000000)",Deforest,0,0,0,0,0,0,3,0,0,0,0,0,0,None,None,None,None,None
VolcanicMonster,None,None,None,None,True,VolcanicMonster,VolcanicMonster,129,,L,6,Fire,Earth,FourLegged,None,None,False,110,100,105,120,100,100,3.500000,2.300000,1.700000,0.000000,1.000000,1.000000,1.000000,1.000000,1.000000,1.000000,2576.000000,1.000000,NotInterested,None,50,80,550,1000,235,165,300,False,False,False,False,Strong,False,False,False,490,1.000000,7,25,90,1.000000,False,False,5,True,True,220,50,1060,106000,False,180.000000,120.000000,"(X=-5.000000,Y=0.000000,Z=-180.000000)",EmitFlame,5,0,0,0,0,0,0,5,0,0,0,0,0,Deffence_up2_2,None,None,None,None
VolcanicMonster_Ice,None,None,None,None,True,VolcanicMonster_Ice,VolcanicMonster_Ice,129,B,L,7,Ice,Earth,FourLegged,None,None,False,110,100,105,130,100,100,3.500000,2.300000,1.300000,0.000000,1.000000,1.000000,1.000000,1.000000,1.000000,1.000000,2797.000000,1.000000,NotInterested,None,50,80,550,1000,235,165,300,False,False,False,False,Strong,False,False,False,490,1.000000,7,25,90,1.000000,False,False,5,True,True,220,50,600,60000,False,180.000000,120.000000,"(X=-5.000000,Y=0.000000,Z=-180.000000)",Mining,0,0,0,0,0,0,0,5,0,0,5,0,0,Deffence_up2_2,None,None,None,None
GhostBeast,None,None,None,None,True,GhostBeast,GhostBeast,117,,M,6,Dark,None,FourLegged,None,None,False,75,50,105,80,100,100,5.300000,2.300000,3.300000,0.000000,1.000000,1.000000,1.000000,1.000000,1.000000,1.000000,1110.000000,1.000000,Warlike,None,100,160,700,1100,365,210,330,False,False,False,False,Strong,False,False,False,380,1.000000,5,25,90,1.000000,False,True,5,True,True,130,50,1710,171000,False,120.000000,80.000000,"(X=-20.000000,Y=0.000000,Z=-120.000000)",Collection,0,0,0,0,0,4,0,4,0,0,0,0,0,None,None,None,None,None
RobinHood,None,None,None,None,True,RobinHood,RobinHood,76,,M,5,Leaf,None,Humanoid,None,None,False,90,100,105,80,100,100,4.500000,2.300000,3.300000,0.000000,1.000000,1.000000,1.000000,1.000000,1.000000,1.000000,1335.000000,1.000000,Warlike,None,100,100,600,750,400,180,225,False,False,False,False,Cool,False,False,False,230,1.000000,3,25,90,1.000000,False,False,3,False,True,100,50,2260,226000,False,110.000000,50.000000,"(X=0.000000,Y=0.000000,Z=-110.000000)",Handcraft,0,0,2,0,3,3,2,0,0,1,0,2,0,None,None,None,None,None
RobinHood_Ground,None,None,None,None,True,RobinHood_Ground,RobinHood_Ground,76,B,M,6,Leaf,Earth,Humanoid,None,None,False,90,100,105,80,100,100,4.500000,2.300000,3.300000,0.000000,1.000000,1.000000,1.000000,1.000000,1.000000,1.000000,1294.000000,1.000000,Warlike,None,100,100,600,750,400,90,112,False,False,False,False,Cool,False,False,False,230,1.000000,3,25,90,1.000000,False,False,3,False,True,100,50,2050,205000,False,110.000000,50.000000,"(X=0.000000,Y=0.000000,Z=-110.000000)",Handcraft,0,0,0,0,3,3,2,0,0,2,0,2,0,None,None,None,None,None
LazyDragon,None,None,None,None,True,LazyDragon,LazyDragon,94,,XL,8,Dragon,Water,Monster,None,None,False,120,110,115,110,100,100,3.000000,1.900000,2.100000,0.000000,1.000000,1.000000,1.000000,1.000000,1.000000,1.000000,2365.000000,1.000000,Warlike,None,40,60,650,1000,150,1170,1800,False,False,False,False,Cute,False,False,False,480,1.000000,7,25,90,1.000000,False,False,5,True,True,200,50,1090,109000,False,200.000000,110.000000,"(X=0.000000,Y=0.000000,Z=-30.000000)",Watering,0,3,0,0,0,0,0,0,0,0,0,3,0,PAL_FullStomach_Up_1,None,None,None,None
LazyDragon_Electric,None,None,None,None,True,LazyDragon_Electric,LazyDragon_Electric,94,B,XL,9,Dragon,Electricity,Monster,None,None,False,120,110,120,110,100,100,3.000000,1.700000,2.100000,0.000000,1.000000,1.000000,1.000000,1.000000,1.000000,1.000000,2685.000000,1.000000,Warlike,None,40,60,650,1000,150,650,1000,False,False,False,False,Cute,False,False,False,480,1.000000,7,25,90,1.000000,False,False,5,True,True,200,50,770,77000,False,220.000000,110.000000,"(X=0.000000,Y=0.000000,Z=-30.000000)",GenerateElectricity,0,0,0,4,0,0,0,0,0,0,0,3,0,None,None,None,None,None
AmaterasuWolf,None,None,None,None,True,AmaterasuWolf,AmaterasuWolf,111,,M,6,Fire,None,FourLegged,None,None,False,100,70,115,100,110,100,4.000000,1.900000,2.500000,0.000000,1.000000,1.000000,1.000000,1.000000,1.000000,1.000000,1744.000000,1.000000,NotInterested,None,80,130,700,1100,415,210,330,False,False,False,False,Cool,False,False,False,380,1.000000,5,25,90,1.000000,False,False,5,True,True,140,50,1670,167000,False,100.000000,60.000000,"(X=0.000000,Y=0.000000,Z=-30.000000)",EmitFlame,3,0,0,0,0,0,0,0,0,0,0,0,0,None,None,None,None,None
LizardMan,None,None,None,None,True,LizardMan,LizardMan,73,,S,2,Dark,None,Humanoid,None,None,False,80,90,80,50,100,100,5.000000,3.300000,4.500000,0.000000,1.000000,1.000000,1.000000,1.000000,1.000000,1.000000,476.000000,1.000000,Warlike,None,100,140,600,800,270,150,150,False,False,False,False,Cute,False,False,False,150,1.000000,2,25,90,1.000000,False,True,1,True,True,100,50,2670,267000,False,80.000000,50.000000,"(X=0.000000,Y=0.000000,Z=-90.000000)",Handcraft,0,0,0,0,2,1,0,0,0,0,0,1,0,None,None,None,None,None
LizardMan_Fire,None,None,None,None,True,LizardMan_Fire,LizardMan_Fire,73,B,S,3,Fire,None,Humanoid,None,None,False,80,90,80,50,100,100,5.000000,3.300000,4.500000,0.000000,1.000000,1.000000,1.000000,1.000000,1.000000,1.000000,493.000000,1.000000,Warlike,None,100,140,400,550,270,75,75,False,False,False,False,Cute,False,False,False,150,1.000000,2,25,90,1.000000,False,False,1,True,True,100,50,2640,264000,False,80.000000,50.000000,"(X=0.000000,Y=0.000000,Z=-90.000000)",EmitFlame,2,0,0,0,2,1,0,0,0,0,0,1,0,None,None,None,None,None
BluePlatypus,None,None,None,None,True,Blueplatypus,BluePlatypus,5,,XS,1,Water,None,Humanoid,None,None,False,60,80,80,60,100,100,6.000000,3.300000,4.100000,0.000000,1.000000,1.300000,1.000000,1.000000,1.100000,1.000000,376.000000,1.000000,Escape_to_Battle,None,70,105,300,400,202,540,720,False,False,False,False,Cute,False,False,False,100,1.000000,1,25,90,1.000000,True,False,0,False,True,100,50,2980,298000,False,50.000000,40.000000,"(X=0.000000,Y=0.000000,Z=-30.000000)",Watering,0,1,0,0,1,0,0,0,0,0,0,1,0,None,None,None,None,None
BluePlatypus_Fire,None,None,None,None,True,BluePlatypus_Fire,BluePlatypus_Fire,5,B,XS,2,Water,Fire,Humanoid,None,None,False,60,100,85,60,100,100,6.000000,3.100000,4.100000,0.000000,1.000000,1.300000,1.000000,1.000000,1.100000,1.000000,463.000000,1.000000,Escape_to_Battle,None,70,105,300,400,202,300,300,False,False,False,False,Cute,False,False,False,100,1.000000,1,25,90,1.000000,True,False,0,False,True,100,50,2300,575,False,50.000000,40.000000,"(X=0.000000,Y=0.000000,Z=-30.000000)",EmitFlame,2,2,0,0,1,0,0,0,0,0,0,1,0,None,None,None,None,None
BlackFurDragon,None,None,None,None,True,BlackFurDragon,BlackFurDragon,-1,,L,10,Dark,Dragon,Humanoid,None,None,False,130,100,130,110,100,100,2.500000,1.300000,2.100000,0.000000,1.000000,1.000000,1.000000,1.000000,1.000000,1.000000,8440.000000,1.000000,Warlike,None,55,110,560,800,335,168,240,False,False,False,False,Strong,False,False,False,530,1.000000,8,25,90,1.000000,False,True,99,True,True,100,50,9999,999900,True,180.000000,160.000000,"(X=0.000000,Y=0.000000,Z=-30.000000)",EmitFlame,0,0,0,0,0,0,0,0,0,0,0,0,0,None,None,None,None,None
BirdDragon,None,None,None,None,True,BirdDragon,BirdDragon,64,,L,5,Fire,Dark,Bird,None,None,False,90,100,115,90,100,100,4.500000,1.900000,2.900000,0.000000,1.000000,1.000000,1.000000,1.000000,1.000000,1.000000,1464.000000,1.000000,Warlike,None,100,350,700,850,475,700,700,False,False,False,False,Cool,False,False,False,340,1.000000,5,25,90,1.000000,False,True,5,True,True,150,50,1650,165000,False,220.000000,110.000000,"(X=0.000000,Y=0.000000,Z=-30.000000)",Transport,2,0,0,0,0,0,0,0,0,0,0,3,0,None,None,None,None,None
BirdDragon_Ice,None,None,None,None,True,BirdDragon_Ice,BirdDragon_Ice,64,B,L,5,Ice,Dark,Bird,None,None,False,90,100,120,95,100,100,4.500000,1.700000,2.700000,0.000000,1.000000,1.000000,1.000000,1.000000,1.000000,1.000000,1624.000000,1.000000,Warlike,None,100,350,700,850,475,700,700,False,False,False,False,Cool,False,False,False,340,1.000000,5,25,90,1.000000,False,True,5,True,True,150,50,1430,143000,False,220.000000,110.000000,"(X=0.000000,Y=0.000000,Z=-30.000000)",Transport,0,0,0,0,0,0,0,0,0,0,2,3,0,None,None,None,None,None
ChickenPal,None,None,None,None,True,ChickenPal,ChickenPal,3,,XS,1,Normal,None,Bird,None,None,False,60,70,60,60,70,100,6.000000,4.100000,4.100000,0.000000,1.000000,2.000000,1.000000,1.000000,1.500000,1.000000,313.000000,1.000000,Friendly,None,50,50,375,550,212,50,50,False,False,False,False,Cute,False,False,False,100,1.000000,1,25,90,1.000000,True,False,0,False,True,100,50,3080,308000,False,40.000000,40.000000,"(X=0.000000,Y=0.000000,Z=-30.000000)",MonsterFarm,0,0,0,0,0,1,0,0,0,0,0,0,1,None,None,None,None,None
FlowerDinosaur,None,None,None,None,True,FlowerDinosaur,FlowerDinosaur,84,,L,6,Leaf,Dragon,Humanoid,None,None,False,110,90,85,90,150,100,3.500000,3.100000,2.900000,0.000000,1.000000,1.000000,1.000000,1.000000,1.000000,1.000000,1315.000000,1.000000,Friendly,None,70,120,700,1030,335,210,309,False,False,False,False,Cute,False,False,False,270,1.000000,4,25,90,1.000000,False,False,5,False,True,130,50,2100,210000,False,150.000000,70.000000,"(X=10.000000,Y=-0.000000,Z=-30.000000)",Seeding,0,0,3,0,0,0,3,0,0,0,0,0,0,None,None,None,None,None
FlowerDinosaur_Electric,None,None,None,None,True,FlowerDinosaur_Electric,FlowerDinosaur_Electric,84,B,L,7,Electricity,Dragon,Humanoid,None,None,False,110,90,90,90,150,100,3.500000,2.900000,2.900000,0.000000,1.000000,1.000000,1.000000,1.000000,1.000000,1.000000,1543.000000,1.000000,Friendly,None,70,120,700,1030,335,210,309,False,False,False,False,Cute,False,False,False,270,1.000000,4,25,90,1.000000,False,False,5,False,True,130,50,1890,189000,False,150.000000,70.000000,"(X=10.000000,Y=-0.000000,Z=-30.000000)",Deforest,0,0,0,3,0,0,4,0,0,0,0,0,0,None,None,None,None,None
ElecCat,None,None,None,None,True,ElecCat,ElecCat,42,,XS,1,Electricity,None,Humanoid,None,None,False,60,60,75,70,80,100,6.000000,3.500000,3.700000,0.000000,1.000000,1.300000,1.000000,1.000000,1.100000,1.000000,410.000000,1.000000,Escape_to_Battle,None,40,80,350,500,270,105,150,False,False,False,False,Cute,False,False,False,100,1.000000,1,25,90,1.000000,True,False,0,False,True,100,50,3010,301000,False,50.000000,40.000000,"(X=0.000000,Y=0.000000,Z=-30.000000)",MonsterFarm,0,0,0,1,1,0,0,0,0,0,0,1,1,None,None,None,None,None
IceHorse,None,None,None,None,True,IceHorse,IceHorse,200,,L,20,Ice,None,FourLegged,None,None,False,140,100,140,120,70,100,2.000000,1.000000,1.700000,0.000000,1.000000,1.000000,1.000000,1.000000,1.000000,1.000000,4695.000000,1.000000,Escape_to_Battle,None,120,120,1200,1800,440,360,540,False,False,False,False,Legend,False,False,False,620,1.000000,9,25,90,1.000000,False,False,5,False,True,300,50,150,15000,True,160.000000,80.000000,"(X=0.000000,Y=0.000000,Z=-30.000000)",Cool,0,0,0,0,0,0,0,0,0,0,7,0,0,Legend,ElementBoost_Ice_2_PAL,None,None,None
IceHorse_Dark,None,None,None,None,True,IceHorse_Dark,IceHorse_Dark,200,B,L,20,Dark,None,FourLegged,None,None,False,140,100,140,135,70,100,2.000000,1.000000,1.100000,0.000000,1.000000,1.000000,1.000000,1.000000,1.000000,1.000000,5000.000000,1.000000,Escape_to_Battle,None,120,120,1200,1800,440,360,540,False,False,False,False,Legend,False,False,False,620,1.000000,9,25,90,1.000000,False,True,5,False,True,300,50,110,11000,True,160.000000,80.000000,"(X=0.000000,Y=0.000000,Z=-30.000000)",Collection,0,0,0,0,0,7,0,0,0,0,0,0,0,Legend,ElementBoost_Dark_2_PAL,None,None,None
GrassMammoth,None,None,None,None,True,GrassMammoth,GrassMammoth,87,,XL,8,Leaf,Earth,FourLegged,None,None,False,150,100,85,90,30,100,1.500000,3.100000,2.900000,0.000000,1.000000,1.000000,1.000000,1.000000,1.000000,1.000000,2220.000000,1.000000,NotInterested,None,100,135,600,1030,282,180,309,False,False,False,False,Strong,False,False,False,400,1.000000,6,25,90,1.000000,False,False,5,False,True,180,50,1340,134000,False,210.000000,120.000000,"(X=0.000000,Y=0.000000,Z=-210.000000)",Seeding,0,0,4,0,0,0,4,4,0,0,0,0,0,Deffence_up2_2,None,None,None,None
GrassMammoth_Ice,None,None,None,None,True,GrassMammoth_Ice,GrassMammoth_Ice,87,B,XL,9,Ice,Earth,FourLegged,None,None,False,150,100,85,90,30,100,1.500000,3.100000,2.900000,0.000000,1.000000,1.000000,1.000000,1.000000,1.000000,1.000000,2424.000000,1.000000,NotInterested,None,100,135,600,1030,282,180,309,False,False,False,False,Strong,False,False,False,400,1.000000,6,25,90,1.000000,False,False,5,False,True,180,50,1070,107000,False,210.000000,120.000000,"(X=0.000000,Y=0.000000,Z=-210.000000)",Deforest,0,0,0,0,0,0,5,4,0,0,5,0,0,Deffence_up2_2,None,None,None,None
CatVampire,None,None,None,None,True,CatVampire,CatVampire,65,,M,6,Dark,None,Humanoid,None,None,False,100,100,105,110,110,100,4.000000,2.300000,2.100000,0.000000,1.000000,1.000000,1.000000,1.000000,1.000000,1.000000,1744.000000,1.000000,Warlike,None,60,100,550,700,325,550,550,False,False,False,False,Cool,False,False,False,490,1.000000,7,25,90,1.000000,False,True,5,False,True,100,50,1570,157000,False,100.000000,60.000000,"(X=0.000000,Y=0.000000,Z=-30.000000)",ProductMedicine,0,0,0,0,0,0,0,0,0,3,0,0,0,None,None,None,None,None
SakuraSaurus,None,None,None,None,True,SakuraSaurus,SakuraSaurus,108,,XL,8,Leaf,None,FourLegged,None,None,False,120,80,90,100,120,100,3.000000,2.900000,2.500000,0.000000,1.000000,1.000000,1.000000,1.000000,1.000000,1.000000,2014.000000,1.000000,NotInterested,None,50,75,550,1020,200,165,306,False,False,False,False,Cool,False,False,False,410,1.000000,6,25,90,1.000000,False,False,5,False,True,150,50,1380,138000,False,200.000000,100.000000,"(X=0.000000,Y=0.000000,Z=-30.000000)",Seeding,0,0,5,0,0,0,0,0,0,0,0,0,0,Deffence_up2_2,None,None,None,None
SakuraSaurus_Water,None,None,None,None,True,SakuraSaurus_Water,SakuraSaurus_Water,108,B,XL,8,Leaf,Water,FourLegged,None,None,False,120,80,95,100,120,100,3.000000,2.700000,2.500000,0.000000,1.000000,1.000000,1.000000,1.000000,1.000000,1.000000,2259.000000,1.000000,NotInterested,None,50,75,550,1020,200,550,1020,False,False,False,False,Cool,False,False,False,410,1.000000,6,25,90,1.000000,False,False,5,False,True,150,50,1080,108000,False,200.000000,100.000000,"(X=0.000000,Y=0.000000,Z=-30.000000)",Watering,0,5,0,0,0,0,0,0,0,0,0,0,0,Deffence_up2_2,None,None,None,None
Horus,None,None,None,None,True,Horus,Horus,188,,L,9,Fire,None,Bird,None,None,False,105,100,110,115,90,100,3.800000,2.100000,1.900000,0.000000,1.000000,1.000000,1.000000,1.000000,1.000000,1.000000,2685.000000,1.000000,Warlike,None,150,200,1000,1400,500,1000,1000,False,False,False,False,Strong,False,False,False,600,1.000000,9,25,90,1.000000,False,False,5,False,True,230,50,500,50000,True,300.000000,120.000000,"(X=0.000000,Y=0.000000,Z=-300.000000)",EmitFlame,6,0,0,0,0,0,0,0,0,0,0,3,0,None,None,None,None,None
KingBahamut,None,None,None,None,True,KingBahamut,KingBahamut,137,,XL,9,Fire,None,FourLegged,None,None,False,100,150,125,120,50,100,4.000000,1.500000,1.700000,0.000000,1.000000,1.000000,1.000000,1.000000,1.000000,1.000000,3470.000000,1.000000,Warlike,None,150,400,800,1200,500,100,100,False,False,False,False,Strong,False,False,False,600,1.000000,9,25,90,1.000000,False,False,5,False,True,190,50,410,41000,False,160.000000,120.000000,"(X=-40.000000,Y=0.000000,Z=-160.000000)",Mining,6,0,0,0,0,0,0,7,0,0,0,0,0,ElementBoost_Fire_2_PAL,None,None,None,None
KingBahamut_Dragon,None,None,None,None,True,KingBahamut_Dragon,KingBahamut_Dragon,137,B,XL,10,Dragon,Fire,FourLegged,None,None,False,105,150,130,125,50,100,3.800000,1.300000,1.500000,0.000000,1.000000,1.000000,1.000000,1.000000,1.000000,1.000000,3651.000000,1.000000,Warlike,None,150,400,800,1200,500,100,100,False,False,False,False,Strong,False,False,False,600,1.000000,9,25,90,1.000000,False,False,5,False,True,190,50,100,10000,True,160.000000,120.000000,"(X=-40.000000,Y=0.000000,Z=-160.000000)",Mining,6,0,0,0,0,0,0,7,0,0,0,0,0,EternalFlame,None,None,None,None
BerryGoat,None,None,None,None,True,BerryGoat,BerryGoat,34,,S,3,Leaf,None,FourLegged,None,None,False,100,70,70,90,120,100,4.000000,3.700000,2.900000,0.000000,1.000000,1.000000,1.000000,1.000000,1.000000,1.000000,1643.000000,1.000000,Escape_to_Battle,None,70,70,400,550,235,120,165,False,False,False,False,Cute,False,False,False,150,1.000000,2,25,90,1.000000,False,False,0,False,True,100,50,2610,261000,False,100.000000,70.000000,"(X=0.000000,Y=0.000000,Z=-30.000000)",MonsterFarm,0,0,2,0,0,0,0,0,0,0,0,0,1,None,None,None,None,None
IceDeer,None,None,None,None,True,IceDeer,IceDeer,101,,M,4,Ice,None,FourLegged,None,None,False,100,80,85,110,100,100,4.000000,3.100000,2.100000,0.000000,1.000000,1.000000,1.000000,1.000000,1.000000,1.000000,1464.000000,1.000000,NotInterested,None,35,70,700,1070,310,210,321,False,False,False,False,Cool,False,False,False,280,1.000000,4,25,90,1.000000,False,False,0,False,True,140,50,1930,193000,False,140.000000,60.000000,"(X=0.000000,Y=0.000000,Z=-140.000000)",Deforest,0,0,0,0,0,0,3,0,0,0,3,0,0,None,None,None,None,None
BlackGriffon,None,None,None,None,True,BlackGriffon,BlackGriffon,189,,L,10,Dark,None,FourLegged,None,None,False,120,130,120,140,90,100,3.000000,1.700000,1.000000,0.000000,1.000000,1.000000,1.000000,1.000000,1.000000,1.000000,3245.000000,1.000000,Warlike,None,80,80,850,1200,465,255,360,False,False,False,False,Strong,False,False,False,530,1.000000,8,25,90,1.000000,False,True,5,False,True,250,50,550,55000,True,130.000000,120.000000,"(X=0.000000,Y=0.000000,Z=-30.000000)",Collection,0,0,0,0,0,2,0,0,0,0,0,0,0,None,None,None,None,None
WhiteMoth,None,None,None,None,True,WhiteMoth,WhiteMoth,116,,L,7,Ice,None,Humanoid,None,None,False,110,90,90,100,90,100,3.500000,2.900000,2.500000,0.000000,1.000000,1.000000,1.000000,1.000000,1.000000,1.000000,1589.000000,1.000000,Escape_to_Battle,None,50,100,400,550,250,400,400,False,False,False,False,Cool,False,False,False,350,1.000000,5,25,90,1.000000,False,False,5,False,True,100,50,1810,181000,False,170.000000,120.000000,"(X=0.000000,Y=0.000000,Z=-160.000000)",MonsterFarm,0,0,0,0,0,0,0,0,0,3,3,0,3,None,None,None,None,None
WhiteMoth_Neutral,None,None,None,None,True,WhiteMoth_Neutral,WhiteMoth_Neutral,116,B,L,8,Normal,None,Humanoid,None,None,False,115,100,90,100,90,100,3.300000,2.900000,2.500000,0.000000,1.000000,1.000000,1.000000,1.000000,1.000000,1.000000,2094.000000,1.000000,Escape_to_Battle,None,50,100,400,550,250,400,400,False,False,False,False,Cool,False,False,False,350,1.000000,5,25,90,1.000000,False,False,5,False,True,100,50,650,65000,False,170.000000,120.000000,"(X=0.000000,Y=0.000000,Z=-160.000000)",MonsterFarm,0,0,0,0,0,0,0,0,0,3,0,0,4,None,None,None,None,None
CuteFox,None,None,None,None,True,CuteFox,CuteFox,6,,XS,2,Normal,None,FourLegged,None,None,False,70,70,70,70,140,100,5.500000,3.700000,3.700000,0.000000,1.000000,1.700000,1.000000,1.000000,1.300000,1.000000,407.000000,1.000000,Escape_to_Battle,None,30,60,350,450,190,105,135,False,False,False,False,Cute,False,False,False,100,1.000000,1,25,90,1.000000,True,False,0,False,True,100,50,3060,306000,False,50.000000,40.000000,"(X=0.000000,Y=0.000000,Z=-30.000000)",MonsterFarm,0,0,0,0,0,1,0,0,0,0,0,0,1,None,None,None,None,None
FoxMage,None,None,None,None,True,FoxMage,FoxMage,78,,M,6,Fire,None,Humanoid,None,None,False,90,50,110,80,120,100,4.500000,2.100000,3.300000,0.000000,1.000000,1.000000,1.000000,1.000000,1.000000,1.000000,1284.000000,1.000000,Escape_to_Battle,None,70,145,440,620,292,440,620,False,False,False,False,Cute,False,False,False,280,1.000000,4,25,90,1.000000,False,False,5,False,True,100,50,2080,208000,False,120.000000,50.000000,"(X=0.000000,Y=0.000000,Z=-30.000000)",EmitFlame,3,0,0,0,3,0,0,0,0,0,0,2,0,None,None,None,None,None
FoxMage_Dark,None,None,None,None,True,FoxMage_Dark,FoxMage_Dark,78,B,M,6,Fire,Dark,Humanoid,None,None,False,90,50,110,85,120,100,4.500000,2.100000,3.100000,0.000000,1.000000,1.000000,1.000000,1.000000,1.000000,1.000000,1509.000000,1.000000,NotInterested,None,70,145,440,620,292,440,620,False,False,False,False,Cute,False,False,False,280,1.000000,4,25,90,1.000000,False,True,5,False,True,100,50,1490,149000,False,120.000000,50.000000,"(X=0.000000,Y=0.000000,Z=-30.000000)",EmitFlame,4,0,0,0,4,0,0,0,0,0,0,2,0,None,None,None,None,None
PinkLizard,None,None,None,None,True,PinkLizard,PinkLizard,69,,L,5,Dark,None,Humanoid,None,None,False,120,70,70,70,140,100,3.000000,3.700000,3.700000,0.000000,1.000000,1.000000,1.000000,1.000000,1.000000,1.000000,1056.000000,1.000000,Warlike,None,90,170,750,850,460,300,300,False,False,False,False,Cute,False,False,False,280,1.000000,4,25,90,1.000000,False,True,5,False,True,100,30,2090,209000,False,130.000000,60.000000,"(X=0.000000,Y=0.000000,Z=-130.000000)",Handcraft,0,0,0,0,3,0,0,2,0,3,0,2,0,ElementResist_Normal_1_PAL,None,None,None,None
WizardOwl,None,None,None,None,True,WizardOwl,WizardOwl,19,,XS,1,Dark,None,Bird,None,None,False,70,70,70,80,100,100,5.500000,3.700000,3.300000,0.000000,1.000000,1.000000,1.000000,1.000000,1.000000,1.000000,443.000000,1.000000,NotInterested,None,26,70,380,550,225,100,100,False,False,False,False,Cute,False,False,False,100,1.000000,1,25,90,1.000000,True,True,0,False,True,100,50,2940,294000,False,60.000000,60.000000,"(X=10.000000,Y=0.000000,Z=-60.000000)",Collection,0,0,0,0,0,1,0,0,0,0,0,0,0,None,None,None,None,None
Kelpie,None,None,None,None,True,Kelpie,Kelpie,43,,XS,1,Water,None,Dragon,None,None,False,70,100,70,70,100,100,5.500000,3.700000,3.700000,0.000000,1.000000,1.000000,1.000000,1.000000,1.000000,1.000000,407.000000,1.000000,NotInterested,None,50,100,700,900,400,1260,1620,False,False,False,False,Cute,False,False,False,100,1.000000,1,25,90,1.000000,True,False,0,False,True,100,50,2810,281000,False,50.000000,30.000000,"(X=-12.000000,Y=0.000000,Z=-50.000000)",MonsterFarm,0,1,0,0,0,0,0,0,0,0,0,0,1,None,None,None,None,None
Kelpie_Fire,None,None,None,None,True,Kelpie_Fire,Kelpie_Fire,43,B,XS,2,Fire,None,Dragon,None,None,False,70,100,70,70,100,100,5.500000,3.700000,3.700000,0.000000,1.000000,1.000000,1.000000,1.000000,1.000000,1.000000,407.000000,1.000000,NotInterested,None,50,100,700,900,400,700,700,False,False,False,False,Cute,False,False,False,100,1.000000,1,25,90,1.000000,True,False,0,False,True,100,50,2470,247000,False,50.000000,30.000000,"(X=-12.000000,Y=0.000000,Z=-50.000000)",MonsterFarm,1,0,0,0,0,0,0,0,0,0,0,0,1,None,None,None,None,None
NegativeOctopus,None,None,None,None,True,NegativeOctopus,NegativeOctopus,30,,XS,1,Dark,Water,Other,None,None,False,60,100,60,70,100,100,6.000000,4.100000,3.700000,0.000000,1.000000,1.000000,1.000000,1.000000,1.000000,1.000000,376.000000,1.000000,NotInterested,None,60,120,400,550,260,400,550,False,False,False,False,Cute,False,False,False,150,1.000000,2,25,90,1.000000,False,True,0,False,True,100,50,2770,277000,False,88.000000,40.000000,"(X=0.000000,Y=0.000000,Z=-88.000000)",Transport,0,1,0,0,0,1,0,0,0,0,0,2,0,None,None,None,None,None
NegativeOctopus_Neutral,None,None,None,None,True,NegativeOctopus_Neutral,NegativeOctopus_Neutral,30,B,XS,2,Normal,Water,Other,None,None,False,70,100,60,70,100,100,5.500000,4.100000,3.700000,0.000000,1.000000,1.000000,1.000000,1.000000,1.000000,1.000000,421.000000,1.000000,NotInterested,None,60,120,400,550,260,400,400,False,False,False,False,Cute,False,False,False,150,1.000000,2,25,90,1.000000,False,False,0,False,True,100,50,2540,571,False,88.000000,40.000000,"(X=0.000000,Y=0.000000,Z=-88.000000)",Transport,0,1,0,0,0,1,0,0,0,0,0,2,0,None,None,None,None,None
CowPal,None,None,None,None,True,CowPal,CowPal,40,,S,2,Normal,None,FourLegged,None,None,False,90,100,50,80,100,100,4.500000,4.500000,3.300000,0.000000,1.000000,1.000000,1.000000,1.000000,1.000000,1.000000,502.000000,1.000000,Escape_to_Battle,None,55,55,580,700,317,174,210,False,False,False,False,Cute,False,False,False,150,1.000000,2,25,90,1.000000,False,False,0,False,True,100,20,2800,280000,False,100.000000,100.000000,"(X=0.000000,Y=0.000000,Z=-30.000000)",MonsterFarm,0,0,0,0,0,0,0,0,0,0,0,0,2,None,None,None,None,None
Yeti,None,None,None,None,True,Yeti,Yeti,134,,L,7,Ice,None,Humanoid,None,None,False,140,100,80,100,100,100,2.000000,3.300000,2.500000,0.000000,1.000000,1.000000,1.000000,1.000000,1.000000,1.000000,2591.000000,1.000000,NotInterested,None,70,100,600,1050,150,180,315,False,False,False,False,Cute,False,False,False,460,1.000000,7,25,90,1.000000,False,False,5,True,True,240,50,830,83000,False,200.000000,120.000000,"(X=0.000000,Y=0.000000,Z=-30.000000)",Transport,0,0,0,0,3,0,5,0,0,0,5,6,0,Deffence_up2_2,None,None,None,None
Yeti_Grass,None,None,None,None,True,Yeti_Grass,Yeti_Grass,134,B,L,8,Leaf,None,Humanoid,None,None,False,140,100,80,110,100,100,2.000000,3.300000,2.100000,0.000000,1.000000,1.000000,1.000000,1.000000,1.000000,1.000000,2743.000000,1.000000,NotInterested,None,70,100,600,1050,150,180,315,False,False,False,False,Cute,False,False,False,460,1.000000,7,25,90,1.000000,False,False,5,True,True,240,50,610,61000,False,200.000000,120.000000,"(X=0.000000,Y=0.000000,Z=-30.000000)",Transport,0,0,3,0,3,0,5,0,0,0,0,6,0,Deffence_up2_2,None,None,None,None
VioletFairy,None,None,None,None,True,VioletFairy,VioletFairy,66,,M,8,Leaf,None,Humanoid,None,None,False,100,100,100,120,100,100,4.000000,2.500000,1.700000,0.000000,1.000000,1.000000,1.000000,1.000000,1.000000,1.000000,2095.000000,1.000000,Warlike,None,100,150,400,550,275,400,400,False,False,False,False,Cute,False,False,False,380,1.000000,5,25,90,1.000000,False,False,5,False,True,100,50,1480,148000,False,100.000000,40.000000,"(X=0.000000,Y=0.000000,Z=-100.000000)",MonsterFarm,0,0,3,0,3,3,0,0,0,3,0,2,2,None,None,None,None,None
HawkBird,None,None,None,None,True,HawkBird,HawkBird,51,,M,3,Normal,None,Bird,None,None,False,100,100,95,80,100,100,4.000000,2.700000,3.300000,0.000000,1.000000,1.000000,1.000000,1.000000,1.000000,1.000000,1012.000000,1.000000,NotInterested,None,150,150,600,750,450,600,600,False,False,False,False,Cute,False,False,False,140,1.000000,2,25,90,1.000000,False,False,3,True,True,100,50,2560,256000,False,160.000000,120.000000,"(X=0.000000,Y=0.000000,Z=-160.000000)",Collection,0,0,0,0,0,2,0,0,0,0,0,0,0,None,None,None,None,None
FlowerRabbit,None,None,None,None,True,FlowerRabbit,FlowerRabbit,77,,XS,1,Leaf,None,Humanoid,None,None,False,75,100,65,70,100,100,5.300000,3.900000,3.700000,0.000000,1.000000,1.000000,1.000000,1.000000,1.000000,1.000000,512.000000,1.000000,Escape_to_Battle,None,100,100,400,550,250,400,400,False,False,False,False,Cute,False,False,False,150,1.000000,2,25,90,1.000000,False,False,0,False,True,100,50,2660,266000,False,100.000000,40.000000,"(X=0.000000,Y=0.000000,Z=-30.000000)",Seeding,0,0,2,0,2,2,0,0,0,1,0,1,0,None,None,None,None,None
LilyQueen,None,None,None,None,True,LilyQueen,LilyQueen,186,,L,9,Leaf,None,Humanoid,None,None,False,120,100,120,110,100,100,3.000000,1.700000,2.100000,0.000000,1.000000,1.000000,1.000000,1.000000,1.000000,1.000000,3427.000000,1.000000,NotInterested,None,60,100,450,550,275,450,450,False,False,False,False,Strong,False,False,False,540,1.000000,8,25,90,1.000000,False,False,5,False,True,100,30,240,24000,True,150.000000,60.000000,"(X=0.000000,Y=0.000000,Z=-150.000000)",Seeding,0,0,7,0,5,6,0,0,0,5,0,0,0,ElementBoost_Leaf_2_PAL,None,None,None,None
LilyQueen_Dark,None,None,None,None,True,LilyQueen_Dark,LilyQueen_Dark,186,B,L,10,Dark,None,Humanoid,None,None,False,115,100,120,115,100,100,3.300000,1.700000,1.900000,0.000000,1.000000,1.000000,1.000000,1.000000,1.000000,1.000000,3540.000000,1.000000,NotInterested,None,60,100,450,550,275,450,450,False,False,False,False,Strong,False,False,False,540,1.000000,8,25,90,1.000000,False,True,5,False,True,100,30,220,22000,True,150.000000,60.000000,"(X=0.000000,Y=0.000000,Z=-150.000000)",ProductMedicine,0,0,0,0,5,6,0,0,0,7,0,0,0,None,None,None,None,None
QueenBee,None,None,None,None,True,QueenBee,QueenBee,68,,L,8,Leaf,None,Humanoid,None,None,False,90,100,105,100,100,100,4.500000,2.300000,2.500000,0.000000,1.000000,1.000000,1.000000,1.000000,1.000000,1.000000,1769.000000,1.000000,Warlike,None,150,250,450,550,350,450,450,False,False,False,False,Cool,False,False,False,340,1.000000,5,25,90,1.000000,False,False,5,False,True,100,10,1790,179000,False,170.000000,100.000000,"(X=0.000000,Y=0.000000,Z=-170.000000)",Seeding,0,0,4,0,4,4,3,0,0,4,0,0,0,None,None,None,None,None
SoldierBee,None,None,None,None,True,SoldierBee,SoldierBee,67,,M,4,Leaf,None,Humanoid,None,None,False,80,100,90,90,100,100,5.000000,2.900000,2.900000,0.000000,1.000000,1.000000,1.000000,1.000000,1.000000,1.000000,1166.000000,1.000000,Warlike,None,125,250,450,550,350,450,450,False,False,False,False,Cute,False,False,False,230,1.000000,3,25,90,1.000000,False,False,1,False,True,100,10,2350,235000,False,120.000000,50.000000,"(X=0.000000,Y=0.000000,Z=-120.000000)",MonsterFarm,0,0,2,0,2,3,2,0,0,2,0,2,3,None,None,None,None,None
CatBat,None,None,None,None,True,CatBat,CatBat,52,,M,5,Dark,None,Humanoid,None,None,False,95,100,95,80,100,100,4.300000,2.700000,3.300000,0.000000,1.000000,1.000000,1.000000,1.000000,1.000000,1.000000,1147.000000,1.000000,Warlike,None,80,140,400,550,270,400,400,False,False,False,False,Cute,False,False,False,140,1.000000,2,25,90,1.000000,False,True,3,False,True,100,50,2340,234000,False,120.000000,120.000000,"(X=0.000000,Y=0.000000,Z=-30.000000)",Mining,0,0,0,0,0,2,0,3,0,0,0,2,0,None,None,None,None,None
GrassPanda,None,None,None,None,True,GrassPanda,GrassPanda,102,,L,6,Leaf,None,Humanoid,None,None,False,100,100,90,90,100,100,4.000000,2.900000,2.900000,0.000000,1.000000,1.000000,1.000000,1.000000,1.000000,1.000000,1475.000000,1.000000,Warlike,None,50,100,600,1000,275,180,300,False,False,False,False,Cool,False,False,False,280,1.000000,4,25,90,1.000000,False,False,3,False,True,130,50,2060,206000,False,150.000000,120.000000,"(X=0.000000,Y=0.000000,Z=-150.000000)",Deforest,0,0,3,0,2,0,4,0,0,0,0,4,0,None,None,None,None,None
GrassPanda_Electric,None,None,None,None,True,GrassPanda_Electric,GrassPanda_Electric,102,B,L,7,Electricity,None,Humanoid,None,None,False,100,100,100,100,100,100,4.000000,2.500000,2.500000,0.000000,1.000000,1.000000,1.000000,1.000000,1.000000,1.000000,1806.000000,1.000000,Warlike,None,50,100,600,1000,275,180,300,False,False,False,False,Cool,False,False,False,280,1.000000,4,25,90,1.000000,False,False,3,False,True,130,50,1440,144000,False,150.000000,120.000000,"(X=0.000000,Y=0.000000,Z=-150.000000)",GenerateElectricity,0,0,0,4,3,0,4,0,0,0,0,4,0,None,None,None,None,None
FlameBuffalo,None,None,None,None,True,FlameBuffalo,FlameBuffalo,58,,M,4,Fire,None,FourLegged,None,None,False,85,100,95,95,100,100,4.800000,2.700000,2.700000,0.000000,1.000000,1.000000,1.000000,1.000000,1.000000,1.000000,1176.000000,1.000000,Warlike,None,87,87,700,1050,343,210,315,False,False,False,False,Cool,False,False,False,210,1.000000,3,25,90,1.000000,False,False,3,False,True,120,50,2320,232000,False,90.000000,60.000000,"(X=0.000000,Y=0.000000,Z=-30.000000)",EmitFlame,3,0,0,0,0,0,2,0,0,0,0,0,0,None,None,None,None,None
ThunderDog,None,None,None,None,True,ThunderDog,ThunderDog,98,,M,5,Electricity,None,FourLegged,None,None,False,90,100,100,80,100,100,4.500000,2.500000,3.300000,0.000000,1.000000,1.000000,1.000000,1.000000,1.000000,1.000000,1205.000000,1.000000,Warlike,None,110,210,700,1150,455,210,345,False,False,False,False,Cute,False,False,False,280,1.000000,4,25,90,1.000000,False,False,3,True,True,100,50,1920,192000,False,100.000000,40.000000,"(X=0.000000,Y=0.000000,Z=-100.000000)",GenerateElectricity,0,0,0,4,0,0,0,0,0,0,0,0,0,None,None,None,None,None
ThunderDog_Ice,None,None,None,None,True,ThunderDog_Ice,ThunderDog_Ice,98,B,M,6,Ice,None,FourLegged,None,None,False,90,100,105,80,100,100,4.500000,2.300000,3.300000,0.000000,1.000000,1.000000,1.000000,1.000000,1.000000,1.000000,1138.000000,1.000000,Warlike,None,110,210,700,1150,455,210,345,False,False,False,False,Cute,False,False,False,280,1.000000,4,25,90,1.000000,False,False,3,True,True,100,50,1600,160000,False,100.000000,40.000000,"(X=0.000000,Y=0.000000,Z=-100.000000)",Cool,0,0,0,0,0,0,0,0,0,0,3,0,0,None,None,None,None,None
CuteMole,None,None,None,None,True,CuteMole,CuteMole,31,,XS,1,Earth,None,Humanoid,None,None,False,65,100,80,50,100,100,5.800000,3.300000,4.500000,0.000000,1.000000,1.000000,1.000000,1.000000,1.000000,1.000000,358.000000,1.000000,Escape_to_Battle,None,30,60,300,550,240,50,50,False,False,False,False,Cute,False,False,False,150,1.000000,2,25,90,1.000000,True,False,0,False,True,100,50,2790,279000,False,50.000000,50.000000,"(X=0.000000,Y=0.000000,Z=-30.000000)",Handcraft,0,0,0,0,1,0,0,1,0,0,0,1,0,None,None,None,None,None
BlackMetalDragon,None,None,None,None,True,BlackMetalDragon,BlackMetalDragon,158,,XL,9,Dragon,Dark,Monster,None,None,False,100,100,125,125,100,100,4.000000,1.500000,1.500000,0.000000,1.000000,1.000000,1.000000,1.000000,1.000000,1.000000,3794.000000,1.000000,Warlike,None,100,150,700,1100,375,210,330,False,False,False,False,Strong,False,False,False,470,1.000000,7,25,90,1.000000,False,True,5,False,True,300,50,490,49000,False,300.000000,120.000000,"(X=0.000000,Y=0.000000,Z=-30.000000)",Mining,0,0,0,0,3,0,0,7,0,0,0,0,0,Deffence_up1,None,None,None,None
GrassRabbitMan,None,None,None,None,True,GrassRabbitMan,GrassRabbitMan,152,,M,8,Leaf,None,Humanoid,None,None,False,90,100,115,90,100,100,4.500000,1.900000,2.900000,0.000000,1.000000,1.000000,1.000000,1.000000,1.000000,1.000000,1947.000000,1.000000,Warlike,None,50,195,500,700,275,500,700,False,False,False,False,Cool,False,False,False,450,1.000000,6,25,90,1.000000,False,False,5,False,True,100,50,1160,116000,False,88.000000,34.000000,"(X=0.000000,Y=0.000000,Z=-90.000000)",Handcraft,0,0,4,0,5,5,3,0,0,0,0,3,0,None,None,None,None,None
IceFox,None,None,None,None,True,IceFox,IceFox,95,,S,5,Ice,None,FourLegged,None,None,False,90,100,95,105,100,100,4.500000,2.700000,2.300000,0.000000,1.000000,1.000000,1.000000,1.000000,1.000000,1.000000,1543.000000,1.000000,NotInterested,None,65,130,600,750,315,180,225,False,False,False,False,Cool,False,False,False,300,1.000000,4,25,90,1.000000,False,False,3,False,True,100,50,1970,197000,False,88.000000,34.000000,"(X=0.000000,Y=0.000000,Z=-88.000000)",MonsterFarm,0,0,0,0,0,0,0,0,0,0,4,0,3,None,None,None,None,None
JetDragon,None,None,None,None,True,JetDragon,JetDragon,202,,XL,20,Dragon,None,Dragon,None,None,False,115,100,140,120,100,100,3.300000,1.000000,1.700000,0.000000,1.000000,1.000000,1.000000,1.000000,1.000000,1.000000,4452.000000,1.000000,Warlike,None,200,800,1700,3300,1250,510,990,False,False,False,False,Legend,False,False,False,600,1.000000,9,25,90,1.000000,False,False,5,False,True,110,50,70,7000,True,180.000000,100.000000,"(X=0.000000,Y=0.000000,Z=-180.000000)",Collection,0,0,0,0,0,8,0,0,0,0,0,0,0,Legend,ElementBoost_Dragon_2_PAL,None,None,None
DreamDemon,None,None,None,None,True,DreamDemon,DreamDemon,22,,XS,1,Dark,None,Humanoid,None,None,False,70,100,75,60,100,100,5.500000,3.500000,4.100000,0.000000,1.000000,1.000000,1.000000,1.000000,1.000000,1.000000,397.000000,1.000000,Friendly,None,70,140,300,550,220,300,300,False,False,False,False,Cute,False,False,False,100,1.000000,1,25,90,1.000000,False,True,0,False,True,100,50,2910,291000,False,100.000000,50.000000,"(X=0.000000,Y=0.000000,Z=-30.000000)",Handcraft,0,0,0,0,1,1,0,0,0,0,0,1,0,None,None,None,None,None
Monkey,None,None,None,None,True,Monkey,Monkey,23,,XS,1,Leaf,None,Humanoid,None,None,False,80,100,70,70,100,100,5.000000,3.700000,3.700000,0.000000,1.000000,1.200000,1.000000,1.000000,1.100000,1.000000,512.000000,1.000000,Escape_to_Battle,None,48,48,300,400,174,90,120,False,False,False,False,Cute,False,False,False,100,1.000000,1,25,90,1.000000,True,False,0,False,True,100,50,2900,290000,False,40.000000,40.000000,"(X=-10.000000,Y=0.000000,Z=-40.000000)",Seeding,0,0,1,0,1,1,1,0,0,0,0,1,0,None,None,None,None,None
Monkey_Ice,None,None,None,None,True,Monkey_Ice,Monkey_Ice,-1,B,XS,2,Ice,None,Humanoid,None,None,False,80,100,70,75,100,100,5.000000,3.700000,3.500000,0.000000,1.000000,1.200000,1.000000,1.000000,1.100000,1.000000,1285.000000,1.000000,Escape_to_Battle,None,48,48,300,400,174,90,120,False,False,False,False,Cute,False,False,False,150,1.000000,2,25,90,1.000000,True,False,0,False,True,100,50,9999,999900,True,40.000000,40.000000,"(X=-10.000000,Y=0.000000,Z=-40.000000)",Handcraft,0,0,0,0,1,0,1,0,0,0,1,1,0,None,None,None,None,None
Monkey_Fire,None,None,None,None,True,Monkey_Fire,Monkey_Fire,23,B,XS,2,Fire,None,Humanoid,None,None,False,80,100,75,70,100,100,5.000000,3.500000,3.700000,0.000000,1.000000,1.200000,1.000000,1.000000,1.100000,1.000000,526.000000,1.000000,Escape_to_Battle,None,48,48,300,400,174,90,120,False,False,False,False,Cute,False,False,False,100,1.000000,1,25,90,1.000000,True,False,0,False,True,100,50,2830,283000,False,40.000000,40.000000,"(X=-10.000000,Y=0.000000,Z=-40.000000)",EmitFlame,1,0,0,0,1,0,1,0,0,0,0,1,0,None,None,None,None,None
Manticore,None,None,None,None,True,Manticore,Manticore,112,,L,7,Fire,None,FourLegged,None,None,False,105,100,110,80,100,100,3.800000,2.100000,3.300000,0.000000,1.000000,1.000000,1.000000,1.000000,1.000000,1.000000,1794.000000,1.000000,Warlike,None,90,180,800,1200,465,240,360,False,False,False,False,Strong,False,False,False,410,1.000000,6,25,90,1.000000,False,False,5,True,True,150,50,1360,136000,False,140.000000,120.000000,"(X=0.000000,Y=0.000000,Z=-140.000000)",EmitFlame,5,0,0,0,0,0,3,0,0,0,0,0,0,None,None,None,None,None
Manticore_Dark,None,None,None,None,True,Manticore_Dark,Manticore_Dark,112,B,L,8,Fire,Dark,FourLegged,None,None,False,105,100,115,80,100,100,3.800000,1.900000,3.300000,0.000000,1.000000,1.000000,1.000000,1.000000,1.000000,1.000000,1882.000000,1.000000,Warlike,None,60,90,800,1200,420,240,360,False,False,False,False,Strong,False,False,False,410,1.000000,6,25,90,1.000000,False,True,5,True,True,150,50,1270,127000,False,140.000000,120.000000,"(X=0.000000,Y=0.000000,Z=-140.000000)",EmitFlame,5,0,0,0,0,0,3,0,0,0,0,0,0,None,None,None,None,None
KingAlpaca,None,None,None,None,True,KingAlpaca,KingAlpaca,21,,XL,8,Normal,None,FourLegged,None,None,False,120,100,85,90,100,100,3.000000,3.100000,2.900000,0.000000,1.000000,1.000000,1.000000,1.000000,1.000000,1.000000,1274.000000,1.000000,Escape_to_Battle,None,80,80,700,1040,290,210,312,False,False,False,False,Cool,False,False,False,280,1.000000,4,25,90,1.000000,False,False,5,False,True,170,90,2220,222000,False,180.000000,120.000000,"(X=0.000000,Y=0.000000,Z=-180.000000)",Collection,0,0,0,0,0,2,0,0,0,0,0,0,0,Deffence_up2_2,None,None,None,None
KingAlpaca_Ice,None,None,None,None,True,KingAlpaca_Ice,KingAlpaca_Ice,21,B,XL,9,Ice,None,FourLegged,None,None,False,120,100,85,90,100,100,3.000000,3.100000,2.900000,0.000000,1.000000,1.000000,1.000000,1.000000,1.000000,1.000000,1624.000000,1.000000,Escape_to_Battle,None,80,80,700,1040,290,210,312,False,False,False,False,Cool,False,False,False,280,1.000000,4,25,90,1.000000,False,False,5,False,True,170,90,1530,153000,False,180.000000,120.000000,"(X=0.000000,Y=0.000000,Z=-180.000000)",Cool,0,0,0,0,0,2,0,0,0,0,4,0,0,Deffence_up2_2,None,None,None,None
PlantSlime,None,None,None,None,True,PlantSlime,PlantSlime,12,,XS,1,Leaf,Earth,Other,None,None,False,70,100,70,70,100,100,5.500000,3.700000,3.700000,0.000000,1.000000,1.800000,1.000000,1.000000,1.300000,1.000000,394.000000,1.000000,Escape_to_Battle,None,50,50,300,400,175,90,120,False,False,False,False,Cute,False,False,False,100,1.000000,1,25,90,1.000000,True,False,0,False,True,100,50,2950,295000,False,50.000000,40.000000,"(X=0.000000,Y=0.000000,Z=-50.000000)",Seeding,0,0,1,0,0,0,0,0,0,0,0,0,0,None,None,None,None,None
PlantSlime_Flower,PAL_NAME_PlantSlime,None,None,None,True,PlantSlime,PlantSlime_Flower,12,,XS,10,Leaf,Earth,Other,None,None,False,70,100,70,70,100,100,5.500000,3.700000,3.700000,0.000000,1.000000,1.800000,1.000000,1.000000,1.300000,1.000000,394.000000,1.000000,Escape_to_Battle,None,50,50,300,400,175,90,120,False,False,False,False,Cute,False,False,False,100,1.000000,1,25,90,1.000000,True,False,0,False,True,100,50,2950,295000,False,50.000000,40.000000,"(X=0.000000,Y=0.000000,Z=-50.000000)",Seeding,0,0,1,0,0,0,0,0,0,0,0,0,0,None,None,None,None,None
DarkMutant,None,None,None,None,True,DarkMutant,DarkMutant,-1,,M,5,Dark,None,Humanoid,None,None,False,100,100,100,100,100,100,4.000000,2.500000,2.500000,0.000000,1.000000,1.000000,1.000000,1.000000,1.000000,1.000000,3960.000000,1.000000,Warlike,None,100,150,550,700,350,550,550,False,False,False,False,Strong,False,False,False,530,1.000000,8,25,90,1.000000,False,True,99,False,True,100,50,9999,999900,True,100.000000,50.000000,"(X=0.000000,Y=0.000000,Z=-30.000000)",EmitFlame,0,0,0,0,0,0,0,0,0,0,0,0,0,None,None,None,None,None
MopBaby,None,None,None,None,True,MopBaby,MopBaby,35,,XS,1,Ice,None,Other,None,None,False,60,100,60,60,100,100,6.000000,4.100000,4.100000,0.000000,1.000000,1.300000,1.000000,1.000000,1.100000,1.000000,313.000000,1.000000,Escape_to_Battle,None,55,100,250,400,175,75,120,False,False,False,False,Cute,False,False,False,100,1.000000,1,25,90,1.000000,True,False,0,False,True,100,50,2840,284000,False,43.000000,43.000000,"(X=0.000000,Y=0.000000,Z=-43.000000)",Collection,0,0,0,0,0,1,0,0,0,0,1,0,0,None,None,None,None,None
MopKing,None,None,None,None,True,MopKing,MopKing,36,,L,6,Ice,None,Other,None,None,False,100,100,90,90,100,100,4.000000,2.900000,2.900000,0.000000,1.000000,1.000000,1.000000,1.000000,1.000000,1.000000,1244.000000,1.000000,Escape_to_Battle,None,60,120,650,1020,210,195,306,False,False,False,False,Cute,False,False,False,300,1.000000,4,25,90,1.000000,False,False,5,False,True,120,50,2150,215000,False,100.000000,100.000000,"(X=0.000000,Y=0.000000,Z=-100.000000)",Cool,0,0,0,0,0,2,0,0,0,0,3,0,0,None,None,None,None,None
CatMage,None,None,None,None,True,CatMage,CatMage,79,,M,6,Dark,None,Humanoid,None,None,False,90,100,105,90,100,100,4.500000,2.300000,2.900000,0.000000,1.000000,1.000000,1.000000,1.000000,1.000000,1.000000,1356.000000,1.000000,NotInterested,None,70,145,440,620,292,440,620,False,False,False,False,Cute,False,False,False,280,1.000000,4,25,90,1.000000,False,True,3,False,True,100,50,2040,204000,False,100.000000,40.000000,"(X=0.000000,Y=0.000000,Z=-30.000000)",Handcraft,0,0,0,0,3,0,0,0,0,3,0,2,0,None,None,None,None,None
CatMage_Fire,None,None,None,None,True,CatMage_Fire,CatMage_Fire,79,B,M,6,Dark,Fire,Humanoid,None,None,False,95,100,105,90,100,100,4.300000,2.300000,2.900000,0.000000,1.000000,1.000000,1.000000,1.000000,1.000000,1.000000,1675.000000,1.000000,NotInterested,None,70,145,440,620,292,440,620,False,False,False,False,Cute,False,False,False,280,1.000000,4,25,90,1.000000,False,True,3,False,True,100,50,1800,180000,False,100.000000,40.000000,"(X=0.000000,Y=0.000000,Z=-30.000000)",EmitFlame,3,0,0,0,3,0,0,0,0,3,0,2,0,None,None,None,None,None
PinkRabbit,None,None,None,None,True,PinkRabbit,PinkRabbit,44,,XS,1,Normal,None,Humanoid,None,None,False,75,100,65,70,100,100,5.300000,3.900000,3.700000,0.000000,1.000000,1.000000,1.000000,1.000000,1.000000,1.000000,421.000000,1.000000,Escape_to_Battle,None,50,100,245,350,172,73,105,False,False,False,False,Cute,False,False,False,100,1.000000,1,25,90,1.000000,True,False,0,False,True,100,50,2860,286000,False,50.000000,25.000000,"(X=0.000000,Y=0.000000,Z=-50.000000)",Handcraft,0,0,0,0,1,1,0,0,0,0,0,1,0,None,None,None,None,None
ThunderBird,None,None,None,None,True,ThunderBird,ThunderBird,96,,L,6,Electricity,None,Bird,None,None,False,105,100,115,80,100,100,3.800000,1.900000,3.300000,0.000000,1.000000,1.000000,1.000000,1.000000,1.000000,1.000000,1934.000000,1.000000,Warlike,None,100,200,750,1200,375,750,750,False,False,False,False,Cool,False,False,False,340,1.000000,5,25,90,1.000000,False,False,5,True,True,160,50,1690,169000,False,200.000000,80.000000,"(X=0.000000,Y=0.000000,Z=-200.000000)",Transport,0,0,0,4,0,2,0,0,0,0,0,5,0,None,None,None,None,None
ThunderBird_Ice,None,None,None,None,True,ThunderBird_Ice,ThunderBird_Ice,96,B,L,7,Ice,None,Bird,None,None,False,105,100,115,85,100,100,3.800000,1.900000,3.100000,0.000000,1.000000,1.000000,1.000000,1.000000,1.000000,1.000000,2227.000000,1.000000,Warlike,None,100,200,750,1200,375,750,750,False,False,False,False,Cool,False,False,False,340,1.000000,5,25,90,1.000000,False,False,5,True,True,160,50,580,58000,False,200.000000,80.000000,"(X=0.000000,Y=0.000000,Z=-200.000000)",Cool,0,0,0,0,0,2,0,0,0,0,5,5,0,None,None,None,None,None
HerculesBeetle,None,None,None,None,True,HerculesBeetle,HerculesBeetle,113,,L,8,Earth,Leaf,Humanoid,None,None,False,120,100,100,120,100,100,3.000000,2.500000,1.700000,0.000000,1.000000,1.000000,1.000000,1.000000,1.000000,1.000000,2913.000000,1.000000,Warlike,None,55,110,500,600,110,500,500,False,False,False,False,Cool,False,False,False,400,1.000000,6,25,90,1.000000,False,False,5,False,True,100,85,1280,128000,False,140.000000,80.000000,"(X=0.000000,Y=0.000000,Z=-140.000000)",Transport,0,0,3,0,3,0,4,0,0,0,0,5,0,Deffence_up1,None,None,None,None
HerculesBeetle_Ground,None,None,None,None,True,HerculesBeetle_Ground,HerculesBeetle_Ground,113,B,L,9,Earth,None,Humanoid,None,None,False,120,100,105,120,100,100,3.000000,2.300000,1.700000,0.000000,1.000000,1.000000,1.000000,1.000000,1.000000,1.000000,10000.000000,1.000000,Warlike,None,55,110,500,600,110,500,500,False,False,False,False,Cool,False,False,False,400,1.000000,6,25,90,1.000000,False,False,5,False,True,100,85,630,63000,False,140.000000,80.000000,"(X=0.000000,Y=0.000000,Z=-140.000000)",Mining,0,0,0,0,2,0,0,5,0,0,0,5,0,Deffence_up1,None,None,None,None
SaintCentaur,None,None,None,None,True,SaintCentaur,SaintCentaur,198,,L,20,Normal,None,FourLegged,None,None,False,130,110,120,145,100,100,2.500000,1.700000,1.000000,0.000000,1.000000,1.000000,1.000000,1.000000,1.000000,1.000000,4339.000000,1.000000,Warlike,None,50,100,800,1800,450,240,540,False,False,False,False,Legend,False,False,False,600,1.000000,9,25,90,1.000000,False,False,5,False,True,400,50,180,18000,True,140.000000,60.000000,"(X=0.000000,Y=0.000000,Z=-140.000000)",Deforest,0,0,0,0,0,0,6,6,0,0,0,0,0,Legend,ElementBoost_Normal_2_PAL,None,None,None
NightFox,None,None,None,None,True,NightFox,NightFox,24,,XS,6,Dark,None,FourLegged,None,None,False,75,70,85,70,140,100,5.300000,3.100000,3.700000,0.000000,1.000000,1.000000,1.000000,1.000000,1.000000,1.000000,502.000000,1.000000,Escape_to_Battle,None,30,60,300,500,164,90,150,False,False,False,False,Cute,False,False,False,100,1.000000,1,25,90,1.000000,True,True,0,False,True,100,50,2920,292000,False,45.000000,30.000000,"(X=0.000000,Y=0.000000,Z=-45.000000)",Collection,0,0,0,0,0,1,0,0,0,0,0,0,0,None,None,None,None,None
CaptainPenguin,None,None,None,None,True,CaptainPenguin,CaptainPenguin,18,,M,6,Water,Ice,Humanoid,None,None,False,95,70,95,95,100,100,4.300000,2.700000,2.700000,0.000000,1.000000,1.000000,1.000000,1.000000,1.000000,1.000000,1442.000000,1.000000,Warlike,None,50,110,450,600,280,810,1080,False,False,False,False,Cute,False,False,False,270,1.000000,4,25,90,1.000000,False,False,3,False,True,100,50,2070,207000,False,100.000000,80.000000,"(X=0.000000,Y=0.000000,Z=-30.000000)",Mining,0,2,0,0,2,0,0,3,0,0,2,3,0,None,None,None,None,None
CaptainPenguin_Black,None,None,None,None,True,CaptainPenguin_Black,CaptainPenguin_Black,18,B,M,7,Water,Electricity,Humanoid,None,None,False,100,100,100,100,100,100,4.000000,2.500000,2.500000,0.000000,1.000000,1.000000,1.000000,1.000000,1.000000,1.000000,1683.000000,1.000000,Warlike,None,50,110,450,600,280,810,1080,False,False,False,False,Cute,False,False,False,270,1.000000,4,25,90,1.000000,False,False,3,False,True,100,50,1850,573,False,100.000000,80.000000,"(X=0.000000,Y=0.000000,Z=-30.000000)",GenerateElectricity,0,2,0,3,2,0,0,3,0,0,0,3,0,None,None,None,None,None
WeaselDragon,None,None,None,None,True,WeaselDragon,WeaselDragon,103,,M,4,Ice,Dragon,FourLegged,None,None,False,90,100,80,80,100,100,4.500000,3.300000,3.300000,0.000000,1.000000,1.000000,1.000000,1.000000,1.000000,1.000000,1270.000000,1.000000,Escape_to_Battle,None,100,180,750,1050,390,1350,1890,False,False,False,False,Cute,False,False,False,230,1.000000,3,25,90,1.000000,False,False,0,False,True,100,50,2330,233000,False,110.000000,50.000000,"(X=0.000000,Y=0.000000,Z=-110.000000)",Cool,0,0,0,0,0,1,0,0,0,0,2,0,0,None,None,None,None,None
WeaselDragon_Fire,None,None,None,None,True,WeaselDragon_Fire,WeaselDragon_Fire,103,B,M,5,Fire,Dragon,FourLegged,None,None,False,90,100,85,80,100,100,4.500000,3.100000,3.300000,0.000000,1.000000,1.000000,1.000000,1.000000,1.000000,1.000000,1670.000000,1.000000,Escape_to_Battle,None,100,180,750,1050,390,750,1050,False,False,False,False,Cute,False,False,False,230,1.000000,3,25,90,1.000000,False,False,0,False,True,100,50,1950,195000,False,110.000000,50.000000,"(X=0.000000,Y=0.000000,Z=-110.000000)",EmitFlame,4,0,0,0,0,3,0,0,0,0,0,0,0,None,None,None,None,None
SkyDragon,None,None,None,None,True,SkyDragon,SkyDragon,124,,L,7,Dragon,None,Dragon,None,None,False,105,100,100,100,100,100,3.800000,2.500000,2.500000,0.000000,1.000000,1.000000,1.000000,1.000000,1.000000,1.000000,2081.000000,1.000000,NotInterested,None,120,240,800,950,470,240,285,False,False,False,False,Cool,False,False,False,450,1.000000,6,25,90,1.000000,False,False,5,False,True,220,50,1210,121000,False,180.000000,120.000000,"(X=0.000000,Y=0.000000,Z=-180.000000)",Transport,0,0,0,0,2,3,0,4,0,0,0,5,0,None,None,None,None,None
SkyDragon_Grass,None,None,None,None,True,SkyDragon_Grass,SkyDragon_Grass,124,B,L,8,Dragon,Leaf,Dragon,None,None,False,105,100,105,100,100,100,3.800000,2.300000,2.500000,0.000000,1.000000,1.000000,1.000000,1.000000,1.000000,1.000000,2235.000000,1.000000,NotInterested,None,120,240,800,950,470,240,285,False,False,False,False,Cool,False,False,False,450,1.000000,6,25,90,1.000000,False,False,5,False,True,220,50,1300,130000,False,180.000000,120.000000,"(X=0.000000,Y=0.000000,Z=-180.000000)",Seeding,0,0,5,0,2,4,0,3,0,0,0,4,0,None,None,None,None,None
HadesBird,None,None,None,None,True,HadesBird,HadesBird,80,,L,7,Dark,None,Bird,None,None,False,100,100,125,100,100,100,4.000000,1.500000,2.500000,0.000000,1.000000,1.000000,1.000000,1.000000,1.000000,1.000000,2109.000000,1.000000,Warlike,None,100,100,700,1100,450,700,700,False,False,False,False,Strong,False,False,False,460,1.000000,7,25,90,1.000000,False,True,5,True,True,170,50,1130,113000,False,200.000000,60.000000,"(X=0.000000,Y=0.000000,Z=-200.000000)",Transport,0,0,0,0,0,0,0,0,0,0,0,4,0,None,None,None,None,None
HadesBird_Electric,None,None,None,None,True,HadesBird_Electric,HadesBird_Electric,80,B,L,8,Dark,Electricity,Bird,None,None,False,105,100,125,100,100,100,3.800000,1.500000,2.500000,0.000000,1.000000,1.000000,1.000000,1.000000,1.000000,1.000000,2469.000000,1.000000,Warlike,None,100,100,700,1100,450,700,700,False,False,False,False,Strong,False,False,False,460,1.000000,7,25,90,1.000000,False,True,5,True,True,170,50,960,96000,False,200.000000,60.000000,"(X=0.000000,Y=0.000000,Z=-200.000000)",Transport,0,0,0,4,0,0,0,0,0,0,0,5,0,None,None,None,None,None
RedArmorBird,None,None,None,None,True,RedArmorBird,RedArmorBird,104,,L,7,Fire,None,Bird,None,None,False,95,100,105,120,100,100,4.300000,2.300000,1.700000,0.000000,1.000000,1.000000,1.000000,1.000000,1.000000,1.000000,2263.000000,1.000000,Warlike,None,100,200,800,1300,375,800,800,False,False,False,False,Strong,False,False,False,480,1.000000,7,25,90,1.000000,False,False,5,True,True,150,50,1050,105000,False,180.000000,60.000000,"(X=0.000000,Y=0.000000,Z=-180.000000)",Transport,4,0,0,0,0,0,0,0,0,0,0,5,0,None,None,None,None,None
Ronin,None,None,None,None,True,Ronin,Ronin,85,,M,7,Fire,None,Humanoid,None,None,False,80,100,125,80,100,100,5.000000,1.500000,3.300000,0.000000,1.000000,1.000000,1.000000,1.000000,1.000000,1.000000,1442.000000,1.000000,Warlike,None,80,160,600,900,320,50,50,False,False,False,False,Cool,False,False,False,380,1.000000,5,25,90,1.000000,False,False,5,False,True,100,50,1560,156000,False,110.000000,40.000000,"(X=0.000000,Y=0.000000,Z=-110.000000)",Deforest,2,0,0,0,2,1,3,0,0,0,0,2,0,None,None,None,None,None
Ronin_Dark,None,None,None,None,True,Ronin_Dark,Ronin_Dark,85,B,M,7,Fire,Dark,Humanoid,None,None,False,80,100,130,80,100,100,5.000000,1.300000,3.300000,0.000000,1.000000,1.000000,1.000000,1.000000,1.000000,1.000000,1857.000000,1.000000,Warlike,None,80,160,600,900,320,50,50,False,False,False,False,Cool,False,False,False,380,1.000000,5,25,90,1.000000,False,True,5,False,True,100,50,840,84000,False,110.000000,40.000000,"(X=0.000000,Y=0.000000,Z=-110.000000)",Deforest,2,0,0,0,2,1,5,0,0,0,0,2,0,None,None,None,None,None
FlyingManta,None,None,None,None,True,FlyingManta,FlyingManta,7,,M,3,Water,None,Other,None,None,False,80,100,70,80,100,100,5.000000,3.700000,3.300000,0.000000,1.000000,1.200000,1.000000,1.000000,1.100000,1.000000,521.000000,1.000000,Escape_to_Battle,None,30,150,550,700,350,550,550,False,False,False,False,Cute,False,False,False,150,1.000000,2,25,90,1.000000,False,False,0,False,True,100,50,2740,274000,False,100.000000,80.000000,"(X=0.000000,Y=0.000000,Z=-30.000000)",Watering,0,1,0,0,0,0,0,0,0,0,0,1,0,None,None,None,None,None
FlyingManta_Thunder,None,None,None,None,True,FlyingManta_Thunder,FlyingManta_Thunder,7,B,M,4,Water,Electricity,Other,None,None,False,80,100,75,80,100,100,5.000000,3.500000,3.300000,0.000000,1.000000,1.200000,1.000000,1.000000,1.100000,1.000000,658.000000,1.000000,Escape_to_Battle,None,30,150,550,700,350,550,550,False,False,False,False,Cute,False,False,False,150,1.000000,2,25,90,1.000000,False,False,0,False,True,100,50,2380,574,False,100.000000,80.000000,"(X=0.000000,Y=0.000000,Z=-30.000000)",GenerateElectricity,0,1,0,2,0,0,0,0,0,0,0,1,0,None,None,None,None,None
BlackCentaur,None,None,None,None,True,BlackCentaur,BlackCentaur,199,,L,20,Dark,None,FourLegged,None,None,False,130,100,145,120,100,100,2.500000,1.000000,1.700000,0.000000,1.000000,1.000000,1.000000,1.000000,1.000000,1.000000,4339.000000,1.000000,Warlike,None,100,350,1300,1900,625,390,570,False,False,False,False,Legend,False,False,False,600,1.000000,9,25,90,1.000000,False,True,5,False,True,350,50,190,19000,True,140.000000,80.000000,"(X=0.000000,Y=0.000000,Z=-30.000000)",Deforest,0,0,0,0,0,0,6,6,0,0,0,0,0,Legend,ElementBoost_Dark_2_PAL,None,None,None
FlowerDoll,None,None,None,None,True,FlowerDoll,FlowerDoll,89,,M,8,Leaf,None,Humanoid,None,None,False,100,100,95,100,100,100,4.000000,2.700000,2.500000,0.000000,1.000000,1.000000,1.000000,1.000000,1.000000,1.000000,1769.000000,1.000000,Escape_to_Battle,None,100,150,550,700,350,550,550,False,False,False,False,Cute,False,False,False,450,1.000000,6,25,90,1.000000,False,False,3,False,True,100,50,1720,172000,False,110.000000,34.000000,"(X=0.000000,Y=0.000000,Z=-40.000000)",Seeding,0,0,4,0,3,3,0,0,0,4,0,2,0,None,None,None,None,None
FlowerDoll_Fire,None,None,None,None,True,FlowerDoll_Fire,FlowerDoll_Fire,89,B,M,9,Leaf,Fire,Humanoid,None,None,False,95,100,105,100,100,100,4.300000,2.300000,2.500000,0.000000,1.000000,1.000000,1.000000,1.000000,1.000000,1.000000,2357.000000,1.000000,Escape_to_Battle,None,100,150,550,700,350,550,550,False,False,False,False,Cute,False,False,False,450,1.000000,6,25,90,1.000000,False,False,3,False,True,100,50,820,82000,False,110.000000,34.000000,"(X=0.000000,Y=0.000000,Z=-40.000000)",EmitFlame,4,0,0,0,3,3,0,0,0,4,0,2,0,None,None,None,None,None
NaughtyCat,None,None,None,None,True,NaughtyCat,NaughtyCat,70,,M,6,Normal,None,FourLegged,None,None,False,110,100,80,80,100,100,3.500000,3.300000,3.300000,0.000000,1.000000,1.000000,1.000000,1.000000,1.000000,1.000000,1074.000000,1.000000,Friendly,None,32,64,650,1000,332,195,300,False,False,False,False,Cute,False,False,False,300,1.000000,4,25,90,1.000000,False,False,1,False,True,100,50,2120,212000,False,100.000000,80.000000,"(X=0.000000,Y=0.000000,Z=-100.000000)",Collection,0,0,0,0,0,3,0,0,0,0,0,0,0,None,None,None,None,None
CuteButterfly,None,None,None,None,True,CuteButterfly,CuteButterfly,61,,M,4,Leaf,None,Bird,None,None,False,70,100,80,80,100,100,5.500000,3.300000,3.300000,0.000000,1.000000,1.000000,1.000000,1.000000,1.000000,1.000000,534.000000,1.000000,Escape_to_Battle,None,30,150,550,700,350,550,550,False,False,False,False,Cute,False,False,False,150,1.000000,2,25,90,1.000000,False,False,0,False,True,100,50,2620,262000,False,80.000000,34.000000,"(X=0.000000,Y=0.000000,Z=-30.000000)",Seeding,0,0,2,0,0,2,0,0,0,2,0,0,0,None,None,None,None,None
DarkScorpion,None,None,None,None,True,DarkScorpion,DarkScorpion,99,,L,9,Dark,Earth,Other,None,None,False,100,100,100,130,100,100,4.000000,2.500000,1.300000,0.000000,1.000000,1.000000,1.000000,1.000000,1.000000,1.000000,2469.000000,1.000000,Warlike,None,100,200,1000,1200,600,300,360,False,False,False,False,Strong,False,False,False,410,1.000000,6,25,90,1.000000,False,True,5,True,True,100,50,1120,112000,False,200.000000,120.000000,"(X=0.000000,Y=0.000000,Z=-30.000000)",Mining,0,0,0,0,0,0,3,5,0,0,0,0,0,None,None,None,None,None
DarkScorpion_Ground,None,None,None,None,True,DarkScorpion_Ground,DarkScorpion_Ground,99,B,L,10,Earth,None,Other,None,None,False,100,100,105,130,100,100,4.000000,2.300000,1.300000,0.000000,1.000000,1.000000,1.000000,1.000000,1.000000,1.000000,10000.000000,1.000000,Warlike,None,100,200,1000,1200,600,150,180,False,False,False,False,Strong,False,False,False,410,1.000000,6,25,90,1.000000,False,False,5,True,True,100,50,640,64000,False,200.000000,120.000000,"(X=0.000000,Y=0.000000,Z=-30.000000)",Mining,0,0,0,0,0,0,3,6,0,0,0,0,0,None,None,None,None,None
ThunderDragonMan,None,None,None,None,True,ThunderDragonMan,ThunderDragonMan,187,,L,9,Dragon,Electricity,Humanoid,None,None,False,120,100,130,115,100,100,3.000000,1.300000,1.900000,0.000000,1.000000,1.000000,1.000000,1.000000,1.000000,1.000000,4136.000000,1.000000,Warlike,None,100,185,900,1200,250,1620,2160,False,False,False,False,Strong,False,False,False,620,1.000000,9,25,90,1.000000,False,False,5,True,True,100,50,120,12000,True,110.000000,50.000000,"(X=0.000000,Y=0.000000,Z=-110.000000)",GenerateElectricity,0,0,0,8,3,0,0,0,0,0,0,4,0,ElementBoost_Thunder_2_PAL,None,None,None,None
WoolFox,None,None,None,None,True,WoolFox,WoolFox,8,,XS,1,Normal,None,FourLegged,None,None,False,70,100,70,75,100,100,5.500000,3.700000,3.500000,0.000000,1.000000,1.700000,1.000000,1.000000,1.300000,1.000000,489.000000,1.000000,Escape_to_Battle,None,20,40,300,450,170,90,135,False,False,False,False,Cute,False,False,False,100,1.000000,1,25,90,1.000000,True,False,0,False,True,100,50,2890,289000,False,88.000000,34.000000,"(X=0.000000,Y=0.000000,Z=-90.000000)",MonsterFarm,0,0,0,0,0,1,0,0,0,0,0,0,2,None,None,None,None,None
LazyCatfish,None,None,None,None,True,LazyCatfish,LazyCatfish,109,,M,4,Earth,Water,Fish,None,None,False,100,100,70,95,100,100,4.000000,3.700000,2.700000,0.000000,1.000000,1.000000,1.000000,1.000000,1.000000,1.000000,995.000000,1.000000,NotInterested,None,100,150,450,600,300,810,1080,False,False,False,False,Cute,False,False,False,230,1.000000,3,25,90,1.000000,False,False,0,False,True,100,50,2290,229000,False,70.000000,70.000000,"(X=0.000000,Y=0.000000,Z=-70.000000)",MonsterFarm,0,2,0,0,0,0,0,2,0,0,0,1,1,None,None,None,None,None
LazyCatfish_Gold,None,None,None,None,True,LazyCatfish_Gold,LazyCatfish_Gold,109,B,M,5,Earth,Water,Fish,None,None,False,105,100,75,100,100,100,3.800000,3.500000,2.500000,0.000000,1.000000,1.000000,1.000000,1.000000,1.000000,1.000000,19900.000000,1.000000,NotInterested,None,100,150,450,600,300,810,1080,False,False,False,False,Cute,False,False,False,230,1.000000,3,25,90,1.000000,False,False,0,False,True,100,50,1620,576,False,70.000000,70.000000,"(X=0.000000,Y=0.000000,Z=-70.000000)",MonsterFarm,0,2,0,0,0,0,0,2,0,0,0,1,4,None,None,None,None,None
LavaGirl,None,None,None,None,True,LavaGirl,LavaGirl,25,,XS,1,Fire,None,Humanoid,None,None,False,60,100,70,80,100,100,6.000000,3.700000,3.300000,0.000000,1.000000,1.300000,1.000000,1.000000,1.100000,1.000000,436.000000,1.000000,Escape_to_Battle,None,65,98,250,375,140,46,46,False,False,False,False,Cute,False,False,False,150,1.000000,2,25,90,1.000000,True,False,0,False,True,100,50,2700,270000,False,45.000000,30.070000,"(X=0.000000,Y=0.000000,Z=-45.000000)",MonsterFarm,1,0,0,0,1,0,0,0,0,0,0,1,1,None,None,None,None,None
FlameBambi,None,None,None,None,True,FlameBambi,FlameBambi,26,,S,2,Fire,None,FourLegged,None,None,False,75,100,70,75,100,100,5.300000,3.700000,3.500000,0.000000,1.000000,1.300000,1.000000,1.000000,1.100000,1.000000,459.000000,1.000000,Escape_to_Battle,None,70,100,400,550,-1,120,165,False,False,False,False,Cute,False,False,False,100,1.000000,1,25,90,1.000000,False,False,0,False,True,100,50,2870,287000,False,55.000000,18.770000,"(X=0.000000,Y=0.000000,Z=-30.000000)",MonsterFarm,1,0,0,0,0,0,0,0,0,0,0,0,1,None,None,None,None,None
NightLady,None,None,None,None,True,NightLady,NightLady,195,,M,20,Dark,None,Humanoid,None,None,False,120,100,150,100,100,100,3.000000,1.000000,2.500000,0.000000,1.000000,1.000000,1.000000,1.000000,1.000000,1.000000,3667.000000,1.000000,Warlike,None,100,150,600,800,400,600,600,False,False,False,False,Strong,False,False,False,530,1.000000,7,25,90,1.000000,False,True,0,False,True,100,10,620,62000,True,100.000000,50.000000,"(X=0.000000,Y=0.000000,Z=-100.000000)",Handcraft,0,0,0,0,5,0,0,0,0,5,0,4,0,None,None,None,None,None
NightLady_Dark,None,None,None,None,True,NightLady_Dark,NightLady_Dark,195,B,M,20,Dark,None,Humanoid,None,None,False,120,100,150,100,100,100,3.000000,1.000000,2.500000,0.000000,1.000000,1.000000,1.000000,1.000000,1.000000,1.000000,3997.000000,1.000000,Warlike,None,100,150,600,800,400,600,600,False,False,False,False,Strong,False,False,False,530,1.000000,7,25,90,1.000000,False,True,0,False,True,100,10,130,13000,True,100.000000,50.000000,"(X=0.000000,Y=0.000000,Z=-100.000000)",ProductMedicine,0,0,0,0,6,0,0,0,0,7,0,4,0,Witch,None,None,None,None
MoonQueen,None,None,None,None,True,MoonQueen,MoonQueen,190,,L,9,Dark,Normal,Humanoid,None,None,False,130,100,115,110,100,100,2.500000,1.900000,2.100000,0.000000,1.000000,1.000000,1.000000,1.000000,1.000000,1.000000,4095.000000,1.000000,Warlike,None,60,150,1000,1600,275,1000,1000,False,False,False,False,Strong,False,False,False,680,1.000000,9,25,90,1.000000,False,True,5,False,True,300,20,360,36000,True,130.000000,34.000000,"(X=0.000000,Y=0.000000,Z=-130.000000)",Handcraft,0,0,0,0,7,0,0,0,0,6,0,3,0,None,None,None,None,None
KendoFrog,None,None,None,None,True,KendoFrog,KendoFrog,9,,XS,4,Water,None,Humanoid,None,None,False,80,100,100,85,100,100,5.000000,2.500000,3.100000,0.000000,1.000000,1.000000,1.000000,1.000000,1.000000,1.000000,584.000000,1.000000,NotInterested,None,33,66,300,450,300,540,810,False,False,False,False,Cute,False,False,False,150,1.000000,2,25,90,1.000000,True,False,0,False,True,100,50,2600,260000,False,60.000000,60.000000,"(X=0.000000,Y=0.000000,Z=-60.000000)",Watering,0,1,0,0,1,1,0,0,0,0,0,1,0,None,None,None,None,None
KendoFrog_Dark,None,None,None,None,True,KendoFrog_Dark,KendoFrog_Dark,9,B,XS,5,Water,Dark,Humanoid,None,None,False,85,100,110,90,100,100,4.800000,2.100000,2.900000,0.000000,1.000000,1.000000,1.000000,1.000000,1.000000,1.000000,1254.000000,1.000000,NotInterested,None,33,66,300,450,300,540,810,False,False,False,False,Cute,False,False,False,150,1.000000,2,25,90,1.000000,True,True,0,False,True,100,50,1860,186000,False,60.000000,60.000000,"(X=0.000000,Y=0.000000,Z=-60.000000)",Handcraft,0,1,0,0,2,1,0,0,0,0,0,1,0,None,None,None,None,None
LeafPrincess,None,None,None,None,True,LeafPrincess,LeafPrincess,125,,S,4,Leaf,None,Humanoid,None,None,False,90,100,90,80,100,100,4.500000,2.900000,3.300000,0.000000,1.000000,1.000000,1.000000,1.000000,1.000000,1.000000,1261.000000,1.000000,Escape_to_Battle,None,50,100,400,800,250,400,400,False,False,False,False,Cute,False,False,False,300,1.000000,4,25,90,1.000000,False,False,0,False,True,100,30,1990,199000,False,80.000000,30.000000,"(X=0.000000,Y=0.000000,Z=-80.000000)",Seeding,0,0,3,0,3,2,0,0,0,3,0,0,0,None,None,None,None,None
MushroomDragon,None,None,None,None,True,MushroomDragon,MushroomDragon,118,,S,4,Leaf,None,Humanoid,None,None,False,110,100,80,90,100,100,3.500000,3.300000,2.900000,0.000000,1.000000,1.000000,1.000000,1.000000,1.000000,1.000000,1367.000000,1.000000,Escape_to_Battle,None,50,80,740,1050,-1,222,315,False,False,False,False,Cute,False,False,False,450,1.000000,5,25,90,1.000000,False,False,3,False,True,220,55,1520,152000,False,115.000000,43.500000,"(X=0.000000,Y=0.000000,Z=-115.000000)",MonsterFarm,0,0,3,0,2,3,2,0,0,0,0,0,3,None,None,None,None,None
MushroomDragon_Dark,None,None,None,None,True,MushroomDragon_Dark,MushroomDragon_Dark,118,B,S,5,Leaf,Dark,Humanoid,None,None,False,110,100,85,90,100,100,3.500000,3.100000,2.900000,0.000000,1.000000,1.000000,1.000000,1.000000,1.000000,1.000000,1399.000000,1.000000,Warlike,None,50,80,740,1050,-1,222,315,False,False,False,False,Cute,False,False,False,450,1.000000,5,25,90,1.000000,False,True,3,False,True,220,50,1450,145000,False,115.000000,43.500000,"(X=0.000000,Y=0.000000,Z=-115.000000)",Seeding,0,0,3,0,3,3,2,0,0,0,0,0,0,None,None,None,None,None
SmallArmadillo,None,None,None,None,True,SmallArmadillo,SmallArmadillo,126,,XS,4,Earth,None,FourLegged,None,None,False,75,100,70,90,100,100,5.300000,3.700000,2.900000,0.000000,1.000000,1.000000,1.000000,1.000000,1.000000,1.000000,1152.000000,1.000000,Escape_to_Battle,None,50,100,800,900,300,100,100,False,False,False,False,Cute,False,False,False,340,1.000000,3,25,90,1.000000,True,False,3,False,True,100,50,2310,231000,False,40.000000,40.000000,"(X=0.000000,Y=0.000000,Z=-40.000000)",Mining,0,0,0,0,0,0,0,1,0,0,0,0,0,None,None,None,None,None
CandleGhost,None,None,None,None,True,CandleGhost,CandleGhost,135,,M,7,Dark,Fire,Other,None,None,False,105,100,125,90,100,100,3.800000,1.500000,2.900000,0.000000,1.000000,1.000000,1.000000,1.000000,1.000000,1.000000,2041.000000,1.000000,Warlike,None,100,250,800,1000,450,800,1000,False,False,False,False,Strong,False,False,False,480,1.000000,7,25,90,1.000000,False,True,3,False,True,100,50,980,98000,False,140.000000,60.000000,"(X=0.000000,Y=0.000000,Z=-30.000000)",MonsterFarm,3,0,0,0,3,2,0,3,0,0,0,0,2,None,None,None,None,None
ScorpionMan,None,None,None,None,True,ScorpionMan,ScorpionMan,141,,S,5,Dark,Earth,Humanoid,None,None,False,90,100,110,90,100,100,4.500000,2.100000,2.900000,0.000000,1.000000,1.000000,1.000000,1.000000,1.000000,1.000000,1649.000000,1.000000,Warlike,None,90,180,720,-1,-1,50,50,False,False,False,False,Cool,False,False,False,380,1.000000,5,25,90,1.000000,False,True,5,True,True,100,50,1510,151000,False,88.000000,34.000000,"(X=0.000000,Y=0.000000,Z=-90.000000)",Deforest,0,0,0,0,0,2,4,0,0,2,0,0,0,None,None,None,None,None
ScorpionMan_Electric,None,None,None,None,True,ScorpionMan_Electric,ScorpionMan_Electric,141,B,S,6,Electricity,Earth,Humanoid,None,None,False,90,100,115,90,100,100,4.500000,1.900000,2.900000,0.000000,1.000000,1.000000,1.000000,1.000000,1.000000,1.000000,1773.000000,1.000000,Warlike,None,90,180,720,-1,-1,50,50,False,False,False,False,Cool,False,False,False,380,1.000000,5,25,90,1.000000,False,False,5,True,True,100,50,850,85000,False,88.000000,34.000000,"(X=0.000000,Y=0.000000,Z=-90.000000)",Deforest,0,0,0,3,0,2,4,0,0,2,0,0,0,None,None,None,None,None
WingGolem,None,None,None,None,True,WingGolem,WingGolem,159,,L,9,Earth,None,Humanoid,None,None,False,105,100,110,135,100,100,3.800000,2.100000,1.100000,0.000000,1.000000,1.000000,1.000000,1.000000,1.000000,1.000000,3767.000000,1.000000,Warlike,None,100,190,550,700,400,165,210,False,False,False,False,Strong,False,False,False,600,1.000000,9,25,90,1.000000,False,False,5,False,True,100,70,260,26000,False,180.000000,100.000000,"(X=0.000000,Y=0.000000,Z=-30.000000)",Mining,0,0,0,0,0,4,0,7,0,0,0,7,0,Deffence_up2_2,None,None,None,None
WingGolem_Fire,None,None,None,None,True,WingGolem_Fire,WingGolem_Fire,159,B,L,10,Fire,None,Humanoid,None,None,False,105,100,115,135,100,100,3.800000,1.900000,1.100000,0.000000,1.000000,1.000000,1.000000,1.000000,1.000000,1.000000,3895.000000,1.000000,Warlike,None,100,190,550,700,400,165,210,False,False,False,False,Strong,False,False,False,600,1.000000,9,25,90,1.000000,False,False,5,False,True,100,70,210,21000,False,180.000000,100.000000,"(X=0.000000,Y=0.000000,Z=-30.000000)",Mining,5,0,0,0,0,0,0,7,0,0,0,7,0,Deffence_up2_2,None,None,None,None
GuardianDog,None,None,None,None,True,GuardianDog,GuardianDog,127,,XS,4,Normal,None,FourLegged,None,None,False,85,80,85,85,110,100,4.800000,3.100000,3.100000,0.000000,1.000000,1.000000,1.000000,1.000000,1.000000,1.000000,1238.000000,1.000000,Warlike,None,70,110,750,1080,165,225,324,False,False,False,False,Cool,False,False,False,270,1.000000,3,25,90,1.000000,True,False,3,False,True,140,50,2230,223000,False,57.000000,34.000000,"(X=0.000000,Y=0.000000,Z=-57.000000)",Collection,0,0,0,0,0,2,0,0,0,0,0,0,0,None,None,None,None,None
SifuDog,None,None,None,None,True,SifuDog,SifuDog,155,,S,6,Normal,None,Humanoid,None,None,False,90,100,100,100,100,100,4.500000,2.500000,2.500000,0.000000,1.000000,1.000000,1.000000,1.000000,1.000000,1.000000,1683.000000,1.000000,NotInterested,None,45,75,300,550,187,300,300,False,False,False,False,Cool,False,False,False,380,1.000000,5,25,90,1.000000,False,False,3,True,True,100,50,1460,146000,False,100.000000,34.000000,"(X=0.000000,Y=0.000000,Z=-100.000000)",Handcraft,0,0,0,0,4,3,3,0,0,2,0,3,0,None,None,None,None,None
FeatherOstrich,None,None,None,None,True,FeatherOstrich,FeatherOstrich,123,,S,5,Earth,None,Other,None,None,False,95,100,90,80,100,100,4.300000,2.900000,3.300000,0.000000,1.000000,1.000000,1.000000,1.000000,1.000000,1.000000,896.000000,1.000000,Escape_to_Battle,None,80,160,900,1200,-1,270,360,False,False,False,False,Cool,False,False,False,230,1.000000,3,25,90,1.000000,False,False,3,False,True,100,50,2210,221000,False,110.000000,45.000000,"(X=0.000000,Y=0.000000,Z=-30.000000)",Collection,0,0,0,0,0,2,0,0,0,0,0,0,0,None,None,None,None,None
MimicDog,None,None,None,None,True,MimicDog,MimicDog,144,,XS,7,Normal,None,FourLegged,None,None,False,60,100,60,130,100,100,6.000000,4.100000,1.300000,0.000000,1.000000,1.000000,1.000000,1.000000,0.800000,10.000000,3500.000000,1.000000,Escape,None,40,80,2000,-1,450,600,0,False,False,False,False,Cute,False,False,False,230,1.000000,3,25,90,1.000000,True,False,3,False,True,100,80,1740,174000,True,40.000000,34.000000,"(X=0.000000,Y=0.000000,Z=-40.000000)",Transport,0,0,0,0,0,1,0,0,0,0,0,2,0,None,None,None,None,None
DarkAlien,None,None,None,None,True,DarkAlien,DarkAlien,145,,S,7,Dark,None,Humanoid,None,None,False,90,100,125,85,100,100,4.500000,1.500000,3.100000,0.000000,1.000000,1.000000,1.000000,1.000000,1.000000,1.000000,1543.000000,1.000000,Warlike,None,125,245,550,700,400,990,1260,False,False,False,False,Cool,False,False,False,280,1.000000,4,25,90,1.000000,False,True,5,True,True,100,50,1820,182000,True,110.000000,34.000000,"(X=0.000000,Y=0.000000,Z=-30.000000)",Deforest,0,0,0,0,0,0,3,0,0,0,0,2,0,Alien,None,None,None,None
WhiteAlienDragon,None,None,None,None,True,WhiteAlienDragon,WhiteAlienDragon,146,,L,9,Dragon,None,FourLegged,None,None,False,110,100,120,130,100,100,3.500000,1.700000,1.300000,0.000000,1.000000,1.000000,1.000000,1.000000,1.000000,1.000000,2845.000000,1.000000,Warlike,None,115,230,790,1200,500,237,360,False,False,False,False,Strong,False,False,False,470,1.000000,7,25,90,1.000000,False,False,0,True,True,250,50,990,99000,True,150.000000,120.000000,"(X=0.000000,Y=0.000000,Z=-30.000000)",Mining,0,0,0,0,0,0,0,4,0,0,0,0,0,Alien,None,None,None,None
VolcanoDragon,None,None,None,None,True,VolcanoDragon,VolcanoDragon,105,,L,7,Fire,Earth,FourLegged,None,None,False,110,100,125,115,100,100,3.500000,1.500000,1.900000,0.000000,1.000000,1.000000,1.000000,1.000000,1.000000,1.000000,2911.000000,1.000000,Warlike,None,55,220,650,850,-1,195,255,False,False,False,False,Strong,False,False,False,530,1.000000,8,25,90,1.000000,False,False,5,True,True,270,50,750,75000,False,180.000000,120.000000,"(X=0.000000,Y=0.000000,Z=-180.000000)",EmitFlame,5,0,0,0,0,0,0,5,0,0,0,0,0,None,None,None,None,None
VolcanoDragon_Ice,None,None,None,None,True,VolcanoDragon_Ice,VolcanoDragon_Ice,105,B,L,8,Ice,Earth,FourLegged,None,None,False,110,100,125,120,100,100,3.500000,1.500000,1.700000,0.000000,1.000000,1.000000,1.000000,1.000000,1.000000,1.000000,3328.000000,1.000000,Warlike,None,55,220,650,850,-1,195,255,False,False,False,False,Strong,False,False,False,530,1.000000,8,25,90,1.000000,False,False,5,True,True,270,50,380,38000,False,180.000000,120.000000,"(X=0.000000,Y=0.000000,Z=-180.000000)",Mining,0,0,0,0,0,0,0,5,0,0,5,0,0,None,None,None,None,None
DarkMechaDragon,None,None,None,None,True,DarkMechaDragon,DarkMechaDragon,196,,L,8,Dark,Dragon,Bird,None,None,False,130,100,120,120,100,100,2.500000,1.700000,1.700000,0.000000,1.000000,1.000000,1.000000,1.000000,1.000000,1.000000,3622.000000,1.000000,Warlike,None,100,200,550,660,-1,165,198,False,False,False,False,Strong,False,False,False,570,1.000000,8,25,90,1.000000,False,True,5,True,True,300,50,400,40000,True,140.000000,80.000000,"(X=0.000000,Y=0.000000,Z=-30.000000)",Collection,0,0,0,0,0,2,0,0,0,0,0,0,0,Invader,Alien,None,None,None
GhostRabbit,None,None,None,None,True,GhostRabbit,GhostRabbit,148,,S,6,Dark,None,Humanoid,None,None,False,105,100,95,105,100,100,3.800000,2.700000,2.300000,0.000000,1.000000,1.000000,1.000000,1.000000,1.000000,1.000000,2594.000000,1.000000,Escape_to_Battle,None,70,130,380,500,180,380,380,False,False,False,False,Cute,False,False,False,510,1.000000,6,25,90,1.000000,False,True,3,False,True,100,40,1230,123000,False,85.000000,34.000000,"(X=0.000000,Y=0.000000,Z=-85.000000)",Handcraft,0,0,0,0,4,0,0,0,0,0,0,2,0,None,None,None,None,None
GhostRabbit_Grass,None,None,None,None,True,GhostRabbit_Grass,GhostRabbit_Grass,148,B,S,7,Leaf,None,Humanoid,None,None,False,110,100,95,105,100,100,3.500000,2.700000,2.300000,0.000000,1.000000,1.000000,1.000000,1.000000,1.000000,1.000000,2134.000000,1.000000,Escape_to_Battle,None,70,130,380,500,180,380,380,False,False,False,False,Cute,False,False,False,510,1.000000,6,25,90,1.000000,False,False,3,False,True,100,40,1320,132000,False,85.000000,34.000000,"(X=0.000000,Y=0.000000,Z=-85.000000)",Handcraft,0,0,3,0,4,0,0,0,0,0,0,2,0,None,None,None,None,None
NightBlueHorse,None,None,None,None,True,NightBlueHorse,NightBlueHorse,130,,M,7,Dark,None,FourLegged,None,None,False,110,100,100,100,100,100,3.500000,2.500000,2.500000,0.000000,1.000000,1.000000,1.000000,1.000000,1.000000,1.000000,2014.000000,1.000000,Warlike,None,150,150,900,1250,-1,270,375,False,False,False,False,Cool,False,False,False,440,1.000000,6,25,90,1.000000,False,True,5,False,True,230,50,1150,115000,False,140.000000,40.000000,"(X=0.000000,Y=0.000000,Z=-140.000000)",Collection,0,0,0,0,0,5,0,0,0,0,0,0,0,None,None,None,None,None
NightBlueHorse_Neutral,None,None,None,None,True,NightBlueHorse_Neutral,NightBlueHorse_Neutral,130,B,M,8,Normal,None,FourLegged,None,None,False,110,100,105,100,100,100,3.500000,2.300000,2.500000,0.000000,1.000000,1.000000,1.000000,1.000000,1.000000,1.000000,2514.000000,1.000000,Warlike,None,150,150,900,1250,-1,270,375,False,False,False,False,Cool,False,False,False,440,1.000000,6,25,90,1.000000,False,False,5,False,True,230,50,430,43000,False,140.000000,40.000000,"(X=0.000000,Y=0.000000,Z=-140.000000)",Collection,0,0,0,0,0,7,0,0,0,0,0,0,0,None,None,None,None,None
WhiteShieldDragon,None,None,None,None,True,WhiteShieldDragon,WhiteShieldDragon,160,,L,8,Dragon,None,FourLegged,None,None,False,120,100,110,115,100,100,3.000000,2.100000,1.900000,0.000000,1.000000,1.000000,1.000000,1.000000,1.000000,1.000000,3710.000000,1.000000,Warlike,None,90,150,700,1050,-1,210,315,False,False,False,False,Strong,False,False,False,600,1.000000,8,25,90,1.000000,False,False,5,False,True,280,50,560,56000,False,200.000000,100.000000,"(X=0.000000,Y=0.000000,Z=-200.000000)",Deforest,0,0,0,0,0,0,6,0,0,0,0,0,0,Deffence_up2_2,None,None,None,None
BlackPuppy,None,None,None,None,True,BlackPuppy,BlackPuppy,149,,XS,2,Dark,None,FourLegged,None,None,False,85,100,90,85,100,100,4.800000,2.900000,3.100000,0.000000,1.000000,1.000000,1.000000,1.000000,1.000000,1.000000,1842.000000,1.000000,Escape_to_Battle,None,40,80,550,700,-1,100,100,False,False,False,False,Cute,False,False,False,170,1.000000,3,25,90,1.000000,True,True,2,False,True,100,50,1760,176000,False,45.000000,20.000000,"(X=0.000000,Y=0.000000,Z=-30.000000)",Collection,0,0,0,0,0,2,0,0,0,0,0,0,0,None,None,None,None,None
BlackPuppy_Ice,None,None,None,None,True,BlackPuppy_Ice,BlackPuppy_Ice,149,B,XS,3,Dark,Ice,FourLegged,None,None,False,85,100,90,90,100,100,4.800000,2.900000,2.900000,0.000000,1.000000,1.000000,1.000000,1.000000,1.000000,1.000000,1628.000000,1.000000,Escape_to_Battle,None,40,80,550,700,-1,100,100,False,False,False,False,Cute,False,False,False,170,1.000000,3,25,90,1.000000,True,True,2,False,True,100,50,1610,161000,False,45.000000,20.000000,"(X=0.000000,Y=0.000000,Z=-30.000000)",Collection,0,0,0,0,0,2,0,0,0,0,2,0,0,None,None,None,None,None
WhiteDeer,None,None,None,None,True,WhiteDeer,WhiteDeer,157,,M,6,Normal,None,FourLegged,None,None,False,120,100,110,100,100,100,3.000000,2.100000,2.500000,0.000000,1.000000,1.000000,1.000000,1.000000,1.000000,1.000000,2911.000000,1.000000,NotInterested,None,70,140,800,1200,400,240,360,False,False,False,False,Strong,False,False,False,550,1.000000,8,25,90,1.000000,False,False,5,False,True,260,50,570,57000,False,130.000000,50.000000,"(X=0.000000,Y=0.000000,Z=-130.000000)",Deforest,0,0,0,0,0,4,7,0,0,0,0,0,0,None,None,None,None,None
WhiteDeer_Dark,None,None,None,None,True,WhiteDeer_Dark,WhiteDeer_Dark,157,B,M,7,Dark,None,FourLegged,None,None,False,120,100,115,100,100,100,3.000000,1.900000,2.500000,0.000000,1.000000,1.000000,1.000000,1.000000,1.000000,1.000000,3528.000000,1.000000,NotInterested,None,70,140,800,1200,400,240,360,False,False,False,False,Strong,False,False,False,550,1.000000,8,25,90,1.000000,False,True,5,False,True,260,50,270,27000,False,130.000000,50.000000,"(X=0.000000,Y=0.000000,Z=-130.000000)",Deforest,0,0,0,0,0,4,8,0,0,0,0,0,0,None,None,None,None,None
KingWhale,None,None,None,None,True,KingWhale,KingWhale,203,,XL,10,Water,None,Fish,None,None,False,180,100,120,200,100,100,0.100000,1.700000,1.000000,0.000000,1.000000,1.000000,1.000000,1.000000,1.000000,1.000000,4913.000000,1.000000,Warlike,None,3000,3000,3000,3000,3000,3000,3000,False,False,False,False,KingWhale,False,False,False,600,1.000000,9,25,90,1.000000,False,False,5,False,True,100,50,20,2000,True,500.000000,500.000000,"(X=-1000.000000,Y=0.000000,Z=-700.000000)",EmitFlame,0,0,0,0,0,0,0,0,0,0,0,0,0,None,None,None,None,None
MysteryMask,None,None,None,None,True,MysteryMask,MysteryMask,150,,S,4,Dark,None,Other,None,None,False,95,100,105,100,100,100,4.300000,2.300000,2.500000,0.000000,1.000000,1.000000,1.000000,1.000000,1.000000,1.000000,2431.000000,1.000000,NotInterested,None,40,70,400,520,-1,720,936,False,False,False,False,Strong,False,False,False,400,1.000000,5,25,90,1.000000,False,True,3,False,True,100,50,1140,114000,False,95.000000,40.000000,"(X=0.000000,Y=0.000000,Z=-95.000000)",Collection,0,0,0,0,0,5,0,0,0,0,0,0,0,None,None,None,None,None
HoodGhost,None,None,None,None,True,HoodGhost,HoodGhost,166,,XS,3,Dark,None,Other,None,None,False,70,100,85,80,100,100,5.500000,3.100000,3.300000,0.000000,1.000000,1.000000,1.000000,1.000000,1.000000,1.000000,1656.000000,1.000000,Escape_to_Battle,None,50,100,400,550,200,120,165,False,False,False,False,Cute,False,False,False,230,1.000000,3,25,90,1.000000,True,True,0,True,True,100,50,1770,177000,False,40.000000,35.000000,"(X=0.000000,Y=0.000000,Z=-35.000000)",Handcraft,0,0,0,0,1,0,0,0,0,0,0,1,0,None,None,None,None,None
Sekhmet,None,None,None,None,True,Sekhmet,Sekhmet,140,,M,5,Earth,None,Humanoid,None,None,False,110,100,115,100,100,100,3.500000,1.900000,2.500000,0.000000,1.000000,1.000000,1.000000,1.000000,1.000000,1.000000,2638.000000,1.000000,NotInterested,None,100,200,600,900,375,180,270,False,False,False,False,Cool,False,False,False,530,1.000000,7,25,90,1.000000,False,False,3,False,True,100,30,870,87000,False,88.000000,34.000000,"(X=0.000000,Y=0.000000,Z=-90.000000)",Handcraft,0,0,0,0,6,0,0,3,0,0,0,2,0,None,None,None,None,None
ElecLizard,None,None,None,None,True,ElecLizard,ElecLizard,167,,S,4,Electricity,None,Fish,None,None,False,80,100,75,70,100,100,5.000000,3.500000,3.700000,0.000000,1.000000,1.000000,1.000000,1.000000,1.000000,1.000000,1611.000000,1.000000,Escape_to_Battle,None,55,110,300,390,-1,90,117,False,False,False,False,Cute,False,False,False,300,1.000000,4,25,90,1.000000,False,False,0,False,True,100,50,1750,175000,False,60.000000,45.000000,"(X=0.000000,Y=0.000000,Z=-30.000000)",GenerateElectricity,0,0,0,3,0,0,0,0,0,0,0,0,0,None,None,None,None,None
GrimGirl,None,None,None,None,True,GrimGirl,GrimGirl,153,,M,4,Dark,None,Humanoid,None,None,False,95,100,115,105,100,100,4.300000,1.900000,2.300000,0.000000,1.000000,1.000000,1.000000,1.000000,1.000000,1.000000,2484.000000,1.000000,Warlike,None,60,120,550,660,180,165,198,False,False,False,False,Cool,False,False,False,530,1.000000,7,25,90,1.000000,False,True,3,False,True,100,38,780,78000,False,88.000000,34.000000,"(X=0.000000,Y=0.000000,Z=-90.000000)",Handcraft,0,0,0,0,6,0,3,0,0,5,0,2,0,PAL_sadist,None,None,None,None
PurpleSpider,None,None,None,None,True,PurpleSpider,PurpleSpider,71,,S,3,Dark,None,Other,None,None,False,110,100,100,100,100,100,3.500000,2.500000,2.500000,0.000000,1.000000,1.000000,1.000000,1.000000,1.000000,1.000000,1806.000000,1.000000,NotInterested,None,80,160,640,1000,200,192,300,False,False,False,False,Cute,False,False,False,320,1.000000,4,25,90,1.000000,False,True,3,False,True,100,50,1730,173000,False,75.000000,60.000000,"(X=0.000000,Y=0.000000,Z=-75.000000)",Handcraft,0,0,0,0,3,3,0,0,0,2,0,2,0,None,None,None,None,None
BlueThunderHorse,None,None,None,None,True,BlueThunderHorse,BlueThunderHorse,161,,L,7,Electricity,None,FourLegged,None,None,False,130,100,120,110,100,100,2.500000,1.700000,2.100000,0.000000,1.000000,1.000000,1.000000,1.000000,1.000000,1.000000,3079.000000,1.000000,Warlike,None,90,180,900,1260,-1,270,378,False,False,False,False,Cool,False,False,False,550,1.000000,8,25,90,1.000000,False,False,5,False,True,220,50,420,42000,False,150.000000,45.000000,"(X=0.000000,Y=0.000000,Z=-30.000000)",GenerateElectricity,0,0,0,5,0,0,0,0,0,0,0,0,0,None,None,None,None,None
RockBeast,None,None,None,None,True,RockBeast,RockBeast,131,,M,6,Earth,None,FourLegged,None,None,False,100,100,105,120,100,100,4.000000,2.300000,1.700000,0.000000,1.000000,1.000000,1.000000,1.000000,1.000000,1.000000,2306.000000,1.000000,Warlike,None,70,140,350,550,230,105,165,False,False,False,False,Strong,False,False,False,580,1.000000,8,25,90,1.000000,False,False,3,False,True,100,50,1110,111000,False,120.000000,120.000000,"(X=0.000000,Y=0.000000,Z=-120.000000)",Mining,0,0,0,0,0,0,0,5,0,0,0,0,0,Deffence_up2_2,None,None,None,None
RockBeast_Ice,None,None,None,None,True,RockBeast_Ice,RockBeast_Ice,131,B,M,7,Ice,None,FourLegged,None,None,False,100,100,110,120,100,100,4.000000,2.100000,1.700000,0.000000,1.000000,1.000000,1.000000,1.000000,1.000000,1.000000,2685.000000,1.000000,Warlike,None,70,140,350,550,230,350,350,False,False,False,False,Strong,False,False,False,580,1.000000,8,25,90,1.000000,False,False,3,False,True,100,50,460,46000,False,120.000000,120.000000,"(X=0.000000,Y=0.000000,Z=-120.000000)",Cool,0,0,0,0,0,0,0,5,0,0,6,0,0,Deffence_up2_2,None,None,None,None
OctopusGirl,None,None,None,None,True,OctopusGirl,OctopusGirl,48,,S,5,Water,Dark,Humanoid,None,None,False,70,100,85,70,100,100,5.500000,3.100000,3.700000,0.000000,1.000000,1.000000,1.000000,1.000000,1.000000,1.000000,577.000000,1.000000,Escape_to_Battle,None,50,120,300,500,210,540,900,False,False,False,False,Cute,False,False,False,280,1.000000,3,25,90,1.000000,False,True,0,False,True,100,50,2530,253000,False,50.000000,30.000000,"(X=0.000000,Y=0.000000,Z=-50.000000)",Watering,0,2,0,0,2,0,0,0,0,0,0,2,0,None,None,None,None,None
OctopusGirl_Neutral,None,None,None,None,True,OctopusGirl_Neutral,OctopusGirl_Neutral,48,B,S,6,Water,Normal,Humanoid,None,None,False,75,100,85,70,100,100,5.300000,3.100000,3.700000,0.000000,1.000000,1.000000,1.000000,1.000000,1.000000,1.000000,1612.000000,1.000000,Escape_to_Battle,None,50,120,300,500,210,540,900,False,False,False,False,Cute,False,False,False,280,1.000000,3,25,90,1.000000,False,False,0,False,True,100,50,1630,163000,False,50.000000,30.000000,"(X=0.000000,Y=0.000000,Z=-50.000000)",Watering,0,2,0,0,2,0,0,0,0,0,0,2,0,None,None,None,None,None
IceNarwhal,None,None,None,None,True,IceNarwhal,IceNarwhal,151,,XL,8,Ice,Water,Fish,None,None,False,105,100,115,110,100,100,3.800000,1.900000,2.100000,0.000000,1.000000,1.000000,1.000000,1.000000,1.000000,1.000000,2685.000000,1.000000,NotInterested,None,125,250,600,750,400,850,950,False,False,False,False,Strong,False,False,False,560,1.000000,8,25,90,1.000000,False,False,4,False,True,200,58,710,71000,False,250.000000,160.000000,"(X=0.000000,Y=0.000000,Z=-250.000000)",Cool,0,5,0,0,0,0,0,0,0,0,6,0,0,None,None,None,None,None
IceNarwhal_Fire,None,None,None,None,True,IceNarwhal_Fire,IceNarwhal_Fire,151,B,XL,8,Ice,Fire,Fish,None,None,False,105,100,120,110,100,100,3.800000,1.700000,2.100000,0.000000,1.000000,1.000000,1.000000,1.000000,1.000000,1.000000,3097.000000,1.000000,NotInterested,None,125,250,600,750,400,850,950,False,False,False,False,Strong,False,False,False,560,1.000000,8,25,90,1.000000,False,False,4,False,True,200,42,370,37000,False,250.000000,160.000000,"(X=0.000000,Y=0.000000,Z=-250.000000)",Cool,5,0,0,0,0,0,0,0,0,0,6,0,0,None,None,None,None,None
JellyfishFairy,None,None,None,None,True,JellyfishFairy,JellyfishFairy,45,,S,3,Water,None,Humanoid,None,None,False,75,100,90,70,100,100,5.300000,2.900000,3.700000,0.000000,1.000000,1.000000,1.000000,1.000000,1.000000,1.000000,658.000000,1.000000,Escape_to_Battle,None,40,80,240,450,160,432,810,False,False,False,False,Cute,False,False,False,220,1.000000,3,25,90,1.000000,False,False,0,False,True,100,50,2650,265000,False,50.000000,20.000000,"(X=0.000000,Y=0.000000,Z=-50.000000)",Watering,0,2,0,0,1,0,0,0,0,0,0,1,0,None,None,None,None,None
SUMMON_DarkAlien,PAL_NAME_DarkAlien,None,None,None,True,DarkAlien,SUMMON_DarkAlien,145,,S,7,Dark,None,Humanoid,None,None,False,90,100,125,85,100,100,4.500000,1.500000,3.100000,0.000000,6.000000,1.000000,1.000000,1.000000,1.000000,1.000000,1543.000000,1.000000,Warlike,None,125,245,550,700,400,990,1260,False,False,False,False,Cool,False,False,False,475,1.000000,7,25,90,1.000000,False,True,9,True,True,100,50,9999,999900,True,110.000000,34.000000,"(X=0.000000,Y=0.000000,Z=-30.000000)",Deforest,0,0,0,0,0,0,2,0,0,0,0,2,0,Alien,None,None,None,None
SUMMON_DarkAlien_MAX,PAL_NAME_DarkAlien,None,None,None,True,DarkAlien,SUMMON_DarkAlien,145,,S,7,Dark,None,Humanoid,None,None,False,90,100,125,85,100,100,4.500000,1.500000,3.100000,0.000000,12.000000,1.000000,3.000000,1.000000,1.000000,1.000000,1543.000000,1.000000,Warlike,None,125,245,550,700,400,990,1260,False,False,False,False,Cool,False,False,False,475,1.000000,7,25,90,1.000000,False,True,9,True,True,100,50,9999,999900,True,110.000000,34.000000,"(X=0.000000,Y=0.000000,Z=-30.000000)",Deforest,0,0,0,0,0,0,2,0,0,0,0,2,0,Alien,None,None,None,None
SUMMON_WhiteAlienDragon,PAL_NAME_WhiteAlienDragon,None,None,None,True,WhiteAlienDragon,SUMMON_WhiteAlienDragon,146,,L,9,Dragon,None,FourLegged,None,None,False,110,100,120,130,100,100,3.500000,1.700000,1.300000,0.000000,8.000000,1.000000,1.000000,1.000000,1.000000,1.000000,2845.000000,1.000000,Warlike,None,115,230,790,1200,500,237,360,False,False,False,False,Strong,False,True,True,600,1.000000,9,25,90,1.000000,False,False,9,True,True,100,50,9999,999900,True,150.000000,120.000000,"(X=0.000000,Y=0.000000,Z=-30.000000)",Mining,0,0,0,0,0,0,0,3,0,0,0,0,0,Alien,None,None,None,None
SUMMON_WhiteAlienDragon_MAX,PAL_NAME_WhiteAlienDragon,None,None,None,True,WhiteAlienDragon,SUMMON_WhiteAlienDragon,146,,L,9,Dragon,None,FourLegged,None,None,False,110,100,120,130,100,100,3.500000,1.700000,1.300000,0.000000,16.000000,1.000000,3.000000,1.000000,1.000000,1.000000,2845.000000,1.000000,Warlike,None,115,230,790,1200,500,237,360,True,False,False,False,Strong,False,True,True,600,1.000000,9,25,90,1.000000,False,False,9,True,True,100,50,9999,999900,True,150.000000,120.000000,"(X=0.000000,Y=0.000000,Z=-30.000000)",Mining,0,0,0,0,0,0,0,3,0,0,0,0,0,Alien,None,None,None,None
PREDATOR_AmaterasuWolf,PAL_NAME_AmaterasuWolf,PREDATOR_NAME,None,None,True,AmaterasuWolf,PREDATOR_AmaterasuWolf,-1,,XL,9,Fire,None,FourLegged,None,None,False,120,70,115,100,110,100,3.000000,1.900000,2.500000,0.000000,2.000000,0.200000,3.000000,1.000000,0.700000,30.000000,1744.000000,1.000000,Boss,None,80,130,3500,1200,415,210,330,True,False,False,True,Predator,True,True,False,380,1.000000,5,25,90,1.000000,False,False,9,True,True,100,50,9999,999900,True,160.000000,80.000000,"(X=0.000000,Y=0.000000,Z=-30.000000)",EmitFlame,3,0,0,0,0,0,0,0,0,0,0,0,0,None,None,None,None,None
PREDATOR_BirdDragon,PAL_NAME_BirdDragon,PREDATOR_NAME,None,None,True,BirdDragon,PREDATOR_BirdDragon,-1,,XL,8,Fire,Dark,Bird,None,None,False,108,100,115,90,100,100,3.600000,1.900000,2.900000,0.000000,2.000000,0.200000,1.500000,1.000000,0.700000,22.000000,1464.000000,1.000000,Boss,None,100,350,3500,950,475,700,700,True,False,False,True,Predator,True,True,False,340,1.000000,5,25,90,1.000000,False,True,9,True,True,150,50,9999,999900,True,330.000000,165.000000,"(X=0.000000,Y=0.000000,Z=-30.000000)",Transport,2,0,0,0,0,0,0,0,0,0,0,3,0,None,None,None,None,None
PREDATOR_DrillGame,PAL_NAME_DrillGame,PREDATOR_NAME,None,None,True,DrillGame,PREDATOR_DrillGame,-1,,XL,9,Earth,None,FourLegged,None,None,False,96,80,95,120,100,100,4.200000,2.700000,1.700000,0.000000,2.000000,0.200000,2.000000,1.000000,0.700000,25.000000,1577.000000,1.000000,Boss,None,75,120,1500,420,190,90,126,True,False,False,True,Predator,True,True,False,350,1.000000,5,25,90,1.000000,False,False,9,True,True,100,50,9999,999900,True,280.000000,250.000000,"(X=0.000000,Y=0.000000,Z=-30.000000)",Mining,0,0,0,0,0,0,0,4,0,0,0,0,0,Deffence_up1,None,None,None,None
PREDATOR_FairyDragon,PAL_NAME_FairyDragon,PREDATOR_NAME,None,None,True,FairyDragon,PREDATOR_FairyDragon,-1,,XL,9,Dragon,None,Humanoid,None,None,False,132,80,80,90,100,100,2.400000,3.300000,2.900000,0.000000,2.000000,0.200000,5.000000,1.000000,0.700000,40.000000,1205.000000,1.000000,Boss,None,83,83,3150,900,456,189,240,True,False,False,True,Predator,True,True,False,200,1.000000,3,25,90,1.000000,False,False,9,False,True,130,50,9999,999900,True,180.000000,120.000000,"(X=0.000000,Y=0.000000,Z=-30.000000)",Deforest,0,0,0,0,0,0,3,0,0,0,0,0,0,None,None,None,None,None
PREDATOR_FeatherOstrich,PAL_NAME_FeatherOstrich,PREDATOR_NAME,None,None,True,FeatherOstrich,PREDATOR_FeatherOstrich,-1,,XL,8,Earth,None,Other,None,None,False,114,100,90,80,100,100,3.300000,2.900000,3.300000,0.000000,2.000000,0.200000,2.500000,1.000000,0.700000,27.000000,896.000000,1.000000,Boss,None,80,160,4500,1200,-1,270,360,True,False,False,True,Predator,True,True,False,230,1.000000,3,25,90,1.000000,False,False,9,False,True,100,50,9999,999900,True,130.570007,61.689999,"(X=0.000000,Y=0.000000,Z=-34.434000)",Collection,0,0,0,0,0,2,0,0,0,0,0,0,0,None,None,None,None,None
PREDATOR_FlowerDinosaur,PAL_NAME_FlowerDinosaur,PREDATOR_NAME,None,None,True,FlowerDinosaur,PREDATOR_FlowerDinosaur,-1,,XL,8,Leaf,Dragon,Humanoid,None,None,False,132,90,85,90,150,100,2.400000,3.100000,2.900000,0.000000,2.000000,0.200000,1.000000,1.000000,0.700000,20.000000,1315.000000,1.000000,Boss,None,70,120,3500,1130,335,210,309,True,False,False,True,Predator,True,True,False,270,1.000000,4,25,90,1.000000,False,False,9,False,True,100,50,9999,999900,True,240.000000,110.000000,"(X=10.000000,Y=-0.000000,Z=-30.000000)",Seeding,0,0,3,0,0,0,3,0,0,0,0,0,0,None,None,None,None,None
PREDATOR_Garm,PAL_NAME_Garm,PREDATOR_NAME,None,None,True,Garm,PREDATOR_Garm,-1,,M,8,Normal,None,FourLegged,None,None,False,96,110,90,75,100,100,4.200000,2.900000,3.500000,0.000000,2.000000,0.200000,1.500000,1.000000,0.700000,22.000000,611.000000,1.000000,Boss,None,90,180,4000,1150,460,240,315,True,False,False,True,Predator,True,True,False,150,1.000000,2,25,90,1.000000,False,False,9,True,True,100,50,9999,999900,True,110.000000,60.000000,"(X=0.000000,Y=0.000000,Z=-110.000000)",Collection,0,0,0,0,0,1,0,0,0,0,0,0,0,None,None,None,None,None
PREDATOR_GhostBeast,PAL_NAME_GhostBeast,PREDATOR_NAME,None,None,True,GhostBeast,PREDATOR_GhostBeast,-1,,XL,9,Dark,None,FourLegged,None,None,False,90,50,105,80,100,100,4.500000,2.300000,3.300000,0.000000,2.000000,0.200000,1.500000,1.000000,0.700000,22.000000,1110.000000,1.000000,Boss,None,100,160,3500,1200,365,210,330,True,False,False,True,Predator,True,True,False,380,1.000000,5,25,90,1.000000,False,True,9,True,True,100,50,9999,999900,True,220.000000,140.000000,"(X=-20.000000,Y=0.000000,Z=-220.000000)",Collection,0,0,0,0,0,4,0,4,0,0,0,0,0,None,None,None,None,None
PREDATOR_GoldenHorse,PAL_NAME_GoldenHorse,PREDATOR_NAME,None,None,True,GoldenHorse,PREDATOR_GoldenHorse,-1,,XL,0,Earth,None,FourLegged,None,None,False,144,100,110,110,100,100,1.800000,2.100000,2.100000,0.000000,2.000000,0.200000,2.000000,1.000000,0.700000,25.000000,2622.000000,1.000000,Boss,None,170,270,4200,1260,-1,252,378,True,False,False,True,Predator,True,True,False,550,1.000000,8,25,90,1.000000,False,False,0,False,True,100,50,9999,999900,True,136.500000,42.470001,"(X=0.000000,Y=0.000000,Z=-136.500000)",Collection,0,0,0,0,0,5,0,0,0,0,0,0,0,None,None,None,None,None
PREDATOR_Gorilla,PAL_NAME_Gorilla,PREDATOR_NAME,None,None,True,Gorilla,PREDATOR_Gorilla,-1,,XL,8,Normal,None,Humanoid,None,None,False,108,110,95,90,100,100,3.600000,2.700000,2.900000,0.000000,2.000000,0.200000,1.500000,1.000000,0.700000,22.000000,1214.000000,1.000000,Boss,None,66,100,2750,720,250,165,216,True,False,False,True,Predator,True,True,False,230,1.000000,3,25,90,1.000000,False,False,9,True,True,100,50,9999,999900,True,160.000000,140.000000,"(X=-40.000000,Y=0.000000,Z=-160.000000)",Deforest,0,0,0,0,2,0,3,0,0,0,0,3,0,PAL_rude,None,None,None,None
PREDATOR_GrassPanda,PAL_NAME_GrassPanda,PREDATOR_NAME,None,None,True,GrassPanda,PREDATOR_GrassPanda,-1,,XL,9,Leaf,None,Humanoid,None,None,False,120,100,90,90,100,100,3.000000,2.900000,2.900000,0.000000,2.000000,0.200000,1.500000,1.000000,0.700000,22.000000,1475.000000,1.000000,Boss,None,50,100,3000,1100,275,180,300,True,False,False,True,Predator,True,True,False,280,1.000000,4,25,90,1.000000,False,False,9,False,True,100,50,9999,999900,True,220.000000,220.000000,"(X=0.000000,Y=0.000000,Z=-220.000000)",Deforest,0,0,3,0,2,0,4,0,0,0,0,4,0,None,None,None,None,None
PREDATOR_GrimGirl,PAL_NAME_GrimGirl,PREDATOR_NAME,None,None,True,GrimGirl,PREDATOR_GrimGirl,-1,,L,1,Dark,None,None,None,None,False,114,100,115,105,100,100,3.300000,1.900000,2.300000,0.000000,2.000000,0.200000,5.000000,1.000000,0.700000,40.000000,2484.000000,1.000000,Boss,None,60,120,2750,660,180,165,198,True,False,False,True,Predator,True,True,False,530,1.000000,7,25,90,1.000000,False,True,9,False,True,100,38,9999,999900,True,87.410004,34.000000,"(X=0.000000,Y=0.000000,Z=-87.406000)",Handcraft,0,0,0,0,6,0,3,0,0,5,0,2,0,None,None,None,None,None
PREDATOR_Horus_Water,PAL_NAME_Horus_Water,PREDATOR_NAME,None,None,True,Horus_Water,PREDATOR_Horus_Water,-1,,XL,10,Water,None,Bird,None,None,False,132,100,105,110,90,100,2.400000,2.300000,2.100000,0.000000,2.000000,0.200000,3.000000,1.000000,0.700000,30.000000,2797.000000,1.000000,Boss,None,150,200,5000,1500,500,1800,2520,True,False,False,True,Predator,True,True,False,600,1.000000,9,25,90,1.000000,False,False,9,False,True,230,50,9999,999900,True,440.000000,250.000000,"(X=0.000000,Y=0.000000,Z=-440.000000)",Watering,0,6,0,0,0,0,0,0,0,0,0,5,0,None,None,None,None,None
PREDATOR_LazyDragon,PAL_NAME_LazyDragon,PREDATOR_NAME,None,None,True,LazyDragon,PREDATOR_LazyDragon,-1,,XL,10,Dragon,Water,Monster,None,None,False,144,110,100,70,100,100,1.800000,2.500000,3.700000,0.000000,2.000000,0.200000,1.500000,1.000000,0.700000,22.000000,2365.000000,1.000000,Boss,None,40,60,3250,1100,150,1170,1800,True,False,False,True,Predator,True,True,False,480,1.000000,7,25,90,1.000000,False,False,9,True,True,100,50,9999,999900,True,320.000000,120.000000,"(X=0.000000,Y=0.000000,Z=-30.000000)",Watering,0,3,0,0,0,0,0,0,0,0,0,3,0,PAL_FullStomach_Up_1,None,None,None,None
PREDATOR_Manticore_Dark,PAL_NAME_Manticore_Dark,PREDATOR_NAME,None,None,True,Manticore_Dark,PREDATOR_Manticore_Dark,-1,,XL,9,Fire,Dark,FourLegged,None,None,False,126,100,115,80,100,100,2.700000,1.900000,3.300000,0.000000,2.000000,0.200000,1.500000,1.000000,0.700000,22.000000,1882.000000,1.000000,Boss,None,60,90,4000,1300,420,240,360,True,False,False,True,Predator,True,True,False,410,1.000000,6,25,90,1.000000,False,True,9,True,True,100,50,9999,999900,True,180.000000,160.000000,"(X=0.000000,Y=0.000000,Z=-180.000000)",EmitFlame,5,0,0,0,0,0,3,0,0,0,0,0,0,None,None,None,None,None
PREDATOR_MushroomDragon,PAL_NAME_MushroomDragon,PREDATOR_NAME,None,None,True,MushroomDragon,PREDATOR_MushroomDragon,-1,,XL,8,Leaf,None,Humanoid,None,None,False,132,100,80,90,100,100,2.400000,3.300000,2.900000,0.000000,2.000000,0.200000,5.000000,1.000000,0.700000,40.000000,1367.000000,1.000000,Boss,None,50,80,3700,1050,-1,222,315,True,False,False,True,Predator,True,True,False,450,1.000000,5,25,90,1.000000,False,False,9,False,True,100,55,9999,999900,True,115.000000,43.500000,"(X=0.000000,Y=0.000000,Z=-115.000000)",MonsterFarm,0,0,3,0,2,3,2,0,0,0,0,0,3,None,None,None,None,None
PREDATOR_MysteryMask,PAL_NAME_MysteryMask,PREDATOR_NAME,None,None,True,MysteryMask,PREDATOR_MysteryMask,-1,,M,1,Dark,None,Other,None,None,False,114,100,105,100,100,100,3.300000,2.300000,2.500000,0.000000,2.000000,0.200000,1.000000,1.000000,0.700000,20.000000,2431.000000,1.000000,Boss,None,40,70,2000,520,-1,720,936,True,False,False,True,Predator,True,True,False,400,1.000000,5,25,90,1.000000,False,True,9,False,True,100,50,9999,999900,True,92.559998,40.000000,"(X=0.000000,Y=0.000000,Z=-92.557000)",Collection,0,0,0,0,0,5,0,0,0,0,0,0,0,None,None,None,None,None
PREDATOR_NightBlueHorse,PAL_NAME_NightBlueHorse,PREDATOR_NAME,None,None,True,NightBlueHorse,PREDATOR_NightBlueHorse,-1,,L,1,Dark,None,FourLegged,None,None,False,132,100,100,100,100,100,2.400000,2.500000,2.500000,0.000000,2.000000,0.200000,1.000000,1.000000,0.700000,20.000000,2014.000000,1.000000,Boss,None,150,150,4500,1250,-1,270,375,True,False,False,True,Predator,True,True,False,440,1.000000,6,25,90,1.000000,False,True,9,False,True,100,50,9999,999900,True,136.789993,40.000000,"(X=0.000000,Y=0.000000,Z=-136.791000)",Collection,0,0,0,0,0,5,0,0,0,0,0,0,0,None,None,None,None,None
PREDATOR_PinkLizard,PAL_NAME_PinkLizard,PREDATOR_NAME,None,None,True,PinkLizard,PREDATOR_PinkLizard,-1,,XL,9,Dark,None,Humanoid,None,None,False,144,70,70,70,140,100,1.800000,3.700000,3.700000,0.000000,2.000000,0.200000,1.500000,1.000000,0.700000,22.000000,1056.000000,1.000000,Boss,None,90,170,3750,850,460,300,300,True,False,False,True,Predator,True,True,False,280,1.000000,4,25,90,1.000000,False,True,9,False,True,100,30,9999,999900,True,180.000000,80.000000,"(X=0.000000,Y=0.000000,Z=-180.000000)",Handcraft,0,0,0,0,3,0,0,2,0,3,0,2,0,ElementResist_Normal_1_PAL,None,None,None,None
PREDATOR_PurpleSpider,PAL_NAME_PurpleSpider,PREDATOR_NAME,None,None,True,PurpleSpider,PREDATOR_PurpleSpider,-1,,M,1,Dark,None,Other,None,None,False,132,100,100,100,100,100,2.400000,2.500000,2.500000,0.000000,2.000000,0.200000,1.500000,1.000000,0.700000,22.000000,1806.000000,1.000000,Boss,None,80,160,3200,1000,200,192,300,True,False,False,True,Predator,True,True,False,320,1.000000,4,25,90,1.000000,False,True,9,False,True,100,50,9999,999900,True,72.029999,50.000000,"(X=0.000000,Y=0.000000,Z=-72.029000)",Handcraft,0,0,0,0,3,3,0,0,0,2,0,2,0,None,None,None,None,None
PREDATOR_RedArmorBird,PAL_NAME_RedArmorBird,PREDATOR_NAME,None,None,True,RedArmorBird,PREDATOR_RedArmorBird,-1,,XL,9,Fire,None,Bird,None,None,False,114,100,105,120,100,100,3.300000,2.300000,1.700000,0.000000,2.000000,0.200000,1.000000,1.000000,0.700000,20.000000,2263.000000,1.000000,Boss,None,100,200,4000,1400,375,800,800,True,False,False,True,Predator,True,True,False,480,1.000000,7,25,90,1.000000,False,False,0,True,True,150,50,9999,999900,True,260.000000,90.000000,"(X=0.000000,Y=0.000000,Z=-260.000000)",Transport,4,0,0,0,0,0,0,0,0,0,0,5,0,None,None,None,None,None
PREDATOR_ScorpionMan,PAL_NAME_ScorpionMan,PREDATOR_NAME,None,None,True,ScorpionMan,PREDATOR_ScorpionMan,-1,,XL,9,Dark,Earth,Humanoid,None,None,False,108,100,110,90,100,100,3.600000,2.100000,2.900000,0.000000,2.000000,0.200000,2.000000,1.000000,0.700000,25.000000,1649.000000,1.000000,Boss,None,90,180,3600,-1,-1,50,50,True,False,False,True,Predator,True,True,False,380,1.000000,5,25,90,1.000000,False,True,9,False,True,100,50,9999,999900,True,124.779999,50.430000,"(X=0.000000,Y=0.000000,Z=-131.000000)",Deforest,0,0,0,0,0,2,4,0,0,2,0,0,0,None,None,None,None,None
PREDATOR_SifuDog,PAL_NAME_SifuDog,PREDATOR_NAME,None,None,True,SifuDog,PREDATOR_SifuDog,-1,,XL,9,Normal,None,Humanoid,None,None,False,108,100,100,100,100,100,3.600000,2.500000,2.500000,0.000000,2.000000,0.200000,1.000000,1.000000,0.700000,20.000000,1683.000000,1.000000,Boss,None,45,75,1500,550,187,300,300,True,False,False,True,Predator,True,True,False,300,1.000000,5,25,90,1.000000,False,False,9,False,True,100,50,9999,999900,True,148.270004,49.290001,"(X=0.000000,Y=0.000000,Z=-137.000000)",Handcraft,0,0,0,0,4,3,3,0,0,2,0,3,0,None,None,None,None,None
PREDATOR_ThunderDog,PAL_NAME_ThunderDog,PREDATOR_NAME,None,None,True,ThunderDog,PREDATOR_ThunderDog,-1,,XL,9,Electricity,None,FourLegged,None,None,False,108,100,100,80,100,100,3.600000,2.500000,3.300000,0.000000,2.000000,0.200000,1.000000,1.000000,0.700000,20.000000,1205.000000,1.000000,Boss,None,110,210,3500,1250,455,210,345,True,False,False,True,Predator,True,True,False,280,1.000000,4,25,90,1.000000,False,False,9,True,True,100,50,9999,999900,True,130.000000,60.000000,"(X=0.000000,Y=0.000000,Z=-130.000000)",GenerateElectricity,0,0,0,4,0,0,0,0,0,0,0,0,0,None,None,None,None,None
PREDATOR_Umihebi_Fire,PAL_NAME_Umihebi_Fire,PREDATOR_NAME,None,None,True,Umihebi_Fire,PREDATOR_Umihebi_Fire,-1,,XL,10,Dragon,Fire,Fish,None,None,False,156,150,130,100,100,100,1.200000,1.300000,2.500000,0.000000,2.000000,0.200000,2.000000,1.000000,0.700000,25.000000,3577.000000,1.000000,Boss,None,100,175,3000,1100,350,600,1000,True,False,False,True,Predator,True,True,False,550,1.000000,8,25,90,1.000000,False,False,9,True,True,100,50,9999,999900,True,540.000000,100.000000,"(X=-20.000000,Y=0.000000,Z=-30.000000)",EmitFlame,7,0,0,0,0,0,0,0,0,0,0,0,0,None,None,None,None,None
PREDATOR_VolcanicMonster_Ice,PAL_NAME_VolcanicMonster_Ice,PREDATOR_NAME,None,None,True,VolcanicMonster_Ice,PREDATOR_VolcanicMonster_Ice,-1,,XL,9,Ice,Earth,FourLegged,None,None,False,132,100,105,130,100,100,2.400000,2.300000,1.300000,0.000000,2.000000,0.200000,1.500000,1.000000,0.700000,22.000000,2797.000000,1.000000,Boss,None,50,80,2750,1100,235,165,300,True,False,False,True,Predator,True,True,False,490,1.000000,7,25,90,1.000000,False,False,9,True,True,100,50,9999,999900,True,300.000000,250.000000,"(X=0.000000,Y=0.000000,Z=-300.000000)",Mining,0,0,0,0,0,0,0,5,0,0,5,0,0,Deffence_up2_2,None,None,None,None
PREDATOR_Werewolf_Ice,PAL_NAME_Werewolf_Ice,PREDATOR_NAME,None,None,True,Werewolf_Ice,PREDATOR_Werewolf_Ice,-1,,L,8,Ice,None,Humanoid,None,None,False,96,130,100,80,100,100,4.200000,2.500000,3.300000,0.000000,2.000000,0.200000,3.000000,1.000000,0.700000,30.000000,1176.000000,1.000000,Boss,None,100,175,3000,800,375,180,240,True,False,False,True,Predator,True,True,False,210,1.000000,3,25,90,1.000000,False,False,9,True,True,100,50,9999,999900,True,200.000000,50.000000,"(X=0.000000,Y=0.000000,Z=-200.000000)",Handcraft,0,0,0,0,4,0,0,0,0,0,4,0,0,None,None,None,None,None
PREDATOR_WhiteTiger_Ground,PAL_NAME_WhiteTiger_Ground,PREDATOR_NAME,None,None,True,WhiteTiger_Ground,PREDATOR_WhiteTiger_Ground,-1,,XL,9,Earth,None,Humanoid,None,None,False,120,140,100,110,100,100,3.000000,2.500000,2.100000,0.000000,2.000000,0.200000,2.000000,1.000000,0.700000,25.000000,2484.000000,1.000000,Boss,None,100,280,3600,900,460,50,50,True,False,False,True,Predator,True,True,False,480,1.000000,7,25,90,1.000000,False,False,9,True,True,100,50,9999,999900,True,240.000000,240.000000,"(X=0.000000,Y=0.000000,Z=-240.000000)",Deforest,0,0,0,0,2,0,6,5,0,0,0,4,0,None,None,None,None,None
PREDATOR_Yeti,PAL_NAME_Yeti,PREDATOR_NAME,None,None,True,Yeti,PREDATOR_Yeti,-1,,XL,9,Ice,None,Humanoid,None,None,False,168,100,80,100,100,100,0.600000,3.300000,2.500000,0.000000,2.000000,0.200000,3.000000,1.000000,0.700000,30.000000,2591.000000,1.000000,Boss,None,70,100,3000,1150,150,180,315,True,False,False,True,Predator,True,True,False,460,1.000000,7,25,90,1.000000,False,False,9,True,True,100,50,9999,999900,True,300.000000,250.000000,"(X=0.000000,Y=0.000000,Z=-30.000000)",Transport,0,0,0,0,3,0,5,0,0,0,5,6,0,None,None,None,None,None
PREDATOR_HadesBird_Electric,PAL_NAME_HadesBird_Electric,PREDATOR_NAME,None,None,True,HadesBird_Electric,PREDATOR_HadesBird_Electric,-1,,XL,9,Dark,Electricity,Bird,None,None,False,126,100,125,100,100,100,2.700000,1.500000,2.500000,0.000000,2.000000,0.200000,5.000000,1.000000,0.700000,40.000000,2469.000000,1.000000,Boss,None,100,100,700,1200,450,700,700,True,False,False,True,Predator,True,True,False,460,1.000000,7,25,90,1.000000,False,True,9,True,True,170,50,9999,999900,True,404.709991,87.000000,"(X=0.000000,Y=0.000000,Z=-404.706000)",Transport,0,0,0,3,0,0,0,0,0,0,0,3,0,None,None,None,None,None
PREDATOR_Ronin_Dark,PAL_NAME_Ronin_Dark,PREDATOR_NAME,None,None,True,Ronin_Dark,PREDATOR_Ronin_Dark,-1,,XL,9,Fire,Dark,Humanoid,None,None,False,96,100,125,80,100,100,4.200000,1.500000,3.300000,0.000000,2.000000,0.200000,5.000000,1.000000,0.700000,40.000000,1857.000000,1.000000,Boss,None,80,160,600,900,320,50,50,True,False,False,True,Predator,True,True,False,380,1.000000,5,25,90,1.000000,False,True,9,False,True,100,50,9999,999900,True,110.000000,40.000000,"(X=0.000000,Y=0.000000,Z=-110.000000)",Deforest,2,0,0,0,2,1,5,0,0,0,0,2,0,None,None,None,None,None
PREDATOR_CandleGhost,PAL_NAME_CandleGhost,PREDATOR_NAME,None,None,True,CandleGhost,PREDATOR_CandleGhost,-1,,XL,9,Dark,Fire,Other,None,None,False,126,100,125,90,100,100,2.700000,1.500000,2.900000,0.000000,2.000000,0.200000,5.000000,1.000000,0.700000,40.000000,2041.000000,1.000000,Boss,None,100,250,800,1000,450,800,1000,True,False,False,True,Predator,True,True,False,480,1.000000,7,25,90,1.000000,False,True,9,False,True,100,50,9999,999900,True,186.000000,60.000000,"(X=0.000000,Y=0.000000,Z=-30.000000)",MonsterFarm,3,0,0,0,3,2,0,3,0,0,0,0,2,None,None,None,None,None
PREDATOR_Baphomet_Dark,PAL_NAME_Baphomet_Dark,PREDATOR_NAME,None,None,True,Baphomet_Dark,PREDATOR_Baphomet_Dark,-1,,XL,9,Dark,None,Humanoid,None,None,False,114,150,105,85,100,100,3.300000,2.300000,3.100000,0.000000,2.000000,0.200000,5.000000,1.000000,0.700000,40.000000,2036.000000,1.000000,Boss,None,80,160,700,960,320,75,75,True,False,False,True,Predator,True,True,False,380,1.000000,5,25,90,1.000000,False,True,9,True,True,100,50,9999,999900,True,220.000000,150.000000,"(X=0.000000,Y=0.000000,Z=-30.000000)",Mining,0,0,0,0,2,0,0,1,0,0,0,2,0,None,None,None,None,None
PREDATOR_VolcanoDragon,PAL_NAME_VolcanoDragon,PREDATOR_NAME,None,None,True,VolcanoDragon,PREDATOR_VolcanoDragon,-1,,XL,9,Fire,Earth,FourLegged,None,None,False,132,100,125,115,100,100,2.400000,1.500000,1.900000,0.000000,2.000000,0.200000,1.500000,1.000000,0.700000,22.000000,2911.000000,1.000000,Boss,None,55,220,340,776,-1,220,220,True,False,False,True,Predator,False,False,False,530,1.000000,8,25,90,1.000000,False,False,9,True,True,270,50,9999,999900,True,0.000000,0.000000,"(X=0.000000,Y=0.000000,Z=0.000000)",EmitFlame,5,0,0,0,0,0,0,5,0,0,0,0,0,None,None,None,None,None
PREDATOR_MummyPal,PAL_NAME_MummyPal,PREDATOR_NAME,None,None,True,MummyPal,PREDATOR_MummyPal,-1,,L,8,Dark,Earth,Humanoid,None,None,False,126,100,120,105,100,100,2.700000,1.700000,2.300000,0.000000,2.000000,0.200000,2.000000,1.000000,0.700000,40.000000,2529.000000,1.000000,Boss,None,75,150,480,820,350,144,216,True,False,False,True,Predator,False,False,False,450,1.000000,6,25,90,1.000000,False,True,9,False,True,100,50,9999,999900,True,67.550003,40.000000,"(X=0.000000,Y=0.000000,Z=-67.547000)",Handcraft,0,0,0,0,5,0,0,0,0,4,0,2,0,None,None,None,None,None
PREDATOR_Suzaku,PAL_NAME_Suzaku,PREDATOR_NAME,None,None,True,Suzaku,PREDATOR_Suzaku,-1,,XL,8,Fire,None,Bird,None,None,False,144,100,105,105,100,100,1.800000,2.300000,2.300000,0.000000,2.000000,0.200000,2.000000,1.000000,0.700000,10.000000,2409.000000,1.000000,Boss,None,100,200,850,1200,450,850,850,True,False,False,True,Predator,False,False,False,460,1.000000,7,25,90,1.000000,False,False,9,False,True,350,50,9999,999900,True,400.000000,240.000000,"(X=0.000000,Y=0.000000,Z=-30.000000)",EmitFlame,5,0,0,0,0,0,0,0,0,0,0,0,0,None,None,None,None,None
PREDATOR_GrassMammoth_Ice,PAL_NAME_GrassMammoth_Ice,PREDATOR_NAME,None,None,True,GrassMammoth_Ice,PREDATOR_GrassMammoth_Ice,-1,,XL,8,Ice,Earth,FourLegged,None,None,False,180,100,85,90,30,100,0.100000,3.100000,2.900000,0.000000,2.000000,0.200000,3.000000,1.000000,0.700000,10.000000,2424.000000,1.000000,Boss,None,100,135,600,1130,282,180,309,True,False,False,True,Predator,False,False,False,400,1.000000,6,25,90,1.000000,False,False,9,False,True,180,50,9999,999900,True,300.000000,250.000000,"(X=0.000000,Y=0.000000,Z=-300.000000)",Deforest,0,0,0,0,0,0,5,4,0,0,5,0,0,Deffence_up2_2,None,None,None,None
PREDATOR_RedFlowerBird,PAL_NAME_RedFlowerBird,PREDATOR_NAME,None,None,True,RedFlowerBird,PREDATOR_RedFlowerBird,-1,,L,8,Leaf,None,Humanoid,None,None,False,102,100,85,90,100,100,3.900000,3.100000,2.900000,0.000000,2.000000,0.200000,7.000000,1.000000,0.700000,10.000000,1844.000000,1.000000,Boss,None,80,150,600,700,200,180,180,True,False,False,True,Predator,False,False,False,450,1.000000,6,25,90,1.000000,False,False,9,False,True,100,50,9999,999900,True,67.550003,40.000000,"(X=0.000000,Y=0.000000,Z=-67.547000)",Seeding,0,0,5,0,0,5,0,0,0,0,0,0,0,None,None,None,None,None
PREDATOR_GrassMinotaur_Ice,PAL_NAME_GrassMinotaur_Ice,PREDATOR_NAME,None,None,True,GrassMinotaur_Ice,PREDATOR_GrassMinotaur_Ice,-1,,XL,8,Ice,None,Humanoid,None,None,False,144,100,100,105,100,100,1.800000,2.500000,2.300000,0.000000,2.000000,0.200000,10.000000,1.000000,0.700000,10.000000,2484.000000,1.000000,Boss,None,75,150,700,1100,200,210,300,True,False,False,True,Predator,False,False,False,560,1.000000,8,25,90,1.000000,False,False,9,True,True,100,60,9999,999900,True,67.550003,40.000000,"(X=0.000000,Y=0.000000,Z=-67.547000)",Cool,0,0,0,0,0,0,3,3,0,0,5,3,0,None,None,None,None,None
PREDATOR_PandaGirl,PAL_NAME_PandaGirl,PREDATOR_NAME,None,None,True,PandaGirl,PREDATOR_PandaGirl,-1,,M,8,Leaf,None,Humanoid,None,None,False,120,100,115,95,100,100,3.000000,1.900000,2.700000,0.000000,2.000000,0.200000,2.000000,1.000000,0.700000,10.000000,1806.000000,1.000000,Boss,None,60,120,600,850,300,180,225,True,False,False,True,Predator,False,False,False,530,1.000000,7,25,90,1.000000,False,False,9,False,True,100,40,9999,999900,True,67.550003,40.000000,"(X=0.000000,Y=0.000000,Z=-67.547000)",Seeding,0,0,3,0,3,3,0,0,0,0,0,2,0,None,None,None,None,None
PREDATOR_DarkScorpion,PAL_NAME_DarkScorpion,PREDATOR_NAME,None,None,True,DarkScorpion,PREDATOR_DarkScorpion,-1,,XL,8,Dark,Earth,Other,None,None,False,120,100,100,130,100,100,3.000000,2.500000,1.300000,0.000000,2.000000,0.200000,2.000000,1.000000,0.700000,10.000000,2469.000000,1.000000,Boss,None,100,200,1000,1300,600,300,360,True,False,False,True,Predator,False,False,False,410,1.000000,6,25,90,1.000000,False,True,9,True,True,100,50,9999,999900,True,200.000000,120.000000,"(X=0.000000,Y=0.000000,Z=-30.000000)",Mining,0,0,0,0,0,0,3,5,0,0,0,0,0,None,None,None,None,None
PREDATOR_SnakeGirl,PAL_NAME_SnakeGirl,PREDATOR_NAME,None,None,True,SnakeGirl,PREDATOR_SnakeGirl,-1,,M,8,Dark,None,Humanoid,None,None,False,96,100,85,90,100,100,4.200000,3.100000,2.900000,0.000000,2.000000,0.200000,10.000000,1.000000,0.700000,10.000000,2680.000000,1.000000,Boss,None,50,100,450,700,200,450,450,True,False,False,True,Predator,False,False,False,340,1.000000,6,25,90,1.000000,False,True,9,True,True,100,40,9999,999900,True,0.000000,0.000000,"(X=0.000000,Y=0.000000,Z=0.000000)",Handcraft,0,0,0,0,6,6,0,0,0,5,0,2,0,None,None,None,None,None
PREDATOR_MonochromeQueen,PAL_NAME_MonochromeQueen,PREDATOR_NAME,None,None,True,MonochromeQueen,PREDATOR_MonochromeQueen,-1,,L,8,Dark,Normal,Humanoid,None,None,False,132,100,115,115,100,100,2.400000,1.900000,1.900000,0.000000,2.000000,0.200000,10.000000,1.000000,0.700000,10.000000,3867.000000,1.000000,Boss,None,50,100,450,700,250,450,450,True,False,False,True,Predator,False,False,False,680,1.000000,9,25,90,1.000000,False,True,9,True,True,100,30,9999,999900,True,67.550003,40.000000,"(X=0.000000,Y=0.000000,Z=-67.547000)",Handcraft,0,0,0,0,8,4,0,0,0,0,0,2,0,None,None,None,None,None
RAID_DarkMechaDragon,PAL_NAME_DarkMechaDragon,RAID_NAME_DarkMechaDragon,None,None,True,DarkMechaDragon,RAID_DarkMechaDragon,-1,,XL,10,Dark,Dragon,Bird,None,None,False,130,100,120,120,100,100,2.500000,1.700000,1.700000,0.000000,280.000000,0.350000,5.000000,2.000000,1.000000,30.000000,10000.000000,100.000000,Boss,None,3000,3000,3000,3000,3000,3000,3000,True,False,True,True,RaidBoss_DarkMechaDragon,True,True,False,150,1.000000,2,25,90,1.000000,False,True,999,False,True,100,50,9999,999900,True,420.000000,140.000000,"(X=-100.000000,Y=0.000000,Z=-60.000000)",Collection,0,0,0,0,0,1,0,0,0,0,0,0,0,None,None,None,None,None
RAID_DarkMechaDragon_2,PAL_NAME_DarkMechaDragon,RAID_NAME_DarkMechaDragon_2,None,None,True,DarkMechaDragon,RAID_DarkMechaDragon,-1,,XL,10,Dark,Dragon,Bird,None,None,False,130,100,120,120,100,100,2.500000,1.700000,1.700000,0.000000,420.000000,0.085000,13.000000,2.000000,1.000000,30.000000,10000.000000,100.000000,Boss,None,3000,3000,3000,3000,3000,3000,3000,True,False,True,True,RaidBoss_DarkMechaDragon,True,True,False,150,1.000000,2,25,90,1.000000,False,True,999,False,True,100,50,9999,999900,True,420.000000,140.000000,"(X=-100.000000,Y=0.000000,Z=-60.000000)",Collection,0,0,0,0,0,1,0,0,0,0,0,0,0,None,None,None,None,None
Kitsunebi_Ice,None,None,None,None,True,Kitsunebi_Ice,Kitsunebi_Ice,29,B,XS,1,Ice,None,FourLegged,None,None,False,65,70,80,70,100,100,5.800000,3.300000,3.700000,0.000000,1.000000,1.300000,1.000000,1.000000,1.100000,1.000000,472.000000,1.000000,Escape_to_Battle,None,40,80,400,550,240,120,165,False,False,False,False,Cute,False,False,False,100,1.000000,1,25,90,1.000000,True,False,0,False,True,100,50,2500,250000,False,40.000000,20.000000,"(X=-10.000000,Y=0.000000,Z=-40.000000)",Cool,0,0,0,0,0,0,0,0,0,0,2,0,0,None,None,None,None,None
BerryGoat_Dark,None,None,None,None,True,BerryGoat_Dark,BerryGoat_Dark,34,B,S,3,Dark,None,FourLegged,None,None,False,100,70,75,90,120,100,4.000000,3.500000,2.900000,0.000000,1.000000,1.000000,1.000000,1.000000,1.000000,1.000000,928.000000,1.000000,Escape_to_Battle,None,70,70,400,550,235,120,165,False,False,False,False,Cute,False,False,False,150,1.000000,2,25,90,1.000000,False,True,0,False,True,100,50,1940,194000,False,100.000000,70.000000,"(X=0.000000,Y=0.000000,Z=-30.000000)",MonsterFarm,0,0,2,0,0,0,0,0,0,0,0,0,1,None,None,None,None,None
PinkRabbit_Grass,None,None,None,None,True,PinkRabbit_Grass,PinkRabbit_Grass,44,B,XS,1,Leaf,None,Humanoid,None,None,False,80,100,65,70,100,100,5.000000,3.900000,3.700000,0.000000,1.000000,1.000000,1.000000,1.000000,1.000000,1.000000,526.000000,1.000000,Escape_to_Battle,None,50,100,245,350,172,73,105,False,False,False,False,Cute,False,False,False,100,1.000000,1,25,90,1.000000,True,False,0,False,True,100,50,2460,246000,False,50.000000,25.000000,"(X=0.000000,Y=0.000000,Z=-50.000000)",Seeding,0,0,2,0,2,2,0,0,0,0,0,1,0,None,None,None,None,None
Werewolf_Ice,None,None,None,None,True,Werewolf_Ice,Werewolf_Ice,56,B,M,3,Ice,None,Humanoid,None,None,False,80,130,105,80,100,100,5.000000,2.300000,3.300000,0.000000,1.000000,1.000000,1.000000,1.000000,1.000000,1.000000,1176.000000,1.000000,Warlike,None,100,175,600,800,375,180,240,False,False,False,False,Cool,False,False,False,210,1.000000,3,25,90,1.000000,False,False,3,True,True,100,50,1290,129000,False,120.000000,80.000000,"(X=0.000000,Y=0.000000,Z=-120.000000)",Handcraft,0,0,0,0,4,0,0,0,0,0,4,0,0,None,None,None,None,None
AmaterasuWolf_Dark,None,None,None,None,True,AmaterasuWolf_Dark,AmaterasuWolf_Dark,111,B,M,6,Dark,None,FourLegged,None,None,False,100,70,115,105,110,100,4.000000,1.900000,2.300000,0.000000,1.000000,1.000000,1.000000,1.000000,1.000000,1.000000,2014.000000,1.000000,NotInterested,None,80,130,700,1100,415,210,330,False,False,False,False,Cool,False,False,False,380,1.000000,5,25,90,1.000000,False,True,5,True,True,140,50,800,80000,False,100.000000,60.000000,"(X=0.000000,Y=0.000000,Z=-30.000000)",EmitFlame,4,0,0,0,0,0,0,0,0,0,0,0,0,None,None,None,None,None
RaijinDaughter_Water,None,None,None,None,True,RaijinDaughter_Water,RaijinDaughter_Water,92,B,XS,2,Dark,Electricity,Humanoid,None,None,False,70,110,80,75,100,100,5.500000,3.300000,3.500000,0.000000,1.000000,1.000000,1.000000,1.000000,1.000000,1.000000,599.000000,1.000000,Escape_to_Battle,None,120,200,400,550,300,720,990,False,False,False,False,Cute,False,False,False,150,1.000000,2,25,90,1.000000,False,True,0,False,True,100,20,1910,191000,False,70.000000,30.000000,"(X=0.000000,Y=0.000000,Z=-70.000000)",Transport,0,0,0,1,1,0,0,0,0,1,0,2,0,None,None,None,None,None
WhiteTiger_Ground,None,None,None,None,True,WhiteTiger_Ground,WhiteTiger_Ground,132,B,L,7,Earth,None,Humanoid,None,None,False,100,140,105,110,100,100,4.000000,2.300000,2.100000,0.000000,1.000000,1.000000,1.000000,1.000000,1.000000,1.000000,2484.000000,1.000000,Warlike,None,100,280,720,900,460,50,50,False,False,False,False,Strong,False,False,False,480,1.000000,7,25,90,1.000000,False,False,5,True,True,100,50,470,47000,False,180.000000,120.000000,"(X=0.000000,Y=0.000000,Z=-180.000000)",Deforest,0,0,0,0,2,0,6,5,0,0,0,4,0,None,None,None,None,None
FengyunDeeper_Electric,None,None,None,None,True,FengyunDeeper_Electric,FengyunDeeper_Electric,83,B,S,3,Electricity,None,FourLegged,None,None,False,110,110,115,90,100,100,3.500000,1.900000,2.900000,0.000000,1.000000,1.000000,1.000000,1.000000,1.000000,1.000000,2164.000000,1.000000,NotInterested,None,85,100,750,1050,417,225,315,False,False,False,False,Cool,False,False,False,340,1.000000,5,25,90,1.000000,False,False,5,False,True,140,50,900,90000,False,140.000000,50.000000,"(X=-30.000000,Y=-0.000000,Z=-30.000000)",GenerateElectricity,0,0,0,5,0,0,4,0,0,0,0,0,0,None,None,None,None,None
Horus_Water,None,None,None,None,True,Horus_Water,Horus_Water,188,B,L,9,Water,None,Bird,None,None,False,110,100,110,115,90,100,3.500000,2.100000,1.900000,0.000000,1.000000,1.000000,1.000000,1.000000,1.000000,1.000000,2797.000000,1.000000,Warlike,None,150,200,1000,1400,500,1800,2520,False,False,False,False,Strong,False,False,False,600,1.000000,9,25,90,1.000000,False,False,5,False,True,230,50,450,45000,True,300.000000,120.000000,"(X=0.000000,Y=0.000000,Z=-300.000000)",Watering,0,6,0,0,0,0,0,0,0,0,0,5,0,None,None,None,None,None
SnowTigerBeastman,None,None,None,None,True,SnowTigerBeastman,SnowTigerBeastman,191,,M,8,Ice,None,Humanoid,None,None,False,140,100,130,120,100,100,2.000000,1.300000,1.700000,0.000000,1.000000,1.000000,1.000000,1.000000,1.000000,1.000000,4425.000000,1.000000,Warlike,None,120,225,750,1100,-1,225,330,False,False,False,False,Strong,False,False,False,730,1.000000,9,25,90,1.000000,False,False,5,False,True,270,60,50,5000,True,150.000000,60.000000,"(X=0.000000,Y=0.000000,Z=-150.000000)",Cool,0,0,0,0,0,0,6,5,0,0,8,0,0,None,None,None,None,None
WingGolem_Oilrig,PAL_NAME_WingGolem,None,None,None,True,WingGolem,WingGolem_Oilrig,159,,L,9,Earth,None,Humanoid,None,None,False,126,100,110,135,100,100,2.700000,2.100000,1.100000,0.000000,3.000000,1.000000,1.000000,1.000000,1.000000,1.000000,3767.000000,1.000000,Warlike,None,100,190,550,700,400,165,210,False,False,False,False,Strong,False,True,True,600,1.000000,9,25,90,1.000000,False,False,5,False,True,100,70,9999,999900,True,246.000000,100.000000,"(X=0.000000,Y=0.000000,Z=-30.000000)",Mining,0,0,0,0,0,3,0,4,0,0,0,4,0,Deffence_up2_2,None,None,None,None
DarkAlien_Oilrig,PAL_NAME_DarkAlien,None,None,None,True,DarkAlien,DarkAlien_Oilrig,145,,S,7,Dark,None,Humanoid,None,None,False,90,100,125,85,100,100,4.500000,1.500000,3.100000,0.000000,3.000000,1.000000,1.000000,1.000000,1.000000,1.000000,1543.000000,1.000000,Warlike,None,125,245,550,700,400,165,210,False,False,False,False,Cool,False,True,False,620,1.000000,9,25,90,1.000000,False,True,5,True,True,100,50,9999,999900,True,110.000000,34.000000,"(X=0.000000,Y=0.000000,Z=-30.000000)",Deforest,0,0,0,0,0,0,2,0,0,0,0,2,0,Alien,None,None,None,None
Horus_Oilrig,PAL_NAME_Horus,None,None,None,True,Horus,Horus_Oilrig,188,,L,9,Fire,None,Bird,None,None,False,105,100,110,115,90,100,3.800000,2.100000,1.900000,0.000000,3.000000,1.000000,1.000000,1.000000,1.000000,1.000000,2685.000000,1.000000,Warlike,None,150,200,1000,1400,500,1000,1000,False,False,False,False,Strong,False,True,False,600,1.000000,9,25,90,1.000000,False,False,5,False,True,230,50,9999,999900,True,300.000000,120.000000,"(X=0.000000,Y=0.000000,Z=-300.000000)",EmitFlame,3,0,0,0,0,0,0,0,0,0,0,3,0,None,None,None,None,None
Baphomet_Dark_Oilrig,PAL_NAME_Baphomet_Dark,None,None,None,True,Baphomet_Dark,Baphomet_Dark_Oilrig,91,B,M,5,Dark,None,Humanoid,None,None,False,95,150,105,85,100,100,4.300000,2.300000,3.100000,0.000000,3.000000,1.000000,1.000000,1.000000,1.000000,1.000000,2036.000000,1.000000,Warlike,None,80,160,700,960,320,210,288,False,False,False,False,Strong,False,True,False,680,1.000000,9,25,90,1.000000,False,True,4,True,True,100,50,9999,999900,True,120.000000,80.000000,"(X=0.000000,Y=0.000000,Z=-30.000000)",Mining,0,0,0,0,2,0,0,1,0,0,0,2,0,None,None,None,None,None
HadesBird_Oilrig,PAL_NAME_HadesBird,None,None,None,True,HadesBird,HadesBird_Oilrig,80,,L,7,Dark,None,Bird,None,None,False,100,100,125,100,100,100,4.000000,1.500000,2.500000,0.000000,3.000000,1.000000,1.000000,1.000000,1.000000,1.000000,2109.000000,1.000000,Warlike,None,100,100,700,1100,450,700,700,False,False,False,False,Strong,False,True,False,600,1.000000,9,25,90,1.000000,False,True,5,True,True,170,50,9999,999900,True,200.000000,60.000000,"(X=0.000000,Y=0.000000,Z=-200.000000)",Transport,0,0,0,0,0,0,0,0,0,0,0,3,0,None,None,None,None,None
LizardMan_Oilrig,PAL_NAME_LizardMan,None,None,None,True,LizardMan,LizardMan_Oilrig,73,,S,2,Dark,None,Humanoid,None,None,False,80,90,80,50,100,100,5.000000,3.300000,4.500000,0.000000,3.000000,1.000000,1.000000,1.000000,1.000000,1.000000,476.000000,1.000000,Warlike,None,100,140,600,800,270,50,50,False,False,False,False,Cute,False,True,False,680,1.000000,9,25,90,1.000000,False,True,1,True,True,100,50,9999,999900,True,80.000000,50.000000,"(X=0.000000,Y=0.000000,Z=-90.000000)",Handcraft,0,0,0,0,1,1,0,0,0,0,0,1,0,None,None,None,None,None
SnakeGirl,None,None,None,None,True,SnakeGirl,SnakeGirl,178,,S,5,Dark,None,Humanoid,None,None,False,80,100,85,90,100,100,5.000000,3.100000,2.900000,0.000000,1.000000,1.000000,1.000000,1.000000,1.000000,1.000000,2680.000000,1.000000,Escape_to_Battle,None,50,100,450,600,200,450,450,False,False,False,False,Cute,False,False,False,340,1.000000,6,25,90,1.000000,False,True,2,True,True,100,40,970,97000,False,75.000000,34.000000,"(X=0.000000,Y=0.000000,Z=0.000000)",Handcraft,0,0,0,0,6,6,0,0,0,5,0,2,0,None,None,None,None,None
GhostAnglerfish,None,None,None,None,True,GhostAnglerfish,GhostAnglerfish,97,,M,5,Dark,Water,Fish,None,None,False,90,100,125,105,100,100,4.500000,1.500000,2.300000,0.000000,1.000000,1.000000,1.000000,1.000000,1.000000,1.000000,2263.000000,1.000000,Warlike,None,100,200,500,800,300,1200,1350,False,False,False,False,Cool,False,False,False,480,1.000000,7,25,90,1.000000,False,True,3,False,True,320,50,880,88000,False,75.000000,41.139999,"(X=0.000000,Y=0.000000,Z=-75.000000)",Watering,0,5,0,0,0,0,0,0,0,0,0,2,0,None,None,None,None,None
GhostAnglerfish_Fire,None,None,None,None,True,GhostAnglerfish_Fire,GhostAnglerfish_Fire,97,B,M,6,Fire,Water,Fish,None,None,False,90,100,130,105,100,100,4.500000,1.300000,2.300000,0.000000,1.000000,1.000000,1.000000,1.000000,1.000000,1.000000,2424.000000,1.000000,Warlike,None,100,200,500,800,300,1200,1350,False,False,False,False,Cool,False,False,False,480,1.000000,7,25,90,1.000000,False,False,3,False,True,320,50,720,72000,False,75.000000,41.139999,"(X=0.000000,Y=0.000000,Z=-75.000000)",EmitFlame,5,5,0,0,0,0,0,0,0,0,0,2,0,None,None,None,None,None
IceWitch,None,None,None,None,True,IceWitch,IceWitch,119,,S,4,Ice,None,Humanoid,None,None,False,95,100,115,105,100,100,4.300000,1.900000,2.300000,0.000000,1.000000,1.000000,1.000000,1.000000,1.000000,1.000000,2277.000000,1.000000,Warlike,None,100,150,400,600,200,400,400,False,False,False,False,Cool,False,False,False,270,1.000000,5,25,90,1.000000,False,False,1,False,True,100,50,1260,126000,False,100.000000,50.000000,"(X=0.000000,Y=0.000000,Z=-100.000000)",Handcraft,0,0,0,0,5,0,0,0,0,4,5,2,0,None,None,None,None,None
ClownRabbit,None,None,None,None,True,ClownRabbit,ClownRabbit,176,,M,7,Fire,None,Humanoid,None,None,False,100,100,110,100,100,100,4.000000,2.100000,2.500000,0.000000,1.000000,1.000000,1.000000,1.000000,1.000000,1.000000,3191.000000,1.000000,NotInterested,None,100,150,500,750,350,500,500,False,False,False,False,Cool,False,False,False,600,1.000000,8,25,90,1.000000,False,False,3,False,True,100,50,520,52000,False,88.000000,34.000000,"(X=0.000000,Y=0.000000,Z=-34.000000)",EmitFlame,7,0,0,0,5,0,0,0,0,4,0,2,0,None,None,None,None,None
LegendDeer,None,None,None,None,True,LegendDeer,LegendDeer,197,,L,10,Normal,None,FourLegged,None,None,False,135,100,130,110,100,100,2.300000,1.300000,2.100000,0.000000,1.000000,1.000000,1.000000,1.000000,1.000000,1.000000,4256.000000,1.000000,Warlike,None,100,150,900,1900,450,360,540,False,False,False,False,Strong,False,False,False,710,1.000000,9,25,90,1.000000,False,False,5,False,True,400,50,90,9000,True,150.000000,60.000000,"(X=0.000000,Y=0.000000,Z=-150.000000)",Collection,0,0,0,0,0,7,7,0,0,0,0,0,0,Salvation,None,None,None,None
LeafMomonga,None,None,None,None,True,LeafMomonga,LeafMomonga,10,,XS,3,Leaf,Normal,FourLegged,None,None,False,80,100,75,75,100,100,5.000000,3.500000,3.500000,0.000000,1.000000,1.000000,1.000000,1.000000,1.000000,1.000000,541.000000,1.000000,Escape_to_Battle,None,15,30,350,600,350,105,180,False,False,False,False,Cute,False,False,False,100,1.000000,1,25,90,1.000000,True,False,0,False,True,100,50,2630,263000,False,34.000000,34.000000,"(X=0.000000,Y=0.000000,Z=-34.000000)",Seeding,0,0,1,0,0,1,0,0,0,0,0,1,0,None,None,None,None,None
SmallYeti,None,None,None,None,True,SmallYeti,SmallYeti,133,,S,3,Ice,None,Humanoid,None,None,False,80,100,75,85,100,100,5.000000,3.500000,3.100000,0.000000,1.000000,1.000000,1.000000,1.000000,1.000000,1.000000,927.000000,1.000000,Escape_to_Battle,None,50,85,400,600,100,120,180,False,False,False,False,Cute,False,False,False,380,1.000000,5,25,90,1.000000,False,False,1,False,True,100,50,2390,239000,False,60.000000,60.000000,"(X=0.000000,Y=0.000000,Z=-60.000000)",Mining,0,0,0,0,2,0,0,3,0,0,3,2,0,None,None,None,None,None
IceCrocodile,None,None,None,None,True,IceCrocodile,IceCrocodile,86,,S,3,Ice,Water,Humanoid,None,None,False,75,100,80,85,100,100,5.300000,3.300000,3.100000,0.000000,1.000000,1.000000,1.000000,1.000000,1.000000,1.000000,798.000000,1.000000,NotInterested,None,20,40,300,450,40,90,135,False,False,False,False,Cute,False,False,False,310,1.000000,3,25,90,1.000000,False,False,0,False,True,100,50,2130,213000,False,50.000000,44.000000,"(X=0.000000,Y=0.000000,Z=-45.000000)",Cool,0,2,0,0,0,0,0,0,0,0,3,1,0,None,None,None,None,None
CactusDoll,None,None,None,None,True,CactusDoll,CactusDoll,100,,XS,2,Leaf,None,FourLegged,None,None,False,75,100,85,70,100,100,5.300000,3.100000,3.700000,0.000000,1.000000,1.000000,1.000000,1.000000,1.000000,1.000000,702.000000,1.000000,Escape_to_Battle,None,50,100,525,630,200,157,189,False,False,False,False,Cute,False,False,False,150,1.000000,2,25,90,1.000000,True,False,0,False,True,100,50,2420,242000,False,60.000000,40.000000,"(X=0.000000,Y=0.000000,Z=-60.000000)",Seeding,0,0,3,0,0,3,0,0,0,0,0,1,0,None,None,None,None,None
CactusDoll_Dark,None,None,None,None,True,CactusDoll_Dark,CactusDoll_Dark,100,B,XS,3,Dark,Leaf,FourLegged,None,None,False,75,100,90,70,100,100,5.300000,2.900000,3.700000,0.000000,1.000000,1.000000,1.000000,1.000000,1.000000,1.000000,749.000000,1.000000,Escape_to_Battle,None,50,100,525,630,200,157,189,False,False,False,False,Cute,False,False,False,150,1.000000,2,25,90,1.000000,True,True,0,False,True,100,50,1580,158000,False,60.000000,40.000000,"(X=0.000000,Y=0.000000,Z=-60.000000)",Seeding,0,0,3,0,0,3,0,0,0,0,0,1,0,None,None,None,None,None
MushroomLady,None,None,None,None,True,MushroomLady,MushroomLady,179,,M,6,Leaf,None,Humanoid,None,None,False,105,100,95,90,100,100,3.800000,2.700000,2.900000,0.000000,1.000000,1.000000,1.000000,1.000000,1.000000,1.000000,3087.000000,1.000000,NotInterested,None,25,50,300,600,100,90,180,False,False,False,False,Cool,False,False,False,530,1.000000,7,25,90,1.000000,False,False,3,False,True,100,30,760,76000,False,90.000000,34.000000,"(X=0.000000,Y=0.000000,Z=0.000000)",Seeding,0,0,6,0,4,4,0,0,0,6,0,0,0,None,None,None,None,None
StuffedShark,None,None,None,None,True,StuffedShark,StuffedShark,88,,S,3,Water,None,Humanoid,None,None,False,75,100,85,80,100,100,5.300000,3.100000,3.300000,0.000000,1.000000,1.000000,1.000000,1.000000,1.000000,1.000000,677.000000,1.000000,Warlike,None,25,50,250,400,250,450,720,False,False,False,False,Cute,False,False,False,140,1.000000,2,25,90,1.000000,False,False,0,False,True,100,50,2450,245000,False,50.000000,40.000000,"(X=0.000000,Y=0.000000,Z=-50.000000)",Watering,0,2,0,0,0,0,0,0,0,0,0,1,0,None,None,None,None,None
StuffedShark_Fire,None,None,None,None,True,StuffedShark_Fire,StuffedShark_Fire,88,B,S,4,Water,Fire,Humanoid,None,None,False,75,100,90,80,100,100,5.300000,2.900000,3.300000,0.000000,1.000000,1.000000,1.000000,1.000000,1.000000,1.000000,749.000000,1.000000,Warlike,None,25,50,250,400,250,250,250,False,False,False,False,Cute,False,False,False,140,1.000000,2,25,90,1.000000,False,False,0,False,True,100,50,2240,581,False,50.000000,40.000000,"(X=0.000000,Y=0.000000,Z=-50.000000)",EmitFlame,2,2,0,0,0,0,0,0,0,0,0,1,0,None,None,None,None,None
FoxExorcist,None,None,None,None,True,FoxExorcist,FoxExorcist,174,,M,7,Fire,None,Humanoid,None,None,False,110,100,125,105,100,100,3.500000,1.500000,2.300000,0.000000,1.000000,1.000000,1.000000,1.000000,1.000000,1.000000,3217.000000,1.000000,NotInterested,None,70,130,500,600,300,150,180,False,False,False,False,Strong,False,False,False,600,1.000000,8,25,90,1.000000,False,False,5,False,True,100,50,390,39000,False,0.000000,0.000000,"(X=0.000000,Y=0.000000,Z=0.000000)",EmitFlame,7,0,0,0,6,0,0,0,0,0,0,2,0,None,None,None,None,None
IceSeal,None,None,None,None,True,IceSeal,IceSeal,72,,S,5,Ice,Water,FourLegged,None,None,False,95,100,105,105,100,100,4.300000,2.300000,2.300000,0.000000,1.000000,1.000000,1.000000,1.000000,1.000000,1.000000,1794.000000,1.000000,Escape_to_Battle,None,20,45,250,375,250,450,675,False,False,False,False,Cute,False,False,False,220,1.000000,4,25,90,1.000000,False,False,1,False,True,120,50,1660,166000,False,70.000000,60.000000,"(X=0.000000,Y=0.000000,Z=-70.000000)",Cool,0,3,0,0,0,0,0,0,0,0,4,0,0,None,None,None,None,None
IceSeal_Ground,None,None,None,None,True,IceSeal_Ground,IceSeal_Ground,72,B,S,6,Ice,Earth,FourLegged,None,None,False,95,100,105,110,100,100,4.300000,2.300000,2.100000,0.000000,1.000000,1.000000,1.000000,1.000000,1.000000,1.000000,1942.000000,1.000000,Escape_to_Battle,None,20,45,250,375,250,450,675,False,False,False,False,Cute,False,False,False,220,1.000000,4,25,90,1.000000,False,False,1,False,True,120,50,1100,110000,False,70.000000,60.000000,"(X=0.000000,Y=0.000000,Z=-70.000000)",Mining,0,0,0,0,0,0,0,4,0,0,4,0,0,None,None,None,None,None
CloverFairy,None,None,None,None,True,CloverFairy,CloverFairy,14,,XS,2,Leaf,Normal,Humanoid,None,None,False,80,100,65,65,100,100,5.000000,3.900000,3.900000,0.000000,1.000000,1.000000,1.000000,1.000000,1.000000,1.000000,407.000000,1.000000,Escape_to_Battle,None,100,150,400,550,200,400,400,False,False,False,False,Cute,False,False,False,100,1.000000,1,25,90,1.000000,True,False,0,False,True,100,50,2970,297000,False,40.000000,30.000000,"(X=0.000000,Y=0.000000,Z=-40.000000)",Seeding,0,0,1,0,0,1,0,0,0,0,0,0,0,None,None,None,None,None
ElecPomeranian,None,None,None,None,True,ElecPomeranian,ElecPomeranian,62,,XS,2,Electricity,None,FourLegged,None,None,False,75,100,80,70,100,100,5.300000,3.300000,3.700000,0.000000,1.000000,1.000000,1.000000,1.000000,1.000000,1.000000,556.000000,1.000000,Warlike,None,35,70,200,400,200,200,400,False,False,False,False,Cute,False,False,False,170,1.000000,3,25,90,1.000000,True,False,0,True,True,100,50,2360,236000,False,0.000000,0.000000,"(X=0.000000,Y=0.000000,Z=0.000000)",GenerateElectricity,0,0,0,2,0,0,0,0,0,0,0,1,0,None,None,None,None,None
GhostBlackCat,None,None,None,None,True,GhostBlackCat,GhostBlackCat,50,,S,5,Dark,None,Humanoid,None,None,False,85,100,95,70,100,100,4.800000,2.700000,3.700000,0.000000,1.000000,1.000000,1.000000,1.000000,1.000000,1.000000,827.000000,1.000000,NotInterested,None,60,120,360,540,240,108,162,False,False,False,False,Cute,False,False,False,450,1.000000,6,25,90,1.000000,False,True,1,False,True,100,50,2250,225000,False,65.000000,30.000000,"(X=0.000000,Y=0.000000,Z=-65.000000)",Handcraft,0,0,0,0,2,0,1,0,0,1,0,1,0,None,None,None,None,None
ThiefBird,None,None,None,None,True,ThiefBird,ThiefBird,177,,M,5,Dark,None,Bird,None,None,False,110,100,115,95,100,100,3.500000,1.900000,2.700000,0.000000,1.000000,1.000000,1.000000,1.000000,1.000000,1.000000,2263.000000,1.000000,NotInterested,None,100,170,950,1350,450,950,950,False,False,False,False,Strong,False,False,False,560,1.000000,8,25,90,1.000000,False,True,3,False,True,200,60,530,53000,False,130.000000,63.000000,"(X=0.000000,Y=0.000000,Z=-130.000000)",Collection,0,0,0,0,0,5,0,0,0,0,0,5,0,None,None,None,None,None
OniGhostGirl,None,None,None,None,True,OniGhostGirl,OniGhostGirl,168,,S,4,Dark,None,Humanoid,None,None,False,70,100,85,80,100,100,5.500000,3.100000,3.300000,0.000000,1.000000,1.000000,1.000000,1.000000,1.000000,1.000000,1625.000000,1.000000,Escape_to_Battle,None,100,150,400,600,300,400,400,False,False,False,False,Cute,False,False,False,290,1.000000,5,25,90,1.000000,False,True,0,False,True,100,40,1540,154000,False,60.000000,30.000000,"(X=0.000000,Y=0.000000,Z=-60.000000)",ProductMedicine,0,0,0,0,3,0,0,0,0,4,0,2,0,None,None,None,None,None
KingCrab,None,None,None,None,True,KingCrab,KingCrab,-1,,S,3,Water,None,FourLegged,None,None,False,100,100,100,100,100,100,4.000000,2.500000,2.500000,0.000000,1.000000,1.000000,1.000000,1.000000,1.000000,1.000000,3000.000000,1.000000,Warlike,None,-1,-1,-1,-1,-1,-1,-1,False,False,False,False,Cute,False,False,False,150,1.000000,2,25,90,1.000000,False,False,0,False,True,100,50,9999,999900,True,0.000000,0.000000,"(X=0.000000,Y=0.000000,Z=0.000000)",EmitFlame,0,0,0,0,0,0,0,0,0,0,0,0,0,None,None,None,None,None
Plesiosaur,None,None,None,None,True,Plesiosaur,Plesiosaur,110,,XL,8,Leaf,Earth,FourLegged,None,None,False,130,100,95,120,100,100,2.500000,2.700000,1.700000,0.000000,1.000000,1.000000,1.000000,1.000000,1.000000,1.000000,2862.000000,1.000000,NotInterested,None,70,95,600,1020,-1,180,306,False,False,False,False,Strong,False,False,False,460,1.000000,7,25,90,1.000000,False,False,3,False,True,270,50,1030,103000,False,320.000000,100.000000,"(X=0.000000,Y=0.000000,Z=-320.000000)",Seeding,0,0,5,0,0,5,0,3,0,0,0,0,0,Deffence_up2_2,None,None,None,None
TropicalOstrich,None,None,None,None,True,TropicalOstrich,TropicalOstrich,106,,M,6,Leaf,None,Other,None,None,False,105,100,110,115,100,100,3.800000,2.100000,1.900000,0.000000,1.000000,1.000000,1.000000,1.000000,1.000000,1.000000,2529.000000,1.000000,Warlike,None,150,180,550,1000,400,165,300,False,False,False,False,Strong,False,False,False,410,1.000000,6,25,90,1.000000,False,False,2,False,True,180,50,1240,124000,False,160.000000,60.000000,"(X=0.000000,Y=0.000000,Z=-160.000000)",Mining,0,0,4,0,0,4,0,5,0,0,0,0,0,None,None,None,None,None
GrassGolem,None,None,None,None,True,GrassGolem,GrassGolem,138,,XL,8,Earth,Leaf,Humanoid,None,None,False,110,100,105,125,100,100,3.500000,2.300000,1.500000,0.000000,1.000000,1.000000,1.000000,1.000000,1.000000,1.000000,3113.000000,1.000000,NotInterested,None,100,200,600,800,350,180,240,False,False,False,False,Strong,False,False,False,550,1.000000,8,25,90,1.000000,False,False,5,False,True,210,50,510,51000,False,200.000000,100.000000,"(X=0.000000,Y=0.000000,Z=-200.000000)",Mining,0,0,3,0,0,3,5,6,0,0,0,6,0,Deffence_up2_2,None,None,None,None
GrassGolem_Dark,None,None,None,None,True,GrassGolem_Dark,GrassGolem_Dark,138,B,XL,8,Earth,Dark,Humanoid,None,None,False,110,100,110,125,100,100,3.500000,2.100000,1.500000,0.000000,1.000000,1.000000,1.000000,1.000000,1.000000,1.000000,3234.000000,1.000000,NotInterested,None,100,200,600,800,350,600,600,False,False,False,False,Strong,False,False,False,550,1.000000,8,25,90,1.000000,False,True,5,False,True,210,50,250,25000,False,200.000000,100.000000,"(X=0.000000,Y=0.000000,Z=-200.000000)",Mining,0,0,3,0,0,3,5,6,0,0,0,6,0,Deffence_up2_2,None,None,None,None
SnowPeafowl,None,None,None,None,True,SnowPeafowl,SnowPeafowl,114,,M,4,Ice,None,Other,None,None,False,110,100,100,100,100,100,3.500000,2.500000,2.500000,0.000000,1.000000,1.000000,1.000000,1.000000,1.000000,1.000000,2382.000000,1.000000,Warlike,None,50,100,500,750,-1,150,225,False,False,False,False,Cool,False,False,False,300,1.000000,5,25,90,1.000000,False,False,2,False,True,100,50,860,86000,False,88.000000,34.000000,"(X=0.000000,Y=0.000000,Z=-90.000000)",Cool,0,0,0,0,0,2,0,0,0,0,4,0,0,None,None,None,None,None
CubeTurtle,None,None,None,None,True,CubeTurtle,CubeTurtle,142,,XL,8,Earth,None,FourLegged,None,None,False,95,100,100,135,100,100,4.300000,2.500000,1.100000,0.000000,1.000000,1.000000,1.000000,1.000000,1.000000,1.000000,2436.000000,1.000000,NotInterested,None,80,80,360,540,360,360,360,False,False,False,False,Strong,False,False,False,580,1.000000,8,25,90,1.000000,False,False,5,False,True,200,50,790,79000,False,170.000000,170.000000,"(X=0.000000,Y=0.000000,Z=-170.000000)",Mining,0,0,0,0,0,0,0,4,0,0,0,0,0,None,None,None,None,None
CubeTurtle_Neutral,None,None,None,None,True,CubeTurtle_Neutral,CubeTurtle_Neutral,142,B,XL,8,Normal,None,FourLegged,None,None,False,95,100,100,140,100,100,4.300000,2.500000,1.000000,0.000000,1.000000,1.000000,1.000000,1.000000,1.000000,1.000000,2945.000000,1.000000,NotInterested,None,80,80,360,540,360,360,360,False,False,False,False,Strong,False,False,False,550,1.000000,8,25,90,1.000000,False,False,5,False,True,200,50,200,20000,False,170.000000,170.000000,"(X=0.000000,Y=0.000000,Z=-170.000000)",Mining,0,0,0,0,0,0,0,6,0,0,0,0,0,None,None,None,None,None
LongCat,None,None,None,None,True,LongCat,LongCat,162,,S,2,Normal,None,FourLegged,None,None,False,75,100,80,70,100,100,5.300000,3.300000,3.700000,0.000000,1.000000,1.000000,1.000000,1.000000,1.000000,1.000000,1684.000000,1.000000,NotInterested,None,50,70,700,900,150,210,270,False,False,False,False,Cute,False,False,False,230,1.000000,4,25,90,1.000000,False,False,0,False,True,100,50,1900,190000,False,50.000000,25.000000,"(X=0.000000,Y=0.000000,Z=0.000000)",Collection,0,0,0,0,0,2,0,0,0,0,0,0,0,None,None,None,None,None
JellyfishGhost,None,None,None,None,True,JellyfishGhost,JellyfishGhost,46,,S,3,Water,Dark,Humanoid,None,None,False,90,100,75,75,100,100,4.500000,3.500000,3.500000,0.000000,1.000000,1.000000,1.000000,1.000000,1.000000,1.000000,1328.000000,1.000000,Warlike,None,100,200,400,600,300,720,1080,False,False,False,False,Cute,False,False,False,220,1.000000,3,25,90,1.000000,False,True,0,False,True,100,50,2590,259000,False,50.000000,34.000000,"(X=0.000000,Y=0.000000,Z=-50.000000)",Watering,0,2,0,0,1,0,0,0,0,1,0,1,0,None,None,None,None,None
ThunderFluffyBird,None,None,None,None,True,ThunderFluffyBird,ThunderFluffyBird,172,,M,6,Electricity,None,Bird,None,None,False,75,100,85,80,100,100,5.300000,3.100000,3.300000,0.000000,1.000000,1.000000,1.000000,1.000000,1.000000,1.000000,1963.000000,1.000000,NotInterested,None,100,150,700,1000,300,210,300,False,False,False,False,Cute,False,False,False,450,1.000000,6,25,90,1.000000,False,False,2,False,True,140,50,1400,140000,False,70.000000,40.000000,"(X=0.000000,Y=0.000000,Z=-70.000000)",GenerateElectricity,0,0,0,6,0,3,0,0,0,0,0,3,0,None,None,None,None,None
MoonChild,None,None,None,None,True,MoonChild,MoonChild,181,,S,2,Dark,None,Humanoid,None,None,False,80,100,90,60,100,100,5.000000,2.900000,4.100000,0.000000,1.000000,1.000000,1.000000,1.000000,1.000000,1.000000,2421.000000,1.000000,Escape_to_Battle,None,90,130,450,600,300,450,450,False,False,False,False,Cute,False,False,False,380,1.000000,5,25,90,1.000000,False,True,0,False,True,100,50,1180,118000,False,60.000000,50.000000,"(X=0.000000,Y=0.000000,Z=-60.000000)",Handcraft,0,0,0,0,6,0,0,0,0,6,0,1,0,None,None,None,None,None
SamuraiDog,None,None,None,None,True,SamuraiDog,SamuraiDog,13,,XS,2,Earth,None,FourLegged,None,None,False,70,100,80,70,100,100,5.500000,3.300000,3.700000,0.000000,1.000000,1.200000,1.000000,1.000000,1.000000,1.000000,476.000000,1.000000,Escape_to_Battle,None,25,45,400,600,200,120,180,False,False,False,False,Cute,False,False,False,100,1.000000,1,25,90,1.000000,True,False,0,False,True,100,50,2930,293000,False,35.000000,-30.000000,"(X=0.000000,Y=0.000000,Z=-35.000000)",Collection,0,0,0,0,0,1,1,0,0,0,0,1,0,None,None,None,None,None
PoseidonOrca,None,None,None,None,True,PoseidonOrca,PoseidonOrca,201,,XL,20,Water,None,Other,None,None,False,105,100,145,125,100,100,3.800000,1.000000,1.500000,0.000000,1.000000,1.000000,1.000000,1.000000,1.000000,1.000000,4277.000000,1.000000,Warlike,None,150,300,750,1120,450,1800,2000,False,False,False,False,Legend,False,False,False,620,1.000000,9,25,90,1.000000,False,False,5,False,True,410,50,160,16000,True,280.000000,120.000000,"(X=0.000000,Y=0.000000,Z=-280.000000)",Watering,0,7,0,0,0,0,0,0,0,0,0,0,0,Legend,Nushi,None,None,None
SwordCutlassfish,None,None,None,None,True,SwordCutlassfish,SwordCutlassfish,128,,M,5,Water,None,Fish,None,None,False,70,100,100,80,100,100,5.500000,2.500000,3.300000,0.000000,1.000000,1.000000,1.000000,1.000000,1.000000,1.000000,1342.000000,1.000000,Warlike,None,100,200,500,800,300,900,1440,False,False,False,False,Cool,False,False,False,340,1.000000,5,25,90,1.000000,False,False,3,False,True,100,50,1420,142000,False,0.000000,0.000000,"(X=0.000000,Y=0.000000,Z=0.000000)",Watering,0,4,0,0,0,1,4,0,0,0,0,0,0,None,None,None,None,None
SwordCutlassfish_Fire,None,None,None,None,True,SwordCutlassfish_Fire,SwordCutlassfish_Fire,128,B,M,5,Water,Fire,Fish,None,None,False,70,100,105,80,100,100,5.500000,2.300000,3.300000,0.000000,1.000000,1.000000,1.000000,1.000000,1.000000,1.000000,1442.000000,1.000000,Warlike,None,100,200,500,800,300,900,1440,False,False,False,False,Cool,False,False,False,340,1.000000,5,25,90,1.000000,False,False,3,False,True,100,50,1590,159000,False,0.000000,0.000000,"(X=0.000000,Y=0.000000,Z=0.000000)",EmitFlame,3,2,0,0,0,2,3,0,0,0,0,0,0,None,None,None,None,None
YakushimaMonster001,None,None,None,None,True,YakushimaMonster001,YakushimaMonster001,-1,,S,3,Leaf,None,Other,None,None,False,65,100,70,80,100,100,5.800000,3.700000,3.300000,0.000000,1.000000,1.000000,1.000000,1.000000,1.000000,1.000000,500.000000,1.000000,Warlike,None,25,50,300,450,200,300,300,False,False,False,False,Cute,False,False,False,180,1.000000,2,25,90,1.000000,False,False,0,False,True,100,50,3100,310000,True,40.000000,40.000000,"(X=0.000000,Y=0.000000,Z=-40.000000)",Transport,0,0,0,0,0,0,0,0,0,0,0,1,0,None,None,None,None,None
YakushimaMonster001_Blue,None,None,None,None,True,YakushimaMonster001_Blue,YakushimaMonster001_Blue,-1,,S,3,Water,None,Other,None,None,False,70,100,70,80,100,100,5.500000,3.700000,3.300000,0.000000,1.000000,1.000000,1.000000,1.000000,1.000000,1.000000,600.000000,1.000000,Warlike,None,25,50,300,450,200,300,300,False,False,False,False,Cute,False,False,False,210,1.000000,2,25,90,1.000000,False,False,0,False,True,100,50,3100,310000,True,40.000000,40.000000,"(X=0.000000,Y=0.000000,Z=-25.000000)",Transport,0,0,0,0,0,0,0,0,0,0,0,1,0,None,None,None,None,None
YakushimaMonster001_Red,None,None,None,None,True,YakushimaMonster001_Red,YakushimaMonster001_Red,-1,,S,3,Fire,None,Other,None,None,False,70,100,75,85,100,100,5.500000,3.500000,3.100000,0.000000,1.000000,1.000000,1.000000,1.000000,1.000000,1.000000,700.000000,1.000000,Warlike,None,25,50,300,450,200,300,300,False,False,False,False,Cute,False,False,False,240,1.000000,3,25,90,1.000000,False,False,0,False,True,100,50,3100,310000,True,40.000000,40.000000,"(X=0.000000,Y=0.000000,Z=-25.000000)",Transport,0,0,0,0,0,0,0,0,0,0,0,1,0,None,None,None,None,None
YakushimaMonster001_Purple,None,None,None,None,True,YakushimaMonster001_Purple,YakushimaMonster001_Purple,-1,,S,3,Dark,None,Other,None,None,False,75,100,70,80,100,100,5.300000,3.700000,3.300000,0.000000,1.000000,1.000000,1.000000,1.000000,1.000000,1.000000,800.000000,1.000000,Warlike,None,25,50,300,450,200,300,300,False,False,False,False,Cute,False,False,False,270,1.000000,3,25,90,1.000000,False,True,0,False,True,100,50,3100,310000,True,40.000000,40.000000,"(X=0.000000,Y=0.000000,Z=-25.000000)",Transport,0,0,0,0,0,0,0,0,0,0,0,1,0,None,None,None,None,None
YakushimaMonster001_Pink,None,None,None,None,True,YakushimaMonster001_Pink,YakushimaMonster001_Pink,-1,,S,4,Normal,None,Other,None,None,False,80,100,75,85,100,100,5.000000,3.500000,3.100000,0.000000,1.000000,1.000000,1.000000,1.000000,1.000000,1.000000,900.000000,1.000000,Warlike,None,25,50,300,450,200,300,300,False,False,False,False,Cute,False,False,False,300,1.000000,3,25,90,1.000000,False,False,0,False,True,100,50,3100,310000,True,40.000000,40.000000,"(X=0.000000,Y=0.000000,Z=-25.000000)",Transport,0,0,0,0,0,0,0,0,0,0,0,1,0,None,None,None,None,None
YakushimaMonster001_Rainbow,None,None,None,None,True,YakushimaMonster001_Rainbow,YakushimaMonster001_Rainbow,-1,,M,4,Normal,None,Other,None,None,False,105,100,95,105,100,100,3.800000,2.700000,2.300000,0.000000,1.000000,1.000000,1.000000,1.000000,1.000000,1.000000,1500.000000,1.000000,Warlike,None,25,50,300,450,200,540,810,False,False,False,False,Cute,False,False,False,330,1.000000,3,25,90,1.000000,False,False,0,False,True,100,50,3100,310000,True,40.000000,40.000000,"(X=0.000000,Y=0.000000,Z=-25.000000)",Transport,0,0,0,0,0,0,0,0,0,0,0,1,0,None,None,None,None,None
YakushimaMonster002,None,None,None,None,True,YakushimaMonster002,YakushimaMonster002,-1,,S,3,Normal,None,Other,None,None,False,95,100,105,90,100,100,4.300000,2.300000,2.900000,0.000000,1.000000,1.000000,1.000000,1.000000,1.000000,1.000000,1250.000000,1.000000,Warlike,None,50,300,600,900,450,600,600,False,False,False,False,Cute,False,False,False,180,1.000000,2,25,90,1.000000,False,False,0,False,True,100,50,3100,310000,True,60.000000,10.000000,"(X=0.000000,Y=0.000000,Z=-60.000000)",Deforest,0,0,0,0,0,0,1,0,0,0,0,0,0,None,None,None,None,None
YakushimaMonster003,None,None,None,None,True,YakushimaMonster003,YakushimaMonster003,-1,,S,3,Normal,None,Other,None,None,False,65,100,75,80,100,100,5.800000,3.500000,3.300000,0.000000,1.000000,1.000000,1.000000,1.000000,1.000000,1.000000,1000.000000,1.000000,Warlike,None,25,150,300,450,275,300,300,False,False,False,False,Cute,False,False,False,220,1.000000,2,25,90,1.000000,False,False,0,False,True,100,50,3100,310000,True,80.000000,16.000000,"(X=0.000000,Y=0.000000,Z=-80.000000)",Collection,0,0,0,0,0,1,0,0,0,0,0,0,0,None,None,None,None,None
YakushimaMonster003_Purple,None,None,None,None,True,YakushimaMonster003_Purple,YakushimaMonster003_Purple,-1,,S,4,Normal,None,Other,None,None,False,80,100,80,95,100,100,5.000000,3.300000,2.700000,0.000000,1.000000,1.000000,1.000000,1.000000,1.000000,1.000000,1250.000000,1.000000,Warlike,None,25,150,300,450,275,300,300,False,False,False,False,Cute,False,False,False,220,1.000000,2,25,90,1.000000,False,False,0,False,True,100,50,3100,310000,True,80.000000,16.000000,"(X=0.000000,Y=0.000000,Z=-80.000000)",Collection,0,0,0,0,0,1,0,0,0,0,0,0,0,None,None,None,None,None
YakushimaBoss001,None,None,None,None,True,YakushimaBoss001,YakushimaBoss001,-1,,L,6,Dark,None,Other,None,None,False,110,100,105,95,100,100,3.500000,2.300000,2.700000,0.000000,1.000000,1.000000,1.000000,1.000000,1.000000,1.000000,3000.000000,1.000000,Warlike,None,100,450,900,1200,600,900,900,False,False,False,False,Cute,False,False,False,240,1.000000,2,25,90,1.000000,False,True,0,False,True,100,50,3100,310000,True,200.000000,120.000000,"(X=0.000000,Y=0.000000,Z=-200.000000)",Transport,0,0,0,0,0,0,0,0,0,0,0,4,0,None,None,None,None,None
BOSS_YakushimaBoss001,PAL_NAME_YakushimaBoss001,None,None,None,True,YakushimaBoss001,BOSS_YakushimaBoss001,-1,,L,6,Dark,None,Other,None,None,False,125,100,115,100,100,100,2.800000,1.900000,2.500000,0.000000,1.000000,0.240000,1.000000,1.000000,0.700000,1.000000,6000.000000,1.000000,Boss,None,100,450,900,1200,600,900,900,True,False,False,True,EyeofCthulhu,False,False,False,320,1.000000,3,25,90,1.000000,False,True,0,False,True,100,50,3100,310000,True,200.000000,120.000000,"(X=0.000000,Y=0.000000,Z=-200.000000)",Transport,0,0,0,0,0,0,0,0,0,0,0,4,0,None,None,None,None,None
YakushimaBoss001_Small,None,None,None,None,True,YakushimaBoss001_Small,YakushimaBoss001_Small,-1,,S,3,Dark,None,Other,None,None,False,105,100,110,95,100,100,3.800000,2.100000,2.700000,0.000000,1.000000,1.000000,1.000000,1.000000,1.000000,1.000000,750.000000,1.000000,Warlike,None,25,150,300,450,275,300,300,False,False,False,False,Cute,False,False,False,220,1.000000,2,25,90,1.000000,False,True,0,False,True,100,50,3100,310000,True,44.000000,22.000000,"(X=0.000000,Y=0.000000,Z=-200.000000)",Transport,0,0,0,0,0,0,0,0,0,0,0,1,0,None,None,None,None,None
RAID_YakushimaBoss001_Green,None,None,None,None,True,YakushimaBoss001_Green,YakushimaBoss001_Green,-1,,S,10,None,None,Other,None,None,False,135,100,130,115,100,100,2.300000,1.300000,1.900000,0.000000,1.000000,1.000000,1.000000,1.000000,1.000000,1.000000,10000.000000,1.000000,Boss,None,-1,-1,-1,-1,-1,-1,-1,True,False,False,False,RaidBoss_MoonLord,True,True,True,150,1.000000,2,25,90,1.000000,False,False,0,False,True,100,50,3100,310000,True,200.000000,120.000000,"(X=0.000000,Y=0.000000,Z=-200.000000)",EmitFlame,0,0,0,0,0,0,0,0,0,0,0,0,0,None,None,None,None,None
RAID_YakushimaBoss002,None,None,None,None,True,YakushimaBoss002,YakushimaBoss002,-1,,XL,10,None,None,Other,None,None,False,100,100,130,100,100,100,4.000000,1.300000,2.500000,0.000000,130.000000,1.000000,1.000000,1.000000,1.000000,30.000000,10000.000000,1.000000,Boss,None,-1,-1,-1,-1,-1,-1,-1,True,False,True,True,RaidBoss_MoonLord,True,True,True,150,1.000000,2,25,90,1.000000,False,False,999,False,True,100,50,3100,310000,True,88.000000,34.000000,"(X=0.000000,Y=0.000000,Z=-90.000000)",EmitFlame,0,0,0,0,0,0,0,0,0,0,0,0,0,None,None,None,None,None
RAID_YakushimaBoss002_Hand_Left,PAL_NAME_RAID_YakushimaBoss002,None,None,None,True,YakushimaBoss002_Hand_Left,YakushimaBoss002_Hand_Left,-1,,XL,10,None,None,Other,None,None,False,100,100,130,100,100,100,4.000000,1.300000,2.500000,0.000000,20.000000,1.000000,1.000000,1.000000,1.000000,30.000000,10000.000000,1.000000,Boss,None,-1,-1,-1,-1,-1,-1,-1,True,False,True,True,RaidBoss_MoonLord,True,True,True,150,1.000000,2,25,90,1.000000,False,False,999,False,True,100,50,3100,310000,True,88.000000,34.000000,"(X=0.000000,Y=0.000000,Z=-90.000000)",EmitFlame,0,0,0,0,0,0,0,0,0,0,0,0,0,None,None,None,None,None
RAID_YakushimaBoss002_Hand_Right,PAL_NAME_RAID_YakushimaBoss002,None,None,None,True,YakushimaBoss002_Hand_Right,YakushimaBoss002_Hand_Right,-1,,XL,10,None,None,Other,None,None,False,100,100,130,100,100,100,4.000000,1.300000,2.500000,0.000000,20.000000,1.000000,1.000000,1.000000,1.000000,30.000000,10000.000000,1.000000,Boss,None,-1,-1,-1,-1,-1,-1,-1,True,False,True,True,RaidBoss_MoonLord,True,True,True,150,1.000000,2,25,90,1.000000,False,False,999,False,True,100,50,3100,310000,True,88.000000,34.000000,"(X=0.000000,Y=0.000000,Z=-90.000000)",EmitFlame,0,0,0,0,0,0,0,0,0,0,0,0,0,None,None,None,None,None
Quest_Farmer03_SheepBall,PAL_NAME_SheepBall,None,None,None,True,SheepBall,Sheepball,1,,XS,1,Normal,None,Humanoid,None,None,False,70,70,70,70,100,100,5.500000,3.700000,3.700000,0.000000,1.000000,2.000000,1.000000,1.000000,1.500000,1.000000,421.000000,1.000000,Warlike,None,23,40,400,550,160,120,165,False,False,False,False,Cute,False,False,False,150,1.000000,2,25,90,1.000000,True,False,0,False,True,100,50,3050,305000,False,50.000000,45.000000,"(X=0.000000,Y=0.000000,Z=-50.000000)",MonsterFarm,0,0,0,0,1,0,0,0,0,0,0,1,1,None,None,None,None,None
Quest_Farmer03_PinkCat,PAL_NAME_PinkCat,None,None,None,True,PinkCat,PinkCat,2,,XS,1,Normal,None,Humanoid,None,None,False,70,70,70,70,100,100,5.500000,3.700000,3.700000,0.000000,1.000000,2.000000,1.000000,1.000000,1.500000,1.000000,436.000000,1.000000,Warlike,None,30,60,400,550,160,50,50,False,False,False,False,Cute,False,False,False,150,1.000000,2,25,90,1.000000,True,False,0,False,True,100,50,2760,276000,False,50.000000,30.000000,"(X=0.000000,Y=0.000000,Z=-50.000000)",Handcraft,0,0,0,0,1,1,0,1,0,0,0,1,0,PAL_ALLAttack_down1,None,None,None,None
GYM_ElecPanda_Otomo,PAL_NAME_GrassBoss,GYM_NAME_Meadow,None,None,True,ElecPanda,GYM_ElecPanda,-2,,XL,8,Electricity,None,Humanoid,None,None,False,125,120,110,105,100,100,2.800000,2.100000,2.300000,0.000000,1.000000,1.000000,1.000000,1.000000,1.000000,1.000000,7048.000000,1.000000,Warlike,None,80,140,600,1000,210,180,300,False,False,False,False,Strong,False,False,False,475,1.000000,7,25,90,1.000000,False,False,5,True,True,180,-1,1020,102000,True,140.000000,50.000000,"(X=-20.000000,Y=0.000000,Z=-30.000000)",GenerateElectricity,0,0,0,5,4,0,3,0,0,0,0,5,0,None,None,None,None,None
RAID_YakushimaBoss002_Head,PAL_NAME_RAID_YakushimaBoss002,None,None,None,True,YakushimaBoss002_Head,YakushimaBoss002_Head,-1,,XL,10,None,None,Other,None,None,False,100,100,130,100,100,100,4.000000,1.300000,2.500000,0.000000,40.000000,1.000000,1.000000,1.000000,1.000000,30.000000,10000.000000,1.000000,Boss,None,-1,-1,-1,-1,-1,-1,-1,True,False,True,True,RaidBoss_MoonLord,True,True,True,150,1.000000,2,25,90,1.000000,False,False,999,False,True,100,50,3100,310000,True,88.000000,34.000000,"(X=0.000000,Y=0.000000,Z=-90.000000)",EmitFlame,0,0,0,0,0,0,0,0,0,0,0,0,0,None,None,None,None,None
RAID_YakushimaBoss002_2,PAL_NAME_RAID_YakushimaBoss002,RAID_NAME_YakushimaBoss002_2,None,None,True,YakushimaBoss002_2,YakushimaBoss002_2,-1,,XL,10,None,None,Other,None,None,False,100,100,130,100,100,100,4.000000,1.300000,2.500000,0.000000,480.000000,0.250000,7.000000,1.000000,1.000000,30.000000,10000.000000,1.000000,Boss,None,-1,-1,-1,-1,-1,-1,-1,True,False,True,True,RaidBoss_MoonLord,True,True,True,150,1.000000,2,25,90,1.000000,False,False,999,False,True,100,50,3100,310000,True,88.000000,34.000000,"(X=0.000000,Y=0.000000,Z=-90.000000)",EmitFlame,0,0,0,0,0,0,0,0,0,0,0,0,0,None,None,None,None,None
RAID_YakushimaBoss002_Hand_Left_2,PAL_NAME_RAID_YakushimaBoss002,RAID_NAME_YakushimaBoss002_2,None,None,True,YakushimaBoss002_Hand_Left_2,YakushimaBoss002_Hand_Left_2,-1,,XL,10,None,None,Other,None,None,False,100,100,130,100,100,100,4.000000,1.300000,2.500000,0.000000,80.000000,0.250000,7.000000,1.000000,1.000000,30.000000,10000.000000,1.000000,Boss,None,-1,-1,-1,-1,-1,-1,-1,True,False,True,True,RaidBoss_MoonLord,True,True,True,150,1.000000,2,25,90,1.000000,False,False,999,False,True,100,50,3100,310000,True,88.000000,34.000000,"(X=0.000000,Y=0.000000,Z=-90.000000)",EmitFlame,0,0,0,0,0,0,0,0,0,0,0,0,0,None,None,None,None,None
RAID_YakushimaBoss002_Hand_Right_2,PAL_NAME_RAID_YakushimaBoss002,RAID_NAME_YakushimaBoss002_2,None,None,True,YakushimaBoss002_Hand_Right_2,YakushimaBoss002_Hand_Right_2,-1,,XL,10,None,None,Other,None,None,False,100,100,130,100,100,100,4.000000,1.300000,2.500000,0.000000,80.000000,0.250000,7.000000,1.000000,1.000000,30.000000,10000.000000,1.000000,Boss,None,-1,-1,-1,-1,-1,-1,-1,True,False,True,True,RaidBoss_MoonLord,True,True,True,150,1.000000,2,25,90,1.000000,False,False,999,False,True,100,50,3100,310000,True,88.000000,34.000000,"(X=0.000000,Y=0.000000,Z=-90.000000)",EmitFlame,0,0,0,0,0,0,0,0,0,0,0,0,0,None,None,None,None,None
RAID_YakushimaBoss002_Head_2,PAL_NAME_RAID_YakushimaBoss002,RAID_NAME_YakushimaBoss002_2,None,None,True,YakushimaBoss002_Head_2,YakushimaBoss002_Head_2,-1,,XL,10,None,None,Other,None,None,False,100,100,130,100,100,100,4.000000,1.300000,2.500000,0.000000,150.000000,0.250000,7.000000,1.000000,1.000000,30.000000,10000.000000,1.000000,Boss,None,-1,-1,-1,-1,-1,-1,-1,True,False,True,True,RaidBoss_MoonLord,True,True,True,150,1.000000,2,25,90,1.000000,False,False,999,False,True,100,50,3100,310000,True,88.000000,34.000000,"(X=0.000000,Y=0.000000,Z=-90.000000)",EmitFlame,0,0,0,0,0,0,0,0,0,0,0,0,0,None,None,None,None,None
RAID_YakushimaBoss001_Green_2,PAL_NAME_RAID_YakushimaBoss001_Green,None,None,None,True,YakushimaBoss001_Green_2,YakushimaBoss001_Green_2,-1,,S,10,None,None,Other,None,None,False,135,100,145,115,100,100,2.300000,1.000000,1.900000,0.000000,1.000000,1.000000,7.000000,1.000000,1.000000,1.000000,10000.000000,1.000000,Boss,None,-1,-1,-1,-1,-1,-1,-1,True,False,False,False,RaidBoss_MoonLord,True,True,True,150,1.000000,2,25,90,1.000000,False,False,0,False,True,100,50,3100,310000,True,200.000000,120.000000,"(X=0.000000,Y=0.000000,Z=-200.000000)",EmitFlame,0,0,0,0,0,0,0,0,0,0,0,0,0,None,None,None,None,None
MummyPal,None,None,None,None,True,MummyPal,MummyPal,120,,M,5,Dark,Earth,Humanoid,None,None,False,105,100,120,105,100,100,3.800000,1.700000,2.300000,0.000000,1.000000,1.000000,1.000000,1.000000,1.000000,1.000000,2529.000000,1.000000,Warlike,None,75,150,480,720,350,144,216,False,False,False,False,Cool,False,False,False,450,1.000000,6,25,90,1.000000,False,True,4,False,True,100,50,1170,117000,False,120.000000,40.000000,"(X=0.000000,Y=0.000000,Z=-120.000000)",Handcraft,0,0,0,0,5,0,0,0,0,4,0,2,0,None,None,None,None,None
KingSunfish,None,None,None,None,True,KingSunfish,KingSunfish,169,,M,4,Water,None,Fish,None,None,False,90,100,90,85,100,100,4.500000,2.900000,3.100000,0.000000,1.000000,1.000000,1.000000,1.000000,1.000000,1.000000,1636.000000,1.000000,NotInterested,None,30,50,500,900,150,1100,1300,False,False,False,False,Cute,False,False,False,450,1.000000,6,25,90,1.000000,False,False,3,False,True,220,50,1370,137000,False,100.000000,45.000000,"(X=0.000000,Y=0.000000,Z=-100.000000)",Watering,0,4,0,0,0,0,0,0,0,0,0,0,0,None,None,None,None,None
KingSunfish_Thunder,None,None,None,None,True,KingSunfish_Thunder,KingSunfish_Thunder,169,B,M,5,Water,Electricity,Fish,None,None,False,90,100,95,85,100,100,4.500000,2.700000,3.100000,0.000000,1.000000,1.000000,1.000000,1.000000,1.000000,1.000000,1843.000000,1.000000,NotInterested,None,30,50,500,900,150,1100,1300,False,False,False,False,Cute,False,False,False,450,1.000000,6,25,90,1.000000,False,False,3,False,True,220,50,1000,100000,False,100.000000,45.000000,"(X=0.000000,Y=0.000000,Z=-100.000000)",GenerateElectricity,0,4,0,6,0,0,0,0,0,0,0,0,0,None,None,None,None,None
MonochromeQueen,None,None,None,None,True,MonochromeQueen,MonochromeQueen,182,,M,7,Dark,Normal,Humanoid,None,None,False,110,100,115,115,100,100,3.500000,1.900000,1.900000,0.000000,1.000000,1.000000,1.000000,1.000000,1.000000,1.000000,3867.000000,1.000000,NotInterested,None,50,100,450,600,250,450,450,False,False,False,False,Cool,False,False,False,680,1.000000,9,25,90,1.000000,False,True,5,False,True,100,30,280,28000,False,90.000000,28.000000,"(X=0.000000,Y=0.000000,Z=-28.000000)",Handcraft,0,0,0,0,8,4,0,0,0,0,0,2,0,None,None,None,None,None
ElecSnail,None,None,None,None,True,ElecSnail,ElecSnail,163,,S,2,Electricity,None,FourLegged,None,None,False,65,100,70,75,100,100,5.800000,3.700000,3.500000,0.000000,1.000000,1.000000,1.000000,1.000000,1.000000,1.000000,1523.000000,1.000000,Escape_to_Battle,None,30,50,360,945,120,50,50,False,False,False,False,Cute,False,False,False,300,1.000000,4,25,90,1.000000,False,False,0,False,True,100,50,1780,178000,False,60.000000,35.000000,"(X=0.000000,Y=0.000000,Z=60.000000)",GenerateElectricity,0,0,0,4,0,0,0,0,0,0,0,0,0,None,None,None,None,None
ElecSnail_Fire,None,None,None,None,True,ElecSnail_Fire,ElecSnail_Fire,-1,,S,3,Fire,None,FourLegged,None,None,False,100,100,100,100,100,100,4.000000,2.500000,2.500000,0.000000,1.000000,1.000000,1.000000,1.000000,1.000000,1.000000,3000.000000,1.000000,Warlike,None,30,50,360,945,120,50,50,False,False,False,False,Cute,False,False,False,150,1.000000,2,25,90,1.000000,False,False,0,False,True,100,50,9999,999900,True,60.000000,35.000000,"(X=0.000000,Y=0.000000,Z=60.000000)",EmitFlame,2,0,0,0,0,0,0,0,0,0,0,0,0,None,None,None,None,None
ElecSnail_Ground,None,None,None,None,True,ElecSnail_Ground,ElecSnail_Ground,163,B,S,3,Electricity,Earth,FourLegged,None,None,False,65,100,70,80,100,100,5.800000,3.700000,3.300000,0.000000,1.000000,1.000000,1.000000,1.000000,1.000000,1.000000,1623.000000,1.000000,Escape_to_Battle,None,30,50,360,945,120,50,50,False,False,False,False,Cute,False,False,False,300,1.000000,4,25,90,1.000000,False,False,0,False,True,100,50,1500,150000,False,60.000000,35.000000,"(X=0.000000,Y=0.000000,Z=60.000000)",GenerateElectricity,0,0,0,4,0,0,0,0,0,0,0,0,0,None,None,None,None,None
LanternButler,None,None,None,None,True,LanternButler,LanternButler,180,,M,5,Dark,Fire,Humanoid,None,None,False,90,100,100,95,100,100,4.500000,2.500000,2.700000,0.000000,1.000000,1.000000,1.000000,1.000000,1.000000,1.000000,2309.000000,1.000000,Warlike,None,25,50,300,450,175,300,300,False,False,False,False,Cool,False,False,False,530,1.000000,7,25,90,1.000000,False,True,3,False,True,100,50,890,89000,False,0.000000,0.000000,"(X=0.000000,Y=0.000000,Z=0.000000)",EmitFlame,4,0,0,0,4,0,0,0,0,4,0,0,0,None,None,None,None,None
SumoDog,None,None,None,None,True,SumoDog,SumoDog,156,,M,4,Earth,None,FourLegged,None,None,False,115,100,95,100,100,100,3.300000,2.700000,2.500000,0.000000,1.000000,1.000000,1.000000,1.000000,1.000000,1.000000,1812.000000,1.000000,NotInterested,None,60,120,600,810,120,180,243,False,False,False,False,Cool,False,False,False,420,1.000000,6,25,90,1.000000,False,False,3,False,True,110,50,1190,119000,False,0.000000,0.000000,"(X=0.000000,Y=0.000000,Z=0.000000)",Mining,0,0,0,0,0,0,0,4,0,0,0,3,0,None,None,None,None,None
VenusFlytrap,None,None,None,None,True,VenusFlytrap,VenusFlytrap,136,,M,6,Leaf,None,Humanoid,None,None,False,85,100,90,85,100,100,4.800000,2.900000,3.100000,0.000000,1.000000,1.000000,1.000000,1.000000,1.000000,1.000000,1875.000000,1.000000,Warlike,None,50,100,600,750,330,180,225,False,False,False,False,Cute,False,False,False,530,1.000000,7,25,90,1.000000,False,False,2,True,True,100,40,1700,170000,False,0.000000,0.000000,"(X=0.000000,Y=0.000000,Z=0.000000)",Seeding,0,0,6,0,4,4,0,0,0,0,0,2,0,None,None,None,None,None
StrawHatCat,None,None,None,None,True,Strawhatcat,StrawHatCat,-1,,S,3,Normal,None,FourLegged,None,None,False,100,100,100,100,100,100,4.000000,2.500000,2.500000,0.000000,1.000000,1.000000,1.000000,1.000000,1.000000,1.000000,3000.000000,1.000000,Warlike,None,-1,-1,-1,-1,-1,-1,-1,False,False,False,False,Cute,False,False,False,150,1.000000,2,25,90,1.000000,False,False,0,False,True,100,50,9999,999900,True,0.000000,0.000000,"(X=0.000000,Y=0.000000,Z=0.000000)",MonsterFarm,0,0,0,0,0,2,0,0,0,0,0,0,3,None,None,None,None,None
CandleWitch,None,None,None,None,True,CandleWitch,CandleWitch,-1,,S,3,Dark,Fire,Humanoid,None,None,False,100,100,100,100,100,100,4.000000,2.500000,2.500000,0.000000,1.000000,1.000000,1.000000,1.000000,1.000000,1.000000,3000.000000,1.000000,Warlike,None,-1,-1,-1,-1,-1,-1,-1,False,False,False,False,Cute,False,False,False,150,1.000000,2,25,90,1.000000,False,True,0,False,True,100,50,9999,999900,True,0.000000,0.000000,"(X=0.000000,Y=0.000000,Z=0.000000)",EmitFlame,4,0,0,0,4,0,0,0,0,3,0,0,0,None,None,None,None,None
FluffyBird,None,None,None,None,True,FluffyBird,FluffyBird,59,,XS,2,Ice,None,Other,None,None,False,60,100,80,55,100,100,6.000000,3.300000,4.300000,0.000000,1.000000,1.000000,1.000000,1.000000,1.000000,1.000000,385.000000,1.000000,Escape_to_Battle,None,50,110,300,450,75,90,135,False,False,False,False,Cute,False,False,False,230,1.000000,3,25,90,1.000000,True,False,0,False,True,100,50,2480,248000,False,40.000000,40.000000,"(X=0.000000,Y=0.000000,Z=-40.000000)",Cool,0,0,0,0,0,0,0,0,0,0,2,1,0,None,None,None,None,None
FrozenBear,None,None,None,None,True,FrozenBear,FrozenBear,-1,,S,3,Ice,None,Humanoid,None,None,False,100,100,100,100,100,100,4.000000,2.500000,2.500000,0.000000,1.000000,1.000000,1.000000,1.000000,1.000000,1.000000,3000.000000,1.000000,Warlike,None,-1,-1,-1,-1,-1,-1,-1,False,False,False,False,Cute,False,False,False,150,1.000000,2,25,90,1.000000,False,False,0,False,True,100,50,9999,999900,True,0.000000,0.000000,"(X=0.000000,Y=0.000000,Z=0.000000)",Cool,0,0,0,0,3,3,0,0,0,0,4,4,0,None,None,None,None,None
DandelionGirl,None,None,None,None,True,DandelionGirl,DandelionGirl,164,,S,3,Leaf,None,Other,None,None,False,70,100,75,60,100,100,5.500000,3.500000,4.100000,0.000000,1.000000,1.000000,1.000000,1.000000,1.000000,1.000000,1610.000000,1.000000,Escape_to_Battle,None,50,100,300,450,50,300,300,False,False,False,False,Cute,False,False,False,230,1.000000,3,25,90,1.000000,False,False,0,False,True,100,40,2000,200000,False,0.000000,0.000000,"(X=0.000000,Y=0.000000,Z=0.000000)",Seeding,0,0,2,0,0,0,0,0,0,0,0,2,0,None,None,None,None,None
VolcanicTurtle,None,None,None,None,True,VolcanicTurtle,VolcanicTurtle,-1,,S,3,Fire,Earth,FourLegged,None,None,False,100,100,100,100,100,100,4.000000,2.500000,2.500000,0.000000,1.000000,1.000000,1.000000,1.000000,1.000000,1.000000,3000.000000,1.000000,Warlike,None,-1,-1,-1,-1,-1,-1,-1,False,False,False,False,Cute,False,False,False,150,1.000000,2,25,90,1.000000,False,False,0,False,True,100,50,9999,999900,True,0.000000,0.000000,"(X=0.000000,Y=0.000000,Z=0.000000)",EmitFlame,5,0,0,0,0,0,0,4,0,0,0,0,0,None,None,None,None,None
RAID_LegendDeer,PAL_NAME_LegendDeer,RAID_NAME_LegendDeer,None,None,True,LegendDeer,RAID_LegendDeer,-1,,XL,10,Water,Leaf,FourLegged,None,None,False,130,100,120,120,100,100,2.500000,1.700000,1.700000,0.000000,180.000000,0.500000,4.000000,2.000000,1.000000,30.000000,10000.000000,100.000000,Boss,None,400,600,3600,7600,1800,1440,2160,True,False,True,True,RaidBoss_LegendDeer,True,True,False,150,1.000000,2,25,90,1.000000,False,False,999,False,True,100,50,9999,999900,True,375.000000,150.000000,"(X=0.000000,Y=0.000000,Z=-375.000000)",Collection,0,0,0,0,0,1,0,0,0,0,0,0,0,None,None,None,None,None
RAID_LegendDeer_2,PAL_NAME_LegendDeer,RAID_NAME_LegendDeer_2,None,None,True,LegendDeer,RAID_LegendDeer,-1,,XL,10,Water,Leaf,FourLegged,None,None,False,130,100,120,120,100,100,2.500000,1.700000,1.700000,0.000000,320.000000,0.200000,13.000000,2.000000,1.000000,30.000000,10000.000000,100.000000,Boss,None,400,600,3600,7600,1800,1440,2160,True,False,True,True,RaidBoss_LegendDeer2,True,True,False,150,1.000000,2,25,90,1.000000,False,False,999,False,True,100,50,9999,999900,True,375.000000,150.000000,"(X=0.000000,Y=0.000000,Z=-375.000000)",Collection,0,0,0,0,0,1,0,0,0,0,0,0,0,None,None,None,None,None
ClioneTwins,None,None,None,None,True,ClioneTwins,ClioneTwins,47,,XS,2,Water,None,Other,None,None,False,65,100,70,65,100,100,5.800000,3.700000,3.900000,0.000000,1.000000,1.000000,1.000000,1.000000,1.000000,1.000000,421.000000,1.000000,Escape_to_Battle,None,50,100,450,600,150,450,450,False,False,False,False,Cute,False,False,False,230,1.000000,3,25,90,1.000000,True,False,0,False,True,100,40,2520,252000,False,0.000000,0.000000,"(X=0.000000,Y=0.000000,Z=0.000000)",Handcraft,0,1,0,0,2,0,0,0,0,0,0,1,0,None,None,None,None,None
DarkFlameFox,None,None,None,None,True,DarkFlameFox,DarkFlameFox,115,,M,5,Dark,Fire,Humanoid,None,None,False,110,100,115,90,100,100,3.500000,1.900000,2.900000,0.000000,1.000000,1.000000,1.000000,1.000000,1.000000,1.000000,2347.000000,1.000000,Warlike,None,75,150,500,750,150,150,225,False,False,False,False,Cool,False,False,False,600,1.000000,8,25,90,1.000000,False,True,3,False,True,100,40,1010,101000,False,0.000000,0.000000,"(X=0.000000,Y=0.000000,Z=0.000000)",Handcraft,4,0,0,0,5,0,0,0,0,3,0,2,0,None,None,None,None,None
IceVeilDragon,None,None,None,None,True,IceVeilDragon,IceVeilDragon,-1,,S,3,Dragon,Ice,Dragon,None,None,False,100,100,100,100,100,100,4.000000,2.500000,2.500000,0.000000,1.000000,1.000000,1.000000,1.000000,1.000000,1.000000,3000.000000,1.000000,Warlike,None,-1,-1,-1,-1,-1,-1,-1,False,False,False,False,Cute,False,False,False,150,1.000000,2,25,90,1.000000,False,False,0,False,True,100,50,9999,999900,True,0.000000,0.000000,"(X=0.000000,Y=0.000000,Z=0.000000)",Mining,0,0,0,0,0,0,0,1,0,0,1,0,0,None,None,None,None,None
RedFlowerBird,None,None,None,None,True,RedFlowerBird,RedFlowerBird,173,,M,5,Leaf,None,Humanoid,None,None,False,85,100,85,90,100,100,4.800000,3.100000,2.900000,0.000000,1.000000,1.000000,1.000000,1.000000,1.000000,1.000000,1844.000000,1.000000,Warlike,None,80,150,600,600,200,180,180,False,False,False,False,Cute,False,False,False,450,1.000000,6,25,90,1.000000,False,False,2,False,True,100,50,1350,135000,False,0.000000,0.000000,"(X=0.000000,Y=0.000000,Z=0.000000)",Seeding,0,0,5,0,0,5,0,0,0,0,0,0,0,None,None,None,None,None
SleeveRabbit,None,None,None,None,True,SleeveRabbit,SleeveRabbit,170,,M,4,Normal,None,Humanoid,None,None,False,105,100,100,100,100,100,3.800000,2.500000,2.500000,0.000000,1.000000,1.000000,1.000000,1.000000,1.000000,1.000000,2464.000000,1.000000,NotInterested,None,40,40,600,700,100,600,600,False,False,False,False,Cute,False,False,False,400,1.000000,7,25,90,1.000000,False,False,3,False,True,100,40,810,81000,False,0.000000,0.000000,"(X=0.000000,Y=0.000000,Z=0.000000)",Handcraft,0,0,0,0,6,5,0,0,0,0,0,0,0,None,None,None,None,None
LotusDragon,None,None,None,None,True,LotusDragon,LotusDragon,175,,L,9,Leaf,Water,Dragon,None,None,False,130,100,115,120,100,100,2.500000,1.900000,1.700000,0.000000,1.000000,1.000000,1.000000,1.000000,1.000000,1.000000,3884.000000,1.000000,NotInterested,None,50,175,700,1500,200,1600,1900,False,False,False,False,Strong,False,False,False,620,1.000000,9,25,90,1.000000,False,False,5,False,True,100,50,230,23000,False,0.000000,0.000000,"(X=0.000000,Y=0.000000,Z=0.000000)",Seeding,0,5,7,0,0,0,0,0,0,0,0,0,0,None,None,None,None,None
BlueSkyDragon,None,None,None,None,True,BlueSkyDragon,BlueSkyDragon,192,,XL,9,Dragon,Water,Dragon,None,None,False,140,100,135,120,100,100,2.000000,1.100000,1.700000,0.000000,1.000000,1.000000,1.000000,1.000000,1.000000,1.000000,4531.000000,1.000000,NotInterested,None,50,300,1400,2800,450,1400,1400,False,False,False,False,Strong,False,False,False,620,1.000000,9,25,90,1.000000,False,False,5,False,True,100,50,40,4000,True,0.000000,0.000000,"(X=0.000000,Y=0.000000,Z=0.000000)",Watering,0,8,0,0,0,5,0,0,0,0,0,0,0,None,None,None,None,None
BlueWoolRabbit,None,None,None,None,True,BlueWoolRabbit,BlueWoolRabbit,-1,,S,3,Ice,None,Humanoid,None,None,False,100,100,100,100,100,100,4.000000,2.500000,2.500000,0.000000,1.000000,1.000000,1.000000,1.000000,1.000000,1.000000,3000.000000,1.000000,Warlike,None,-1,-1,-1,-1,-1,-1,-1,False,False,False,False,Cute,False,False,False,150,1.000000,2,25,90,1.000000,False,False,0,False,True,100,50,9999,999900,True,0.000000,0.000000,"(X=0.000000,Y=0.000000,Z=0.000000)",Cool,0,0,0,0,2,0,0,0,0,0,4,1,0,None,None,None,None,None
PandaGirl,None,None,None,None,True,PandaGirl,PandaGirl,90,,S,7,Leaf,None,Humanoid,None,None,False,100,100,115,95,100,100,4.000000,1.900000,2.700000,0.000000,1.000000,1.000000,1.000000,1.000000,1.000000,1.000000,1806.000000,1.000000,NotInterested,None,60,120,600,750,300,180,225,False,False,False,False,Cute,False,False,False,530,1.000000,7,25,90,1.000000,False,False,3,False,True,100,40,1410,141000,False,0.000000,0.000000,"(X=0.000000,Y=0.000000,Z=0.000000)",Seeding,0,0,3,0,3,3,0,0,0,0,0,2,0,None,None,None,None,None
GrassMinotaur,None,None,None,None,True,GrassMinotaur,GrassMinotaur,81,,L,6,Leaf,None,Humanoid,None,None,False,110,100,105,105,100,100,3.500000,2.300000,2.300000,0.000000,1.000000,1.000000,1.000000,1.000000,1.000000,1.000000,2041.000000,1.000000,NotInterested,None,75,150,700,1000,200,210,300,False,False,False,False,Cool,False,False,False,560,1.000000,8,25,90,1.000000,False,False,3,True,True,100,60,2020,202000,False,0.000000,0.000000,"(X=0.000000,Y=0.000000,Z=0.000000)",Seeding,0,0,3,0,0,2,3,2,0,0,0,3,0,None,None,None,None,None
GrassMinotaur_Ice,None,None,None,None,True,GrassMinotaur_Ice,GrassMinotaur_Ice,81,B,L,7,Ice,None,Humanoid,None,None,False,120,100,100,105,100,100,3.000000,2.500000,2.300000,0.000000,1.000000,1.000000,1.000000,1.000000,1.000000,1.000000,2484.000000,1.000000,NotInterested,None,75,150,700,1000,200,210,300,False,False,False,False,Cool,False,False,False,560,1.000000,8,25,90,1.000000,False,False,3,True,True,100,60,440,44000,False,0.000000,0.000000,"(X=0.000000,Y=0.000000,Z=0.000000)",Cool,0,0,0,0,0,0,3,3,0,0,5,3,0,None,None,None,None,None
MonochromeMushroom,None,None,None,None,True,MonochromeMushroom,MonochromeMushroom,-1,,S,3,Leaf,Dark,Other,None,None,False,100,100,100,100,100,100,4.000000,2.500000,2.500000,0.000000,1.000000,1.000000,1.000000,1.000000,1.000000,1.000000,3000.000000,1.000000,Warlike,None,-1,-1,-1,-1,-1,-1,-1,False,False,False,False,Cute,False,False,False,150,1.000000,2,25,90,1.000000,False,True,0,False,True,100,50,9999,999900,True,0.000000,0.000000,"(X=0.000000,Y=0.000000,Z=0.000000)",ProductMedicine,0,0,4,0,0,4,0,0,0,6,0,0,0,None,None,None,None,None
MedjedBird,None,None,None,None,True,MedjedBird,MedjedBird,-1,,S,3,Dark,None,Bird,None,None,False,100,100,100,100,100,100,4.000000,2.500000,2.500000,0.000000,1.000000,1.000000,1.000000,1.000000,1.000000,1.000000,3000.000000,1.000000,Warlike,None,-1,-1,-1,-1,-1,-1,-1,False,False,False,False,Cute,False,False,False,150,1.000000,2,25,90,1.000000,False,True,0,False,True,100,50,9999,999900,True,0.000000,0.000000,"(X=0.000000,Y=0.000000,Z=0.000000)",ProductMedicine,0,0,0,0,0,0,0,0,0,1,0,1,0,None,None,None,None,None
Mothman,None,None,None,None,True,Mothman,Mothman,193,,L,8,Leaf,None,Humanoid,None,None,False,140,100,120,110,100,100,2.000000,1.700000,2.100000,0.000000,1.000000,1.000000,1.000000,1.000000,1.000000,1.000000,4436.000000,1.000000,Warlike,None,60,120,500,750,500,500,500,False,False,False,False,Strong,False,False,False,630,1.000000,9,25,90,1.000000,False,False,5,False,True,100,50,80,8000,True,0.000000,0.000000,"(X=0.000000,Y=0.000000,Z=0.000000)",ProductMedicine,0,0,6,0,6,4,0,0,0,8,0,2,0,None,None,None,None,None
GhostDragon,None,None,None,None,True,GhostDragon,GhostDragon,171,,L,7,Dragon,Dark,Dragon,None,None,False,115,100,125,120,100,100,3.300000,1.500000,1.700000,0.000000,1.000000,1.000000,1.000000,1.000000,1.000000,1.000000,3323.000000,1.000000,NotInterested,None,100,200,1400,2750,400,1400,1400,False,False,False,False,Strong,False,False,False,620,1.000000,9,25,90,1.000000,False,True,5,True,True,130,50,300,30000,False,0.000000,0.000000,"(X=0.000000,Y=0.000000,Z=0.000000)",Transport,0,0,0,0,0,0,0,0,0,0,0,6,0,None,None,None,None,None
GhostDragon_Fire,None,None,None,None,True,GhostDragon_Fire,GhostDragon_Fire,171,B,L,8,Dragon,Fire,Dragon,None,None,False,115,100,130,120,100,100,3.300000,1.300000,1.700000,0.000000,1.000000,1.000000,1.000000,1.000000,1.000000,1.000000,3521.000000,1.000000,Warlike,None,100,200,1400,2750,400,1400,1400,False,False,False,False,Strong,False,False,False,620,1.000000,9,25,90,1.000000,False,False,5,True,True,130,50,140,14000,False,0.000000,0.000000,"(X=0.000000,Y=0.000000,Z=0.000000)",EmitFlame,6,0,0,0,0,0,0,0,0,0,0,6,0,None,None,None,None,None
FlowerPrince,None,None,None,None,True,FlowerPrince,FlowerPrince,194,,M,8,Leaf,Dark,Humanoid,None,None,False,125,100,135,110,100,100,2.800000,1.100000,2.100000,0.000000,1.000000,1.000000,1.000000,1.000000,1.000000,1.000000,4442.000000,1.000000,Warlike,None,50,160,1000,1000,300,1000,1000,False,False,False,False,Strong,False,False,False,630,1.000000,9,25,90,1.000000,False,True,5,False,True,100,60,60,6000,True,0.000000,0.000000,"(X=0.000000,Y=0.000000,Z=0.000000)",Seeding,0,0,8,0,6,5,0,0,0,6,0,3,0,None,None,None,None,None
WorldTreeDragon,None,None,None,None,True,WorldTreeDragon,WorldTreeDragon,204,,XL,10,None,None,None,None,None,False,200,100,200,200,100,100,0.100000,1.000000,1.000000,0.000000,1.000000,1.000000,1.000000,1.000000,1.000000,1.000000,10000.000000,1.000000,NotInterested,None,-1,400,-1,-1,-1,-1,-1,False,False,False,False,Strong,False,False,False,600,1.000000,9,25,90,1.000000,False,False,5,False,True,100,50,10,1000,True,600.000000,200.000000,"(X=0.000000,Y=0.000000,Z=-600.000000)",EmitFlame,0,0,0,0,0,0,0,0,0,0,0,0,0,None,None,None,None,None
KabukiMan,None,None,None,None,True,KabukiMan,KabukiMan,183,,L,7,Fire,None,Humanoid,None,None,False,105,100,120,100,100,100,3.800000,1.700000,2.500000,0.000000,1.000000,1.000000,1.000000,1.000000,1.000000,1.000000,4028.000000,1.000000,Warlike,None,100,200,400,500,250,400,500,False,False,False,False,Strong,False,False,False,560,1.000000,8,25,90,1.000000,False,False,4,False,True,100,60,290,29000,False,0.000000,0.000000,"(X=0.000000,Y=0.000000,Z=0.000000)",EmitFlame,8,0,0,0,6,5,0,0,0,0,0,5,0,None,None,None,None,None
DomeArmorDragon,None,None,None,None,True,DomeArmorDragon,DomeArmorDragon,184,,XL,8,Dragon,Earth,Dragon,None,None,False,105,100,125,140,100,100,3.800000,1.500000,1.000000,0.000000,1.000000,1.000000,1.000000,1.000000,1.000000,1.000000,4116.000000,1.000000,Warlike,None,115,230,850,1100,360,255,330,False,False,False,False,Strong,False,False,False,600,1.000000,9,25,90,1.000000,False,False,5,True,True,300,50,30,3000,False,0.000000,0.000000,"(X=0.000000,Y=0.000000,Z=0.000000)",Mining,0,0,0,0,0,0,0,8,0,0,0,0,0,Deffence_up2_2,None,None,None,None
RockCheetah,None,None,None,None,True,RockCheetah,RockCheetah,-1,,S,3,Earth,None,Humanoid,None,None,False,100,100,100,100,100,100,4.000000,2.500000,2.500000,0.000000,1.000000,1.000000,1.000000,1.000000,1.000000,1.000000,3000.000000,1.000000,Warlike,None,-1,-1,-1,-1,-1,-1,-1,False,False,False,False,Cute,False,False,False,150,1.000000,2,25,90,1.000000,False,False,0,False,True,100,50,9999,999900,True,0.000000,0.000000,"(X=0.000000,Y=0.000000,Z=0.000000)",Handcraft,0,0,0,0,1,0,1,1,0,0,0,1,0,None,None,None,None,None
ArmorWoodlouse,None,None,None,None,True,ArmorWoodlouse,ArmorWoodlouse,-1,,S,3,Earth,None,Humanoid,None,None,False,100,100,100,100,100,100,4.000000,2.500000,2.500000,0.000000,1.000000,1.000000,1.000000,1.000000,1.000000,1.000000,3000.000000,1.000000,Warlike,None,-1,-1,-1,-1,-1,-1,-1,False,False,False,False,Cute,False,False,False,150,1.000000,2,25,90,1.000000,False,False,0,False,True,100,50,9999,999900,True,0.000000,0.000000,"(X=0.000000,Y=0.000000,Z=0.000000)",Deforest,0,0,0,0,0,0,1,1,0,0,0,1,0,None,None,None,None,None
MexicanSalamander,None,None,None,None,True,MexicanSalamander,MexicanSalamander,-1,,S,3,Earth,Leaf,Humanoid,None,None,False,100,100,100,100,100,100,4.000000,2.500000,2.500000,0.000000,1.000000,1.000000,1.000000,1.000000,1.000000,1.000000,3000.000000,1.000000,Warlike,None,-1,-1,-1,-1,-1,-1,-1,False,False,False,False,Cute,False,False,False,150,1.000000,2,25,90,1.000000,False,False,0,False,True,100,50,9999,999900,True,0.000000,0.000000,"(X=0.000000,Y=0.000000,Z=0.000000)",Seeding,0,0,1,0,1,1,0,0,0,1,0,0,0,None,None,None,None,None
LeafBird,None,None,None,None,True,LeafBird,LeafBird,-1,,S,3,Leaf,None,Humanoid,None,None,False,100,100,100,100,100,100,4.000000,2.500000,2.500000,0.000000,1.000000,1.000000,1.000000,1.000000,1.000000,1.000000,3000.000000,1.000000,Warlike,None,-1,-1,-1,-1,-1,-1,-1,False,False,False,False,Cute,False,False,False,150,1.000000,2,25,90,1.000000,False,False,0,False,True,100,50,9999,999900,True,0.000000,0.000000,"(X=0.000000,Y=0.000000,Z=0.000000)",Seeding,0,0,1,0,0,1,0,0,0,0,0,0,0,None,None,None,None,None
CuteOrca,None,None,None,None,True,CuteOrca,CuteOrca,-1,,S,3,Water,None,Humanoid,None,None,False,100,100,100,100,100,100,4.000000,2.500000,2.500000,0.000000,1.000000,1.000000,1.000000,1.000000,1.000000,1.000000,3000.000000,1.000000,Warlike,None,-1,-1,-1,-1,-1,-1,-1,False,False,False,False,Cute,False,False,False,150,1.000000,2,25,90,1.000000,False,False,0,False,True,100,50,9999,999900,True,0.000000,0.000000,"(X=0.000000,Y=0.000000,Z=0.000000)",Watering,0,1,0,0,0,0,0,0,0,0,0,0,0,None,None,None,None,None
SnakeQueen,None,None,None,None,True,SnakeQueen,SnakeQueen,-1,,S,3,Dark,None,Other,None,None,False,100,100,100,100,100,100,4.000000,2.500000,2.500000,0.000000,1.000000,1.000000,1.000000,1.000000,1.000000,1.000000,3000.000000,1.000000,Warlike,None,-1,-1,-1,-1,-1,-1,-1,False,False,False,False,Cute,False,False,False,150,1.000000,2,25,90,1.000000,False,True,0,False,True,100,50,9999,999900,True,0.000000,0.000000,"(X=0.000000,Y=0.000000,Z=0.000000)",Deforest,0,0,0,0,0,0,1,0,0,1,0,0,0,None,None,None,None,None
BOSS_KingWhale_otomo,PAL_NAME_KingWhale,None,None,None,True,KingWhale,BOSS_KingWhale_otomo,-1,,XL,10,Water,None,Fish,None,None,False,200,100,120,180,100,100,3.000000,2.500000,2.500000,0.000000,50.000000,0.240000,1.000000,1.000000,0.700000,10.000000,9826.000000,1.000000,Boss,None,100,330,2000,3000,1000,1500,1800,True,False,False,True,KingWhale,True,True,True,600,1.000000,9,25,90,1.000000,False,False,9,False,True,100,50,20,699,True,0.000000,0.000000,"(X=0.000000,Y=0.000000,Z=0.000000)",Watering,0,0,0,0,0,0,0,0,0,0,0,0,0,None,None,None,None,None
PREDATOR_WhiteShieldDragon_Quest,PAL_NAME_WhiteShieldDragon,PREDATOR_NAME,None,None,True,WhiteShieldDragon,PREDATOR_WhiteShieldDragon_Quest,-1,,XL,9,Dragon,None,Humanoid,None,None,False,144,150,105,85,100,100,1.800000,2.300000,3.100000,0.000000,2.000000,0.200000,5.000000,1.000000,0.700000,10.000000,3710.000000,1.000000,Boss,None,90,150,700,1050,-1,210,315,True,False,False,True,Predator,True,True,False,225,1.000000,3,25,90,1.000000,False,False,9,True,True,100,50,9999,999900,True,220.000000,150.000000,"(X=0.000000,Y=0.000000,Z=-30.000000)",Deforest,0,0,0,0,2,0,0,1,0,0,0,2,0,Nocturnal,None,None,None,None
PREDATOR_FlowerRabbit_Quest,PAL_NAME_FlowerRabbit,PREDATOR_NAME,None,None,True,FlowerRabbit,PREDATOR_FlowerRabbit_Quest,-1,,XS,1,Leaf,None,Humanoid,None,None,False,75,100,65,70,100,100,5.300000,3.900000,3.700000,0.000000,1.000000,1.000000,1.000000,1.000000,1.000000,1.000000,512.000000,1.000000,Boss,None,100,100,400,550,250,400,400,False,False,False,False,Predator,False,False,False,225,1.000000,3,25,90,1.000000,False,False,0,False,True,100,50,9999,999900,True,100.000000,40.000000,"(X=0.000000,Y=0.000000,Z=-30.000000)",Seeding,0,0,1,0,1,1,0,0,0,1,0,1,0,Nocturnal,None,None,None,None
POLICE_ThunderDog,PAL_NAME_POLICE_PalRide,None,PARTNERSKILL_DUMMY_None,PAL_FIRST_SPAWN_DESC_Human,True,ThunderDog,POLICE_ThunderDog,-1,,M,5,Electricity,None,Humanoid,None,None,False,90,100,100,80,100,100,4.500000,2.500000,3.300000,0.000000,1.000000,1.000000,1.000000,1.000000,1.000000,1.000000,1205.000000,1.000000,Warlike,None,110,210,700,1150,455,210,345,False,False,False,False,Cute,False,False,False,350,1.000000,5,25,90,1.000000,False,False,3,True,True,100,-1,9999,999900,True,100.000000,40.000000,"(X=0.000000,Y=0.000000,Z=-100.000000)",GenerateElectricity,0,0,0,4,0,0,0,0,0,0,0,0,0,None,None,None,None,None
POLICE_HawkBird,PAL_NAME_POLICE_PalRide,None,PARTNERSKILL_DUMMY_None,PAL_FIRST_SPAWN_DESC_Human,True,HawkBird,POLICE_HawkBird,-1,,L,3,Normal,None,Bird,None,None,False,100,100,95,80,100,100,4.000000,2.700000,3.300000,0.000000,1.000000,1.000000,1.000000,1.000000,1.000000,1.000000,1012.000000,1.000000,NotInterested,None,150,150,600,750,450,600,600,False,False,False,False,Cute,False,False,False,475,1.000000,7,25,90,1.000000,False,False,3,True,True,100,-1,9999,999900,True,160.000000,120.000000,"(X=0.000000,Y=0.000000,Z=-160.000000)",Collection,0,0,0,0,0,2,0,0,0,0,0,0,0,None,None,None,None,None
BOSS_ElecPanda_BossRush,PAL_NAME_ElecPanda,BOSS_NAME_ElecPandaBossRush,None,None,True,ElecPanda,BOSS_ElecPanda_BossRush,-1,,XL,8,Electricity,None,Humanoid,None,None,False,144,120,105,105,100,100,1.800000,2.300000,2.300000,0.000000,1.000000,0.120000,4.000000,1.000000,0.700000,10.000000,7048.000000,1.000000,Boss,None,80,140,600,1100,210,180,300,False,True,False,True,FieldBoss_Tier_5,False,False,False,410,1.000000,6,25,90,1.000000,False,False,9,True,True,180,50,1020,102000,True,200.000000,50.000000,"(X=-20.000000,Y=0.000000,Z=-30.000000)",GenerateElectricity,0,0,0,5,4,0,3,0,0,0,0,5,0,None,None,None,None,BossDefeatReward_BossRush
BOSS_LilyQueen_BossRush,PAL_NAME_LilyQueen,BOSS_NAME_LilyQueenBossRush,None,None,True,LilyQueen,BOSS_LilyQueen_BossRush,-1,,XL,8,Leaf,None,Humanoid,None,None,False,144,120,120,110,100,100,1.800000,1.700000,2.100000,0.000000,1.000000,0.120000,4.000000,1.000000,0.700000,10.000000,6854.000000,1.000000,Boss,None,60,100,450,650,275,450,450,False,True,False,True,FieldBoss_Tier_5,False,False,False,540,1.000000,8,25,90,1.000000,False,False,9,True,True,100,30,240,24000,True,200.000000,50.000000,"(X=-20.000000,Y=0.000000,Z=-30.000000)",Seeding,0,0,7,0,5,6,0,0,0,5,0,0,0,None,None,None,None,None
BOSS_ThunderDragonMan_BossRush,PAL_NAME_ThunderDragonMan,BOSS_NAME_ThunderDragonManBossRush,None,None,True,ThunderDragonMan,BOSS_ThunderDragonMan_BossRush,-1,,XL,8,Dragon,Electricity,Humanoid,None,None,False,144,120,130,115,100,100,1.800000,1.300000,1.900000,0.000000,1.000000,0.120000,1.500000,1.000000,0.700000,10.000000,8272.000000,1.000000,Boss,None,100,185,900,1300,250,1620,2160,False,True,False,True,FieldBoss_Tier_5,False,False,False,620,1.000000,9,25,90,1.000000,False,False,9,True,True,100,50,120,12000,True,200.000000,50.000000,"(X=-20.000000,Y=0.000000,Z=-30.000000)",GenerateElectricity,0,0,0,8,3,0,0,0,0,0,0,4,0,None,None,None,None,None
BOSS_Horus_BossRush,PAL_NAME_Horus,BOSS_NAME_HorusBossRush,None,None,True,Horus,BOSS_Horus_BossRush,-1,,XL,8,Fire,None,Humanoid,None,None,False,126,120,110,115,100,100,2.700000,2.100000,1.900000,0.000000,1.000000,0.120000,1.500000,1.000000,0.700000,10.000000,5370.000000,1.000000,Boss,None,150,200,1000,1500,500,1000,1000,False,True,False,True,FieldBoss_Tier_5,False,False,False,600,1.000000,9,25,90,1.000000,False,False,9,True,True,230,50,500,50000,True,200.000000,50.000000,"(X=-20.000000,Y=0.000000,Z=-30.000000)",EmitFlame,6,0,0,0,0,0,0,0,0,0,0,3,0,None,None,None,None,None
BOSS_BlackGriffon_BossRush,PAL_NAME_BlackGriffon,BOSS_NAME_BlackGriffonBossRush,None,None,True,BlackGriffon,BOSS_BlackGriffon_BossRush,-1,,XL,8,Dark,None,Humanoid,None,None,False,144,120,120,140,100,100,1.800000,1.700000,1.000000,0.000000,1.000000,0.120000,1.500000,1.000000,0.700000,10.000000,6490.000000,1.000000,Boss,None,80,80,850,1300,465,255,360,False,True,False,True,FieldBoss_Tier_5,False,False,False,530,1.000000,8,25,90,1.000000,False,True,9,True,True,250,50,550,55000,True,200.000000,50.000000,"(X=-20.000000,Y=0.000000,Z=-30.000000)",Collection,0,0,0,0,0,2,0,0,0,0,0,0,0,None,None,None,None,None
BOSS_MoonQueen_BossRush,PAL_NAME_MoonQueen,BOSS_NAME_MoonQueenBossRush,None,None,True,MoonQueen,BOSS_MoonQueen_BossRush,-1,,XL,8,Dark,Normal,Humanoid,None,None,False,156,120,115,110,100,100,1.200000,1.900000,2.100000,0.000000,1.000000,0.120000,1.500000,1.000000,0.700000,10.000000,8190.000000,1.000000,Boss,None,60,150,1000,1700,275,1000,1000,False,True,False,True,FieldBoss_Tier_5,False,False,False,680,1.000000,9,25,90,1.000000,False,True,9,True,True,300,20,360,36000,True,200.000000,50.000000,"(X=-20.000000,Y=0.000000,Z=-30.000000)",Handcraft,0,0,0,0,7,0,0,0,0,6,0,3,0,None,None,None,None,None
BOSS_SnowTigerBeastman_BossRush,PAL_NAME_SnowTigerBeastman,BOSS_NAME_SnowTigerBeastmanBossRush,None,None,True,SnowTigerBeastman,BOSS_SnowTigerBeastman_BossRush,-1,,XL,8,Ice,None,Humanoid,None,None,False,168,120,130,120,100,100,0.600000,1.300000,1.700000,0.000000,1.000000,0.120000,1.000000,1.000000,0.700000,10.000000,8850.000000,1.000000,Boss,None,120,225,750,1200,-1,225,330,False,True,False,True,FieldBoss_Tier_5,False,False,False,730,1.000000,9,25,90,1.000000,False,False,9,True,True,270,60,50,5000,True,200.000000,50.000000,"(X=-20.000000,Y=0.000000,Z=-30.000000)",Cool,0,0,0,0,0,0,6,5,0,0,8,0,0,None,None,None,None,None
BOSS_BlueSkyDragon_BossRush,PAL_NAME_BlueSkyDragon,BOSS_NAME_BlueSkyDragonBossRush,None,None,True,BlueSkyDragon,BOSS_BlueSkyDragon_BossRush,-1,,XL,8,Dragon,Water,Humanoid,None,None,False,168,120,135,120,100,100,0.600000,1.100000,1.700000,0.000000,1.000000,0.120000,1.000000,1.000000,0.700000,10.000000,9062.000000,1.000000,Boss,None,50,300,1400,2900,450,1400,1400,False,True,False,True,FieldBoss_Tier_5,False,False,False,620,1.000000,9,25,90,1.000000,False,False,9,True,True,100,50,40,4000,True,200.000000,50.000000,"(X=-20.000000,Y=0.000000,Z=-30.000000)",Watering,0,8,0,0,0,5,0,0,0,0,0,0,0,None,None,None,None,None
GrassPanda_Electric_Tower,PAL_NAME_GrassPanda_Electric,None,None,None,True,GrassPanda_Electric,GrassPanda_Electric,102,B,L,7,Electricity,None,Humanoid,None,None,False,100,100,100,100,100,100,4.000000,2.500000,2.500000,0.000000,10.000000,1.000000,1.000000,1.000000,1.000000,1.000000,1806.000000,1.000000,Warlike,None,50,100,600,1000,275,180,300,True,True,False,False,TowerBoss,False,False,False,350,1.000000,5,25,90,1.000000,False,False,3,False,True,130,50,1440,144000,True,150.000000,120.000000,"(X=0.000000,Y=0.000000,Z=-150.000000)",GenerateElectricity,0,0,0,4,3,0,4,0,0,0,0,4,0,None,None,None,None,None
LazyDragon_Electric_Tower,PAL_NAME_LazyDragon_Electric,None,None,None,True,LazyDragon_Electric,LazyDragon_Electric,94,B,XL,9,Dragon,Electricity,Monster,None,None,False,120,110,120,110,100,100,3.000000,1.700000,2.100000,0.000000,10.000000,1.000000,1.000000,1.000000,1.000000,1.000000,2685.000000,1.000000,Warlike,None,40,60,650,1000,150,650,1000,True,True,False,False,TowerBoss,False,False,False,475,1.000000,7,25,90,1.000000,False,False,5,True,True,200,50,770,77000,True,220.000000,110.000000,"(X=0.000000,Y=0.000000,Z=-30.000000)",GenerateElectricity,0,0,0,6,0,0,0,0,0,0,0,4,0,None,None,None,None,None
PREDATOR_Garm_Quest,PAL_NAME_Garm,PREDATOR_NAME,None,None,True,Garm,PREDATOR_Garm_Quest,-1,,M,8,Normal,None,FourLegged,None,None,False,115,110,90,75,100,100,3.300000,2.900000,3.500000,0.000000,2.000000,0.200000,1.500000,1.000000,0.490000,22.000000,611.000000,1.000000,Boss,None,90,180,4000,1150,460,240,315,True,False,False,True,Predator,True,True,False,150,1.000000,2,25,90,1.000000,False,False,9,True,True,100,50,9999,999900,True,110.000000,60.000000,"(X=0.000000,Y=0.000000,Z=-110.000000)",Collection,0,0,0,0,0,1,0,0,0,0,0,0,0,None,None,None,None,None
PREDATOR_PinkLizard_Quest,PAL_NAME_PinkLizard,PREDATOR_NAME,None,None,True,PinkLizard,PREDATOR_PinkLizard_Quest,-1,,XL,9,Dark,None,Humanoid,None,None,False,172,70,70,70,140,100,0.400000,3.700000,3.700000,0.000000,2.000000,0.200000,1.500000,1.000000,0.490000,22.000000,1056.000000,1.000000,Boss,None,90,170,3750,850,460,300,300,True,False,False,True,Predator,True,True,False,280,1.000000,4,25,90,1.000000,False,True,9,False,True,100,30,9999,999900,True,180.000000,80.000000,"(X=0.000000,Y=0.000000,Z=-180.000000)",Handcraft,0,0,0,0,3,0,0,2,0,3,0,2,0,ElementResist_Normal_1_PAL,None,None,None,None
PREDATOR_Umihebi_Fire_Quest,PAL_NAME_Umihebi_Fire,PREDATOR_NAME,None,None,True,Umihebi_Fire,PREDATOR_Umihebi_Fire_Quest,-1,,XL,10,Dragon,Fire,Fish,None,None,False,187,150,130,100,100,100,0.100000,1.300000,2.500000,0.000000,2.000000,0.200000,2.000000,1.000000,0.490000,25.000000,3577.000000,1.000000,Boss,None,100,175,3000,1100,350,600,1000,True,False,False,True,Predator,True,True,False,550,1.000000,8,25,90,1.000000,False,False,9,True,True,100,50,9999,999900,True,540.000000,100.000000,"(X=-20.000000,Y=0.000000,Z=-30.000000)",EmitFlame,7,0,0,0,0,0,0,0,0,0,0,0,0,None,None,None,None,None
AmaterasuWolf_Dark_Quest_Friend,PAL_NAME_AmaterasuWolf_Dark,None,None,None,True,AmaterasuWolf_Dark,AmaterasuWolf_Dark_Quest_Friend,-1,B,M,6,Dark,None,FourLegged,Ally,None,False,100,70,115,105,110,100,4.000000,1.900000,2.300000,0.000000,1.000000,0.100000,5.000000,1.000000,1.000000,1.000000,2014.000000,1.000000,Warlike_WithoutPlayer,None,80,130,700,1100,415,210,330,False,False,False,False,Cool,False,False,False,380,1.000000,5,25,90,1.000000,False,True,5,True,True,140,50,800,80000,True,100.000000,60.000000,"(X=0.000000,Y=0.000000,Z=-30.000000)",EmitFlame,4,0,0,0,0,0,0,0,0,0,0,0,0,None,None,None,None,None
AmaterasuWolf_Dark_Quest_Enemy,PAL_NAME_AmaterasuWolf_Dark,None,None,None,True,AmaterasuWolf_Dark,AmaterasuWolf_Dark_Quest_Enemy,-1,B,M,6,Dark,None,FourLegged,None,None,False,100,70,115,105,110,100,4.000000,1.900000,2.300000,0.000000,1.000000,1.000000,1.000000,1.000000,1.000000,1.000000,2014.000000,1.000000,Kill_All,None,80,130,700,1100,415,210,330,False,False,False,False,Cool,False,False,False,380,1.000000,5,25,360,1.000000,False,True,5,True,True,140,50,800,80000,True,100.000000,60.000000,"(X=0.000000,Y=0.000000,Z=-30.000000)",EmitFlame,4,0,0,0,0,0,0,0,0,0,0,0,0,None,None,None,None,None
Foxgloam,None,None,None,None,True,Kitsunebi,Kitsunebi,5,C,XS,2,Dark,None,FourLegged,None,None,False,75,75,90,75,100,100,0.000000,0.000000,0.000000,0.000000,0.000000,1.200000,0.000000,1.000000,1.000000,1.000000,2080.000000,0.000000,Escape_to_Battle,None,40,80,420,550,250,0,0,False,False,False,False,Cute,False,False,False,150,1.000000,2,25,90,1.000000,True,True,0,False,True,100,50,1390,0,False,0.000000,0.000000,"(X=0.000000,Y=0.000000,Z=0.000000)",None,0,0,0,0,0,1,0,0,0,0,0,1,0,None,None,None,None,None
