RowName,PalId,WazaID,Level
Anubis001,Anubis,StoneShotgun,1
Anubis007,Anubis,PowerBall,7
Anubis015,Anubis,SandTornado,15
Anubis022,Anubis,Unique_Anubis_LowRoundKick,22
Anubis030,Anubis,Unique_Anubis_Tackle,30
Anubis040,Anubis,Unique_Anubis_GroundPunch,40
Anubis050,Anubis,RockLance,50
Anubis055,Anubis,SandTwister,55
Anubis070,Anubis,RockBeat,70
Boss_Anubis001,BOSS_Anubis,StoneShotgun,1
Boss_Anubis007,BOSS_Anubis,PowerBall,7
Boss_Anubis015,BOSS_Anubis,SandTornado,15
Boss_Anubis022,BOSS_Anubis,Unique_Anubis_LowRoundKick,22
Boss_Anubis030,BOSS_Anubis,Unique_Anubis_Tackle,30
Boss_Anubis040,BOSS_Anubis,Unique_Anubis_GroundPunch,40
Boss_Anubis050,BOSS_Anubis,RockLance,50
Boss_Anubis055,BOSS_Anubis,SandTwister,55
Boss_Anubis070,BOSS_Anubis,RockBeat,70
Baphomet001,Baphomet,FireBlast,1
Baphomet007,Baphomet,FireSeed,7
Baphomet015,Baphomet,FlareArrow,15
Baphomet022,Baphomet,Unique_Baphomet_SwallowKite,22
Baphomet030,Baphomet,DarkWave,30
Baphomet040,Baphomet,FireBall,40
Baphomet050,Baphomet,Inferno,50
Baphomet070,Baphomet,DarkLegion,70
BOSS_Baphomet001,BOSS_Baphomet,FireBlast,1
BOSS_Baphomet007,BOSS_Baphomet,FireSeed,7
BOSS_Baphomet015,BOSS_Baphomet,FlareArrow,15
BOSS_Baphomet022,BOSS_Baphomet,Unique_Baphomet_SwallowKite,22
BOSS_Baphomet030,BOSS_Baphomet,DarkWave,30
BOSS_Baphomet040,BOSS_Baphomet,FireBall,40
BOSS_Baphomet050,BOSS_Baphomet,Inferno,50
BOSS_Baphomet070,BOSS_Baphomet,DarkLegion,70
Baphomet_Dark001,Baphomet_Dark,FireBlast,1
Baphomet_Dark007,Baphomet_Dark,FireSeed,7
Baphomet_Dark015,Baphomet_Dark,FlareArrow,15
Baphomet_Dark022,Baphomet_Dark,Unique_Baphomet_SwallowKite,22
Baphomet_Dark030,Baphomet_Dark,DarkWave,30
Baphomet_Dark035,Baphomet_Dark,Unique_Baphomet_Dark_DarkKite,35
Baphomet_Dark040,Baphomet_Dark,FireBall,40
Baphomet_Dark050,Baphomet_Dark,Inferno,50
Baphomet_Dark070,Baphomet_Dark,DarkLegion,70
BOSS_Baphomet_Dark001,BOSS_Baphomet_Dark,FireBlast,1
BOSS_Baphomet_Dark007,BOSS_Baphomet_Dark,FireSeed,7
BOSS_Baphomet_Dark015,BOSS_Baphomet_Dark,FlareArrow,15
BOSS_Baphomet_Dark022,BOSS_Baphomet_Dark,Unique_Baphomet_SwallowKite,22
BOSS_Baphomet_Dark030,BOSS_Baphomet_Dark,DarkWave,30
BOSS_Baphomet_Dark035,BOSS_Baphomet_Dark,Unique_Baphomet_Dark_DarkKite,35
BOSS_Baphomet_Dark040,BOSS_Baphomet_Dark,FireBall,40
BOSS_Baphomet_Dark050,BOSS_Baphomet_Dark,Inferno,50
BOSS_Baphomet_Dark070,BOSS_Baphomet_Dark,DarkLegion,70
PREDATOR_Baphomet_Dark001,PREDATOR_Baphomet_Dark,FireBlast,1
PREDATOR_Baphomet_Dark007,PREDATOR_Baphomet_Dark,FireSeed,7
PREDATOR_Baphomet_Dark010,PREDATOR_Baphomet_Dark,PredatorWave,10
PREDATOR_Baphomet_Dark015,PREDATOR_Baphomet_Dark,FlareArrow,15
PREDATOR_Baphomet_Dark020,PREDATOR_Baphomet_Dark,PredatorLockon,20
PREDATOR_Baphomet_Dark022,PREDATOR_Baphomet_Dark,Unique_Baphomet_SwallowKite,22
PREDATOR_Baphomet_Dark030,PREDATOR_Baphomet_Dark,PredatorBeam,30
PREDATOR_Baphomet_Dark035,PREDATOR_Baphomet_Dark,Unique_Baphomet_Dark_DarkKite,35
PREDATOR_Baphomet_Dark040,PREDATOR_Baphomet_Dark,FireBall,40
PREDATOR_Baphomet_Dark050,PREDATOR_Baphomet_Dark,Inferno,50
PREDATOR_Baphomet_Dark070,PREDATOR_Baphomet_Dark,DarkLegion,70
Baphomet_Dark_Oilrig001,Baphomet_Dark_Oilrig,FireBlast,1
Baphomet_Dark_Oilrig007,Baphomet_Dark_Oilrig,FireSeed,7
Baphomet_Dark_Oilrig015,Baphomet_Dark_Oilrig,FlareArrow,15
Baphomet_Dark_Oilrig022,Baphomet_Dark_Oilrig,Unique_Baphomet_SwallowKite,22
Baphomet_Dark_Oilrig030,Baphomet_Dark_Oilrig,DarkWave,30
Baphomet_Dark_Oilrig035,Baphomet_Dark_Oilrig,Unique_Baphomet_Dark_DarkKite,35
Baphomet_Dark_Oilrig040,Baphomet_Dark_Oilrig,FireBall,40
Baphomet_Dark_Oilrig050,Baphomet_Dark_Oilrig,Inferno,50
Baphomet_Dark_Oilrig070,Baphomet_Dark_Oilrig,DarkLegion,70
Bastet001,Bastet,MudShot,1
Bastet007,Bastet,DarkBall,7
Bastet015,Bastet,DarkWave,15
Bastet022,Bastet,SandTornado,22
Bastet030,Bastet,GhostFlame,30
Bastet040,Bastet,ShadowBall,40
Bastet050,Bastet,DarkLaser,50
Bastet070,Bastet,DarkLegion,70
BOSS_Bastet001,BOSS_Bastet,MudShot,1
BOSS_Bastet007,BOSS_Bastet,DarkBall,7
BOSS_Bastet015,BOSS_Bastet,DarkWave,15
BOSS_Bastet022,BOSS_Bastet,SandTornado,22
BOSS_Bastet030,BOSS_Bastet,GhostFlame,30
BOSS_Bastet040,BOSS_Bastet,ShadowBall,40
BOSS_Bastet050,BOSS_Bastet,DarkLaser,50
BOSS_Bastet070,BOSS_Bastet,DarkLegion,70
Bastet_Ice001,Bastet_Ice,IceMissile,1
Bastet_Ice007,Bastet_Ice,AirCanon,7
Bastet_Ice015,Bastet_Ice,MudShot,15
Bastet_Ice022,Bastet_Ice,IceBlade,22
Bastet_Ice030,Bastet_Ice,BlizzardLance,30
Bastet_Ice040,Bastet_Ice,FrostBreath,40
Bastet_Ice050,Bastet_Ice,IcicleThrow,50
Bastet_Ice070,Bastet_Ice,DiamondFall,70
BOSS_Bastet_Ice001,BOSS_Bastet_Ice,IceMissile,1
BOSS_Bastet_Ice007,BOSS_Bastet_Ice,AirCanon,7
BOSS_Bastet_Ice015,BOSS_Bastet_Ice,MudShot,15
BOSS_Bastet_Ice022,BOSS_Bastet_Ice,IceBlade,22
BOSS_Bastet_Ice030,BOSS_Bastet_Ice,BlizzardLance,30
BOSS_Bastet_Ice040,BOSS_Bastet_Ice,FrostBreath,40
BOSS_Bastet_Ice050,BOSS_Bastet_Ice,IcicleThrow,50
BOSS_Bastet_Ice070,BOSS_Bastet_Ice,DiamondFall,70
Boar001,Boar,Unique_Boar_Tackle,1
Boar007,Boar,MudShot,7
Boar015,Boar,PowerShot,15
Boar022,Boar,StoneShotgun,22
Boar030,Boar,PowerBall,30
Boar040,Boar,RockLance,40
Boar050,Boar,HyperBeam,50
Boar070,Boar,RockBeat,70
BOSS_Boar001,BOSS_Boar,Unique_Boar_Tackle,1
BOSS_Boar007,BOSS_Boar,MudShot,7
BOSS_Boar015,BOSS_Boar,PowerShot,15
BOSS_Boar022,BOSS_Boar,StoneShotgun,22
BOSS_Boar030,BOSS_Boar,PowerBall,30
BOSS_Boar040,BOSS_Boar,RockLance,40
BOSS_Boar050,BOSS_Boar,HyperBeam,50
BOSS_Boar070,BOSS_Boar,RockBeat,70
Carbunclo001,Carbunclo,WindCutter,1
Carbunclo007,Carbunclo,AirCanon,7
Carbunclo015,Carbunclo,PowerShot,15
Carbunclo022,Carbunclo,SeedMachinegun,22
Carbunclo030,Carbunclo,PowerBall,30
Carbunclo040,Carbunclo,RootAttack,40
Carbunclo050,Carbunclo,SolarBeam,50
Carbunclo070,Carbunclo,WindBurst,70
BOSS_Carbunclo001,BOSS_Carbunclo,WindCutter,1
BOSS_Carbunclo007,BOSS_Carbunclo,AirCanon,7
BOSS_Carbunclo015,BOSS_Carbunclo,PowerShot,15
BOSS_Carbunclo022,BOSS_Carbunclo,SeedMachinegun,22
BOSS_Carbunclo030,BOSS_Carbunclo,PowerBall,30
BOSS_Carbunclo040,BOSS_Carbunclo,RootAttack,40
BOSS_Carbunclo050,BOSS_Carbunclo,SolarBeam,50
BOSS_Carbunclo070,BOSS_Carbunclo,WindBurst,70
ChickenPal001,ChickenPal,Unique_ChickenPal_ChickenPeck,1
ChickenPal007,ChickenPal,AirCanon,7
ChickenPal015,ChickenPal,PowerShot,15
ChickenPal022,ChickenPal,SelfDestruct,22
ChickenPal030,ChickenPal,GrassTornado,30
ChickenPal040,ChickenPal,SandTornado,40
ChickenPal050,ChickenPal,FlareTornado,50
ChickenPal070,ChickenPal,HolyBlast,70
BOSS_ChickenPal001,BOSS_ChickenPal,Unique_ChickenPal_ChickenPeck,1
BOSS_ChickenPal007,BOSS_ChickenPal,AirCanon,7
BOSS_ChickenPal015,BOSS_ChickenPal,PowerShot,15
BOSS_ChickenPal022,BOSS_ChickenPal,SelfDestruct,22
BOSS_ChickenPal030,BOSS_ChickenPal,GrassTornado,30
BOSS_ChickenPal040,BOSS_ChickenPal,SandTornado,40
BOSS_ChickenPal050,BOSS_ChickenPal,FlareTornado,50
BOSS_ChickenPal070,BOSS_ChickenPal,HolyBlast,70
ColorfulBird001,ColorfulBird,SelfDestruct,1
ColorfulBird007,ColorfulBird,AirCanon,7
ColorfulBird015,ColorfulBird,PowerShot,15
ColorfulBird022,ColorfulBird,SelfExplosion,22
ColorfulBird030,ColorfulBird,SandTornado,30
ColorfulBird040,ColorfulBird,PowerBall,40
ColorfulBird050,ColorfulBird,HyperBeam,50
ColorfulBird070,ColorfulBird,HolyBlast,70
BOSS_ColorfulBird001,BOSS_ColorfulBird,SelfDestruct,1
BOSS_ColorfulBird007,BOSS_ColorfulBird,AirCanon,7
BOSS_ColorfulBird015,BOSS_ColorfulBird,PowerShot,15
BOSS_ColorfulBird022,BOSS_ColorfulBird,SelfExplosion,22
BOSS_ColorfulBird030,BOSS_ColorfulBird,SandTornado,30
BOSS_ColorfulBird040,BOSS_ColorfulBird,PowerBall,40
BOSS_ColorfulBird050,BOSS_ColorfulBird,HyperBeam,50
BOSS_ColorfulBird070,BOSS_ColorfulBird,HolyBlast,70
CuteFox001,CuteFox,AirCanon,1
CuteFox007,CuteFox,MudShot,7
CuteFox015,CuteFox,PowerShot,15
CuteFox022,CuteFox,WindCutter,22
CuteFox030,CuteFox,SeedMachinegun,30
CuteFox040,CuteFox,PowerBall,40
CuteFox050,CuteFox,HyperBeam,50
CuteFox070,CuteFox,HolyBlast,70
BOSS_CuteFox001,BOSS_CuteFox,AirCanon,1
BOSS_CuteFox007,BOSS_CuteFox,MudShot,7
BOSS_CuteFox015,BOSS_CuteFox,PowerShot,15
BOSS_CuteFox022,BOSS_CuteFox,WindCutter,22
BOSS_CuteFox030,BOSS_CuteFox,SeedMachinegun,30
BOSS_CuteFox040,BOSS_CuteFox,PowerBall,40
BOSS_CuteFox050,BOSS_CuteFox,HyperBeam,50
BOSS_CuteFox070,BOSS_CuteFox,HolyBlast,70
Deer001,Deer,PowerShot,1
Deer007,Deer,Unique_Deer_PushupHorn,7
Deer015,Deer,StoneShotgun,15
Deer022,Deer,ThrowRock,22
Deer030,Deer,PowerBall,30
Deer040,Deer,RockLance,40
Deer050,Deer,HyperBeam,50
Deer070,Deer,HolyBlast,70
BOSS_Deer001,BOSS_Deer,PowerShot,1
BOSS_Deer007,BOSS_Deer,Unique_Deer_PushupHorn,7
BOSS_Deer015,BOSS_Deer,StoneShotgun,15
BOSS_Deer022,BOSS_Deer,ThrowRock,22
BOSS_Deer030,BOSS_Deer,PowerBall,30
BOSS_Deer040,BOSS_Deer,RockLance,40
BOSS_Deer050,BOSS_Deer,HyperBeam,50
BOSS_Deer070,BOSS_Deer,HolyBlast,70
Deer_Ground001,Deer_Ground,PowerShot,1
Deer_Ground007,Deer_Ground,Unique_Deer_PushupHorn,7
Deer_Ground015,Deer_Ground,StoneShotgun,15
Deer_Ground018,Deer_Ground,Unique_Deer_Ground_DirtyHorn,18
Deer_Ground022,Deer_Ground,ThrowRock,22
Deer_Ground030,Deer_Ground,PowerBall,30
Deer_Ground040,Deer_Ground,SandTornado,40
Deer_Ground050,Deer_Ground,RockLance,50
Deer_Ground070,Deer_Ground,RockBeat,70
BOSS_Deer_Ground001,BOSS_Deer_Ground,PowerShot,1
BOSS_Deer_Ground007,BOSS_Deer_Ground,Unique_Deer_PushupHorn,7
BOSS_Deer_Ground015,BOSS_Deer_Ground,StoneShotgun,15
BOSS_Deer_Ground018,BOSS_Deer_Ground,Unique_Deer_Ground_DirtyHorn,18
BOSS_Deer_Ground022,BOSS_Deer_Ground,ThrowRock,22
BOSS_Deer_Ground030,BOSS_Deer_Ground,PowerBall,30
BOSS_Deer_Ground040,BOSS_Deer_Ground,SandTornado,40
BOSS_Deer_Ground050,BOSS_Deer_Ground,RockLance,50
BOSS_Deer_Ground070,BOSS_Deer_Ground,RockBeat,70
DrillGame001,DrillGame,WaterGun,1
DrillGame007,DrillGame,StoneShotgun,7
DrillGame015,DrillGame,Unique_DrillGame_ShellAttack,15
DrillGame022,DrillGame,ThrowRock,22
DrillGame030,DrillGame,SandTornado,30
DrillGame040,DrillGame,WaterBall,40
DrillGame050,DrillGame,RockLance,50
DrillGame070,DrillGame,RockBeat,70
BOSS_DrillGame001,BOSS_DrillGame,WaterGun,1
BOSS_DrillGame007,BOSS_DrillGame,StoneShotgun,7
BOSS_DrillGame015,BOSS_DrillGame,Unique_DrillGame_ShellAttack,15
BOSS_DrillGame022,BOSS_DrillGame,ThrowRock,22
BOSS_DrillGame030,BOSS_DrillGame,SandTornado,30
BOSS_DrillGame040,BOSS_DrillGame,WaterBall,40
BOSS_DrillGame050,BOSS_DrillGame,RockLance,50
BOSS_DrillGame070,BOSS_DrillGame,RockBeat,70
PREDATOR_DrillGame001,PREDATOR_DrillGame,WaterGun,1
PREDATOR_DrillGame007,PREDATOR_DrillGame,StoneShotgun,7
PREDATOR_DrillGame010,PREDATOR_DrillGame,PredatorWave,10
PREDATOR_DrillGame015,PREDATOR_DrillGame,Unique_DrillGame_ShellAttack,15
PREDATOR_DrillGame020,PREDATOR_DrillGame,PredatorLockon,20
PREDATOR_DrillGame022,PREDATOR_DrillGame,ThrowRock,22
PREDATOR_DrillGame029,PREDATOR_DrillGame,SandTornado,29
PREDATOR_DrillGame030,PREDATOR_DrillGame,PredatorBeam,30
PREDATOR_DrillGame040,PREDATOR_DrillGame,WaterBall,40
PREDATOR_DrillGame050,PREDATOR_DrillGame,RockLance,50
PREDATOR_DrillGame070,PREDATOR_DrillGame,RockBeat,70
Eagle001,Eagle,Unique_Eagle_GlidingNail,1
Eagle007,Eagle,AirCanon,7
Eagle015,Eagle,MudShot,15
Eagle022,Eagle,WindCutter,22
Eagle030,Eagle,SandTornado,30
Eagle040,Eagle,GrassTornado,40
Eagle050,Eagle,HyperBeam,50
Eagle070,Eagle,HolyBlast,70
BOSS_Eagle001,BOSS_Eagle,Unique_Eagle_GlidingNail,1
BOSS_Eagle007,BOSS_Eagle,AirCanon,7
BOSS_Eagle015,BOSS_Eagle,MudShot,15
BOSS_Eagle022,BOSS_Eagle,WindCutter,22
BOSS_Eagle030,BOSS_Eagle,SandTornado,30
BOSS_Eagle040,BOSS_Eagle,GrassTornado,40
BOSS_Eagle050,BOSS_Eagle,HyperBeam,50
BOSS_Eagle070,BOSS_Eagle,HolyBlast,70
ElecPanda001,ElecPanda,SpreadPulse,1
ElecPanda007,ElecPanda,ElecWave,7
ElecPanda015,ElecPanda,Unique_ElecPanda_ElecScratch,15
ElecPanda022,ElecPanda,LineThunder,22
ElecPanda030,ElecPanda,ThreeThunder,30
ElecPanda040,ElecPanda,LightningStrike,40
ElecPanda050,ElecPanda,Thunderbolt,50
ElecPanda055,ElecPanda,Unique_ElecPanda_GatlingAttack,55
ElecPanda070,ElecPanda,ShokeiLaser,70
BOSS_ElecPanda001,BOSS_ElecPanda,SpreadPulse,1
BOSS_ElecPanda007,BOSS_ElecPanda,ElecWave,7
BOSS_ElecPanda015,BOSS_ElecPanda,Unique_ElecPanda_ElecScratch,15
BOSS_ElecPanda022,BOSS_ElecPanda,LineThunder,22
BOSS_ElecPanda030,BOSS_ElecPanda,ThreeThunder,30
BOSS_ElecPanda040,BOSS_ElecPanda,LightningStrike,40
BOSS_ElecPanda050,BOSS_ElecPanda,Thunderbolt,50
BOSS_ElecPanda055,BOSS_ElecPanda,Unique_ElecPanda_GatlingAttack,55
BOSS_ElecPanda070,BOSS_ElecPanda,ShokeiLaser,70
GYM_ElecPanda001,GYM_ElecPanda,Unique_ElecPanda_ElecScratch,1
GYM_ElecPanda002,GYM_ElecPanda,SpreadPulse,2
GYM_ElecPanda003,GYM_ElecPanda,ElecWave,3
GYM_ElecPanda004,GYM_ElecPanda,ThunderFunnel,4
GYM_ElecPanda005,GYM_ElecPanda,LockonLaser,5
GYM_ElecPanda_Otomo001,GYM_ElecPanda_Otomo,SpreadPulse,1
GYM_ElecPanda_Otomo003,GYM_ElecPanda_Otomo,ElecWave,3
GYM_ElecPanda_Otomo007,GYM_ElecPanda_Otomo,ThunderBall,7
GYM_ElecPanda_Otomo010,GYM_ElecPanda_Otomo,ThunderFunnel,10
GYM_ElecPanda_Otomo012,GYM_ElecPanda_Otomo,LockonLaser,12
GYM_ElecPanda_Otomo015,GYM_ElecPanda_Otomo,Unique_ElecPanda_ElecScratch,15
GYM_ElecPanda_Otomo022,GYM_ElecPanda_Otomo,LineThunder,22
GYM_ElecPanda_Otomo030,GYM_ElecPanda_Otomo,ThreeThunder,30
GYM_ElecPanda_Otomo040,GYM_ElecPanda_Otomo,LightningStrike,40
GYM_ElecPanda_Otomo050,GYM_ElecPanda_Otomo,Thunderbolt,50
GYM_ElecPanda_Otomo055,GYM_ElecPanda_Otomo,Unique_ElecPanda_GatlingAttack,55
GYM_ElecPanda_Otomo070,GYM_ElecPanda_Otomo,ShokeiLaser,70
Ganesha001,Ganesha,WaterGun,1
Ganesha007,Ganesha,AquaJet,7
Ganesha015,Ganesha,MudShot,15
Ganesha022,Ganesha,BubbleShot,22
Ganesha030,Ganesha,AcidRain,30
Ganesha040,Ganesha,WaterBall,40
Ganesha050,Ganesha,HydroPump,50
Ganesha070,Ganesha,SeaGush,70
BOSS_Ganesha001,BOSS_Ganesha,WaterGun,1
BOSS_Ganesha007,BOSS_Ganesha,AquaJet,7
BOSS_Ganesha015,BOSS_Ganesha,MudShot,15
BOSS_Ganesha022,BOSS_Ganesha,BubbleShot,22
BOSS_Ganesha030,BOSS_Ganesha,AcidRain,30
BOSS_Ganesha040,BOSS_Ganesha,WaterBall,40
BOSS_Ganesha050,BOSS_Ganesha,HydroPump,50
BOSS_Ganesha070,BOSS_Ganesha,SeaGush,70
Garm001,Garm,Unique_Garm_BiteV2,1
Garm002,Garm,Unique_Garm_Bite,2
Garm007,Garm,MudShot,7
Garm015,Garm,AirCanon,15
Garm022,Garm,PowerShot,22
Garm030,Garm,FireBlast,30
Garm040,Garm,PowerBall,40
Garm050,Garm,HyperBeam,50
Garm070,Garm,HolyBlast,70
BOSS_Garm001,BOSS_Garm,Unique_Garm_BiteV2,1
BOSS_Garm002,BOSS_Garm,Unique_Garm_Bite,2
BOSS_Garm007,BOSS_Garm,MudShot,7
BOSS_Garm015,BOSS_Garm,AirCanon,15
BOSS_Garm022,BOSS_Garm,PowerShot,22
BOSS_Garm030,BOSS_Garm,FireBlast,30
BOSS_Garm040,BOSS_Garm,PowerBall,40
BOSS_Garm050,BOSS_Garm,HyperBeam,50
BOSS_Garm070,BOSS_Garm,HolyBlast,70
PREDATOR_Garm001,PREDATOR_Garm,Unique_Garm_BiteV2,1
PREDATOR_Garm002,PREDATOR_Garm,Unique_Garm_Bite,2
PREDATOR_Garm010,PREDATOR_Garm,PredatorWave,10
PREDATOR_Garm020,PREDATOR_Garm,PredatorLockon,20
PREDATOR_Garm022,PREDATOR_Garm,PowerShot,22
PREDATOR_Garm029,PREDATOR_Garm,FireBlast,29
PREDATOR_Garm030,PREDATOR_Garm,PredatorBeam,30
PREDATOR_Garm040,PREDATOR_Garm,PowerBall,40
PREDATOR_Garm070,PREDATOR_Garm,HolyBlast,70
Gorilla001,Gorilla,MudShot,1
Gorilla007,Gorilla,PowerShot,7
Gorilla015,Gorilla,Unique_Gorilla_GroundPunch,15
Gorilla022,Gorilla,StoneShotgun,22
Gorilla030,Gorilla,SeedMachinegun,30
Gorilla040,Gorilla,PowerBall,40
Gorilla050,Gorilla,HyperBeam,50
Gorilla070,Gorilla,HolyBlast,70
BOSS_Gorilla001,BOSS_Gorilla,MudShot,1
BOSS_Gorilla007,BOSS_Gorilla,PowerShot,7
BOSS_Gorilla015,BOSS_Gorilla,Unique_Gorilla_GroundPunch,15
BOSS_Gorilla022,BOSS_Gorilla,StoneShotgun,22
BOSS_Gorilla030,BOSS_Gorilla,SeedMachinegun,30
BOSS_Gorilla040,BOSS_Gorilla,PowerBall,40
BOSS_Gorilla050,BOSS_Gorilla,HyperBeam,50
BOSS_Gorilla070,BOSS_Gorilla,HolyBlast,70
PREDATOR_Gorilla001,PREDATOR_Gorilla,MudShot,1
PREDATOR_Gorilla007,PREDATOR_Gorilla,PowerShot,7
PREDATOR_Gorilla010,PREDATOR_Gorilla,PredatorWave,10
PREDATOR_Gorilla015,PREDATOR_Gorilla,Unique_Gorilla_GroundPunch,15
PREDATOR_Gorilla020,PREDATOR_Gorilla,PredatorLockon,20
PREDATOR_Gorilla022,PREDATOR_Gorilla,StoneShotgun,22
PREDATOR_Gorilla029,PREDATOR_Gorilla,SeedMachinegun,29
PREDATOR_Gorilla030,PREDATOR_Gorilla,PredatorBeam,30
PREDATOR_Gorilla040,PREDATOR_Gorilla,PowerBall,40
PREDATOR_Gorilla070,PREDATOR_Gorilla,HolyBlast,70
Hedgehog001,Hedgehog,ElecWave,1
Hedgehog007,Hedgehog,PowerShot,7
Hedgehog015,Hedgehog,ThunderBall,15
Hedgehog022,Hedgehog,PowerBall,22
Hedgehog030,Hedgehog,ThreeThunder,30
Hedgehog040,Hedgehog,LineThunder,40
Hedgehog050,Hedgehog,Thunderbolt,50
Hedgehog070,Hedgehog,Railbolt,70
BOSS_Hedgehog001,BOSS_Hedgehog,ElecWave,1
BOSS_Hedgehog007,BOSS_Hedgehog,PowerShot,7
BOSS_Hedgehog015,BOSS_Hedgehog,ThunderBall,15
BOSS_Hedgehog022,BOSS_Hedgehog,PowerBall,22
BOSS_Hedgehog030,BOSS_Hedgehog,ThreeThunder,30
BOSS_Hedgehog040,BOSS_Hedgehog,LineThunder,40
BOSS_Hedgehog050,BOSS_Hedgehog,Thunderbolt,50
BOSS_Hedgehog070,BOSS_Hedgehog,Railbolt,70
Hedgehog_Ice001,Hedgehog_Ice,IceMissile,1
Hedgehog_Ice007,Hedgehog_Ice,PowerShot,7
Hedgehog_Ice015,Hedgehog_Ice,BlizzardLance,15
Hedgehog_Ice022,Hedgehog_Ice,PowerBall,22
Hedgehog_Ice030,Hedgehog_Ice,IceBlade,30
Hedgehog_Ice040,Hedgehog_Ice,FrostBreath,40
Hedgehog_Ice050,Hedgehog_Ice,IcicleThrow,50
Hedgehog_Ice070,Hedgehog_Ice,DiamondFall,70
BOSS_Hedgehog_Ice001,BOSS_Hedgehog_Ice,IceMissile,1
BOSS_Hedgehog_Ice007,BOSS_Hedgehog_Ice,PowerShot,7
BOSS_Hedgehog_Ice015,BOSS_Hedgehog_Ice,BlizzardLance,15
BOSS_Hedgehog_Ice022,BOSS_Hedgehog_Ice,PowerBall,22
BOSS_Hedgehog_Ice030,BOSS_Hedgehog_Ice,IceBlade,30
BOSS_Hedgehog_Ice040,BOSS_Hedgehog_Ice,FrostBreath,40
BOSS_Hedgehog_Ice050,BOSS_Hedgehog_Ice,IcicleThrow,50
BOSS_Hedgehog_Ice070,BOSS_Hedgehog_Ice,DiamondFall,70
Kirin001,Kirin,SpreadPulse,1
Kirin007,Kirin,ElecWave,7
Kirin011,Kirin,Unique_Kirin_LightningTackle,11
Kirin015,Kirin,LockonLaser,15
Kirin022,Kirin,LineThunder,22
Kirin030,Kirin,ThreeThunder,30
Kirin040,Kirin,LightningStrike,40
Kirin050,Kirin,Thunderbolt,50
Kirin070,Kirin,Railbolt,70
BOSS_Kirin001,BOSS_Kirin,SpreadPulse,1
BOSS_Kirin007,BOSS_Kirin,ElecWave,7
BOSS_Kirin011,BOSS_Kirin,Unique_Kirin_LightningTackle,11
BOSS_Kirin015,BOSS_Kirin,LockonLaser,15
BOSS_Kirin022,BOSS_Kirin,LineThunder,22
BOSS_Kirin030,BOSS_Kirin,ThreeThunder,30
BOSS_Kirin040,BOSS_Kirin,LightningStrike,40
BOSS_Kirin050,BOSS_Kirin,Thunderbolt,50
BOSS_Kirin070,BOSS_Kirin,Railbolt,70
Kirin_Ice001,Kirin_Ice,IceMissile,1
Kirin_Ice007,Kirin_Ice,IceBlade,7
Kirin_Ice015,Kirin_Ice,BlizzardLance,15
Kirin_Ice022,Kirin_Ice,IceWall,22
Kirin_Ice030,Kirin_Ice,IcicleThrow,30
Kirin_Ice040,Kirin_Ice,DiamondFall,40
Kirin_Ice050,Kirin_Ice,IceAge,50
Kirin_Ice070,Kirin_Ice,Unique_Kirin_Ice_IceTackle,70
BOSS_Kirin_Ice001,BOSS_Kirin_Ice,IceMissile,1
BOSS_Kirin_Ice007,BOSS_Kirin_Ice,IceBlade,7
BOSS_Kirin_Ice015,BOSS_Kirin_Ice,BlizzardLance,15
BOSS_Kirin_Ice022,BOSS_Kirin_Ice,IceWall,22
BOSS_Kirin_Ice030,BOSS_Kirin_Ice,IcicleThrow,30
BOSS_Kirin_Ice040,BOSS_Kirin_Ice,DiamondFall,40
BOSS_Kirin_Ice050,BOSS_Kirin_Ice,IceAge,50
BOSS_Kirin_Ice070,BOSS_Kirin_Ice,Unique_Kirin_Ice_IceTackle,70
Kitsunebi001,Kitsunebi,FireBlast,1
Kitsunebi007,Kitsunebi,MudShot,7
Kitsunebi015,Kitsunebi,FireSeed,15
Kitsunebi022,Kitsunebi,FlareArrow,22
Kitsunebi030,Kitsunebi,Flamethrower,30
Kitsunebi040,Kitsunebi,GhostFlame,40
Kitsunebi050,Kitsunebi,FireBall,50
Kitsunebi070,Kitsunebi,DragonMeteor,70
BOSS_Kitsunebi001,BOSS_Kitsunebi,FireBlast,1
BOSS_Kitsunebi007,BOSS_Kitsunebi,MudShot,7
BOSS_Kitsunebi015,BOSS_Kitsunebi,FireSeed,15
BOSS_Kitsunebi022,BOSS_Kitsunebi,FlareArrow,22
BOSS_Kitsunebi030,BOSS_Kitsunebi,Flamethrower,30
BOSS_Kitsunebi040,BOSS_Kitsunebi,GhostFlame,40
BOSS_Kitsunebi050,BOSS_Kitsunebi,FireBall,50
BOSS_Kitsunebi070,BOSS_Kitsunebi,DragonMeteor,70
Kitsunebi_Ice001,Kitsunebi_Ice,IceMissile,1
Kitsunebi_Ice007,Kitsunebi_Ice,AquaJet,7
Kitsunebi_Ice015,Kitsunebi_Ice,IceBlade,15
Kitsunebi_Ice022,Kitsunebi_Ice,BlizzardLance,22
Kitsunebi_Ice030,Kitsunebi_Ice,FrostBreath,30
Kitsunebi_Ice040,Kitsunebi_Ice,IciclePierce,40
Kitsunebi_Ice050,Kitsunebi_Ice,IcicleThrow,50
Kitsunebi_Ice070,Kitsunebi_Ice,DiamondFall,70
BOSS_Kitsunebi_Ice001,BOSS_Kitsunebi_Ice,IceMissile,1
BOSS_Kitsunebi_Ice007,BOSS_Kitsunebi_Ice,AquaJet,7
BOSS_Kitsunebi_Ice015,BOSS_Kitsunebi_Ice,IceBlade,15
BOSS_Kitsunebi_Ice022,BOSS_Kitsunebi_Ice,BlizzardLance,22
BOSS_Kitsunebi_Ice030,BOSS_Kitsunebi_Ice,FrostBreath,30
BOSS_Kitsunebi_Ice040,BOSS_Kitsunebi_Ice,IciclePierce,40
BOSS_Kitsunebi_Ice050,BOSS_Kitsunebi_Ice,IcicleThrow,50
BOSS_Kitsunebi_Ice070,BOSS_Kitsunebi_Ice,DiamondFall,70
LittleBriarRose001,LittleBriarRose,WindCutter,1
LittleBriarRose007,LittleBriarRose,SeedMachinegun,7
LittleBriarRose015,LittleBriarRose,IceMissile,15
LittleBriarRose022,LittleBriarRose,GrassTornado,22
LittleBriarRose030,LittleBriarRose,BlizzardLance,30
LittleBriarRose040,LittleBriarRose,RootAttack,40
LittleBriarRose050,LittleBriarRose,SolarBeam,50
LittleBriarRose070,LittleBriarRose,WindBurst,70
BOSS_LittleBriarRose001,BOSS_LittleBriarRose,WindCutter,1
BOSS_LittleBriarRose007,BOSS_LittleBriarRose,SeedMachinegun,7
BOSS_LittleBriarRose015,BOSS_LittleBriarRose,IceMissile,15
BOSS_LittleBriarRose022,BOSS_LittleBriarRose,GrassTornado,22
BOSS_LittleBriarRose030,BOSS_LittleBriarRose,BlizzardLance,30
BOSS_LittleBriarRose040,BOSS_LittleBriarRose,RootAttack,40
BOSS_LittleBriarRose050,BOSS_LittleBriarRose,SolarBeam,50
BOSS_LittleBriarRose070,BOSS_LittleBriarRose,WindBurst,70
Mutant001,Mutant,AirCanon,1
Mutant007,Mutant,PowerShot,7
Mutant015,Mutant,IceBlade,15
Mutant022,Mutant,ThunderFunnel,22
Mutant030,Mutant,PowerBall,30
Mutant040,Mutant,IcicleThrow,40
Mutant050,Mutant,HyperBeam,50
Mutant070,Mutant,HolyBlast,70
BOSS_Mutant001,BOSS_Mutant,AirCanon,1
BOSS_Mutant007,BOSS_Mutant,PowerShot,7
BOSS_Mutant015,BOSS_Mutant,IceBlade,15
BOSS_Mutant022,BOSS_Mutant,ThunderFunnel,22
BOSS_Mutant030,BOSS_Mutant,PowerBall,30
BOSS_Mutant040,BOSS_Mutant,IcicleThrow,40
BOSS_Mutant050,BOSS_Mutant,HyperBeam,50
BOSS_Mutant070,BOSS_Mutant,HolyBlast,70
Penguin001,Penguin,IceMissile,1
Penguin007,Penguin,AquaJet,7
Penguin015,Penguin,WaterGun,15
Penguin022,Penguin,IceBlade,22
Penguin030,Penguin,BlizzardLance,30
Penguin040,Penguin,IcicleThrow,40
Penguin050,Penguin,HydroPump,50
Penguin070,Penguin,SeaGush,70
BOSS_Penguin001,BOSS_Penguin,IceMissile,1
BOSS_Penguin007,BOSS_Penguin,AquaJet,7
BOSS_Penguin015,BOSS_Penguin,WaterGun,15
BOSS_Penguin022,BOSS_Penguin,IceBlade,22
BOSS_Penguin030,BOSS_Penguin,BlizzardLance,30
BOSS_Penguin040,BOSS_Penguin,IcicleThrow,40
BOSS_Penguin050,BOSS_Penguin,HydroPump,50
BOSS_Penguin070,BOSS_Penguin,SeaGush,70
Penguin_Electric001,Penguin_Electric,ThunderSpear,1
Penguin_Electric007,Penguin_Electric,ThunderBall,7
Penguin_Electric015,Penguin_Electric,BubbleShot,15
Penguin_Electric022,Penguin_Electric,LineGeyser,22
Penguin_Electric030,Penguin_Electric,WaterBall,30
Penguin_Electric040,Penguin_Electric,TriSpark,40
Penguin_Electric050,Penguin_Electric,LightningStrike,50
Penguin_Electric070,Penguin_Electric,ThunderStorm,70
BOSS_Penguin_Electric001,BOSS_Penguin_Electric,ThunderSpear,1
BOSS_Penguin_Electric007,BOSS_Penguin_Electric,ThunderBall,7
BOSS_Penguin_Electric015,BOSS_Penguin_Electric,BubbleShot,15
BOSS_Penguin_Electric022,BOSS_Penguin_Electric,LineGeyser,22
BOSS_Penguin_Electric030,BOSS_Penguin_Electric,WaterBall,30
BOSS_Penguin_Electric040,BOSS_Penguin_Electric,TriSpark,40
BOSS_Penguin_Electric050,BOSS_Penguin_Electric,LightningStrike,50
BOSS_Penguin_Electric070,BOSS_Penguin_Electric,ThunderStorm,70
CaptainPenguin001,CaptainPenguin,WaterGun,1
CaptainPenguin007,CaptainPenguin,BlizzardLance,7
CaptainPenguin015,CaptainPenguin,Unique_CaptainPenguin_BodySlide,15
CaptainPenguin022,CaptainPenguin,FrostBreath,22
CaptainPenguin030,CaptainPenguin,WaterBall,30
CaptainPenguin040,CaptainPenguin,IcicleThrow,40
CaptainPenguin050,CaptainPenguin,HydroPump,50
CaptainPenguin070,CaptainPenguin,SeaGush,70
BOSS_CaptainPenguin001,BOSS_CaptainPenguin,WaterGun,1
BOSS_CaptainPenguin007,BOSS_CaptainPenguin,BlizzardLance,7
BOSS_CaptainPenguin015,BOSS_CaptainPenguin,Unique_CaptainPenguin_BodySlide,15
BOSS_CaptainPenguin022,BOSS_CaptainPenguin,FrostBreath,22
BOSS_CaptainPenguin030,BOSS_CaptainPenguin,WaterBall,30
BOSS_CaptainPenguin040,BOSS_CaptainPenguin,IcicleThrow,40
BOSS_CaptainPenguin050,BOSS_CaptainPenguin,HydroPump,50
BOSS_CaptainPenguin070,BOSS_CaptainPenguin,SeaGush,70
CaptainPenguin_Black001,CaptainPenguin_Black,ThunderSpear,1
CaptainPenguin_Black007,CaptainPenguin_Black,ThunderFunnel,7
CaptainPenguin_Black015,CaptainPenguin_Black,BubbleShot,15
CaptainPenguin_Black022,CaptainPenguin_Black,TriSpark,22
CaptainPenguin_Black030,CaptainPenguin_Black,Unique_CaptainPenguin_Black_BodySlide_Electric,30
CaptainPenguin_Black040,CaptainPenguin_Black,RipTide,40
CaptainPenguin_Black050,CaptainPenguin_Black,ThunderStorm,50
CaptainPenguin_Black070,CaptainPenguin_Black,SeaGush,70
BOSS_CaptainPenguin_Black001,BOSS_CaptainPenguin_Black,ThunderSpear,1
BOSS_CaptainPenguin_Black007,BOSS_CaptainPenguin_Black,ThunderFunnel,7
BOSS_CaptainPenguin_Black015,BOSS_CaptainPenguin_Black,BubbleShot,15
BOSS_CaptainPenguin_Black022,BOSS_CaptainPenguin_Black,TriSpark,22
BOSS_CaptainPenguin_Black030,BOSS_CaptainPenguin_Black,Unique_CaptainPenguin_Black_BodySlide_Electric,30
BOSS_CaptainPenguin_Black040,BOSS_CaptainPenguin_Black,RipTide,40
BOSS_CaptainPenguin_Black050,BOSS_CaptainPenguin_Black,ThunderStorm,50
BOSS_CaptainPenguin_Black070,BOSS_CaptainPenguin_Black,SeaGush,70
PinkCat001,PinkCat,Unique_PinkCat_CatPunch,1
PinkCat007,PinkCat,AirCanon,7
PinkCat015,PinkCat,MudShot,15
PinkCat022,PinkCat,PowerShot,22
PinkCat030,PinkCat,WindCutter,30
PinkCat040,PinkCat,SeedMachinegun,40
PinkCat050,PinkCat,HyperBeam,50
PinkCat070,PinkCat,HolyBlast,70
BOSS_PinkCat001,BOSS_PinkCat,Unique_PinkCat_CatPunch,1
BOSS_PinkCat007,BOSS_PinkCat,AirCanon,7
BOSS_PinkCat015,BOSS_PinkCat,MudShot,15
BOSS_PinkCat022,BOSS_PinkCat,PowerShot,22
BOSS_PinkCat030,BOSS_PinkCat,WindCutter,30
BOSS_PinkCat040,BOSS_PinkCat,SeedMachinegun,40
BOSS_PinkCat050,BOSS_PinkCat,HyperBeam,50
BOSS_PinkCat070,BOSS_PinkCat,HolyBlast,70
PlantSlime001,PlantSlime,MudShot,1
PlantSlime007,PlantSlime,WindCutter,7
PlantSlime015,PlantSlime,StoneShotgun,15
PlantSlime022,PlantSlime,SeedMachinegun,22
PlantSlime030,PlantSlime,SeedMine,30
PlantSlime040,PlantSlime,SandTornado,40
PlantSlime050,PlantSlime,SolarBeam,50
PlantSlime070,PlantSlime,WindBurst,70
BOSS_PlantSlime001,BOSS_PlantSlime,MudShot,1
BOSS_PlantSlime007,BOSS_PlantSlime,WindCutter,7
BOSS_PlantSlime015,BOSS_PlantSlime,StoneShotgun,15
BOSS_PlantSlime022,BOSS_PlantSlime,SeedMachinegun,22
BOSS_PlantSlime030,BOSS_PlantSlime,SeedMine,30
BOSS_PlantSlime040,BOSS_PlantSlime,SandTornado,40
BOSS_PlantSlime050,BOSS_PlantSlime,SolarBeam,50
BOSS_PlantSlime070,BOSS_PlantSlime,WindBurst,70
PlantSlime_Flower001,PlantSlime_Flower,MudShot,1
PlantSlime_Flower007,PlantSlime_Flower,WindCutter,7
PlantSlime_Flower015,PlantSlime_Flower,StoneShotgun,15
PlantSlime_Flower022,PlantSlime_Flower,SeedMachinegun,22
PlantSlime_Flower030,PlantSlime_Flower,SeedMine,30
PlantSlime_Flower040,PlantSlime_Flower,SandTornado,40
PlantSlime_Flower050,PlantSlime_Flower,SolarBeam,50
PlantSlime_Flower070,PlantSlime_Flower,WindBurst,70
BOSS_PlantSlime_Flower001,BOSS_PlantSlime_Flower,MudShot,1
BOSS_PlantSlime_Flower007,BOSS_PlantSlime_Flower,WindCutter,7
BOSS_PlantSlime_Flower015,BOSS_PlantSlime_Flower,StoneShotgun,15
BOSS_PlantSlime_Flower022,BOSS_PlantSlime_Flower,SeedMachinegun,22
BOSS_PlantSlime_Flower030,BOSS_PlantSlime_Flower,SeedMine,30
BOSS_PlantSlime_Flower040,BOSS_PlantSlime_Flower,SandTornado,40
BOSS_PlantSlime_Flower050,BOSS_PlantSlime_Flower,SolarBeam,50
BOSS_PlantSlime_Flower070,BOSS_PlantSlime_Flower,WindBurst,70
RaijinDaughter001,RaijinDaughter,AirCanon,1
RaijinDaughter007,RaijinDaughter,ElecWave,7
RaijinDaughter015,RaijinDaughter,AcidRain,15
RaijinDaughter022,RaijinDaughter,LineThunder,22
RaijinDaughter030,RaijinDaughter,ThreeThunder,30
RaijinDaughter040,RaijinDaughter,LightningStrike,40
RaijinDaughter050,RaijinDaughter,Thunderbolt,50
RaijinDaughter070,RaijinDaughter,ThunderStorm,70
BOSS_RaijinDaughter001,BOSS_RaijinDaughter,AirCanon,1
BOSS_RaijinDaughter007,BOSS_RaijinDaughter,ElecWave,7
BOSS_RaijinDaughter015,BOSS_RaijinDaughter,AcidRain,15
BOSS_RaijinDaughter022,BOSS_RaijinDaughter,LineThunder,22
BOSS_RaijinDaughter030,BOSS_RaijinDaughter,ThreeThunder,30
BOSS_RaijinDaughter040,BOSS_RaijinDaughter,LightningStrike,40
BOSS_RaijinDaughter050,BOSS_RaijinDaughter,Thunderbolt,50
BOSS_RaijinDaughter070,BOSS_RaijinDaughter,ThunderStorm,70
RaijinDaughter_Water001,RaijinDaughter_Water,AirCanon,1
RaijinDaughter_Water007,RaijinDaughter_Water,DarkWave,7
RaijinDaughter_Water015,RaijinDaughter_Water,DarkArrow,15
RaijinDaughter_Water022,RaijinDaughter_Water,AcidRain,22
RaijinDaughter_Water030,RaijinDaughter_Water,ThreeThunder,30
RaijinDaughter_Water040,RaijinDaughter_Water,Apocalypse,40
RaijinDaughter_Water050,RaijinDaughter_Water,ThunderRain,50
RaijinDaughter_Water070,RaijinDaughter_Water,DarkLegion,70
BOSS_RaijinDaughter_Water001,BOSS_RaijinDaughter_Water,AirCanon,1
BOSS_RaijinDaughter_Water007,BOSS_RaijinDaughter_Water,DarkWave,7
BOSS_RaijinDaughter_Water015,BOSS_RaijinDaughter_Water,DarkArrow,15
BOSS_RaijinDaughter_Water022,BOSS_RaijinDaughter_Water,AcidRain,22
BOSS_RaijinDaughter_Water030,BOSS_RaijinDaughter_Water,ThreeThunder,30
BOSS_RaijinDaughter_Water040,BOSS_RaijinDaughter_Water,Apocalypse,40
BOSS_RaijinDaughter_Water050,BOSS_RaijinDaughter_Water,ThunderRain,50
BOSS_RaijinDaughter_Water070,BOSS_RaijinDaughter_Water,DarkLegion,70
SharkKid001,SharkKid,AquaJet,1
SharkKid007,SharkKid,PowerShot,7
SharkKid015,SharkKid,WaterGun,15
SharkKid022,SharkKid,BubbleShot,22
SharkKid030,SharkKid,IceBlade,30
SharkKid040,SharkKid,WaterBall,40
SharkKid050,SharkKid,HydroPump,50
SharkKid070,SharkKid,SeaGush,70
BOSS_SharkKid001,BOSS_SharkKid,AquaJet,1
BOSS_SharkKid007,BOSS_SharkKid,PowerShot,7
BOSS_SharkKid015,BOSS_SharkKid,WaterGun,15
BOSS_SharkKid022,BOSS_SharkKid,BubbleShot,22
BOSS_SharkKid030,BOSS_SharkKid,IceBlade,30
BOSS_SharkKid040,BOSS_SharkKid,WaterBall,40
BOSS_SharkKid050,BOSS_SharkKid,HydroPump,50
BOSS_SharkKid070,BOSS_SharkKid,SeaGush,70
SharkKid_Fire001,SharkKid_Fire,FireBlast,1
SharkKid_Fire007,SharkKid_Fire,PowerShot,7
SharkKid_Fire015,SharkKid_Fire,FireSeed,15
SharkKid_Fire022,SharkKid_Fire,FlareArrow,22
SharkKid_Fire030,SharkKid_Fire,LineThunder,30
SharkKid_Fire040,SharkKid_Fire,FireBall,40
SharkKid_Fire050,SharkKid_Fire,Inferno,50
SharkKid_Fire070,SharkKid_Fire,ThunderStorm,70
BOSS_SharkKid_Fire001,BOSS_SharkKid_Fire,FireBlast,1
BOSS_SharkKid_Fire007,BOSS_SharkKid_Fire,PowerShot,7
BOSS_SharkKid_Fire015,BOSS_SharkKid_Fire,FireSeed,15
BOSS_SharkKid_Fire022,BOSS_SharkKid_Fire,FlareArrow,22
BOSS_SharkKid_Fire030,BOSS_SharkKid_Fire,LineThunder,30
BOSS_SharkKid_Fire040,BOSS_SharkKid_Fire,FireBall,40
BOSS_SharkKid_Fire050,BOSS_SharkKid_Fire,Inferno,50
BOSS_SharkKid_Fire070,BOSS_SharkKid_Fire,ThunderStorm,70
SheepBall001,SheepBall,Unique_SheepBall_Roll,1
SheepBall007,SheepBall,AirCanon,7
SheepBall015,SheepBall,PowerShot,15
SheepBall022,SheepBall,SelfDestruct,22
SheepBall030,SheepBall,ThunderBall,30
SheepBall040,SheepBall,PowerBall,40
SheepBall050,SheepBall,HyperBeam,50
SheepBall070,SheepBall,HolyBlast,70
BOSS_SheepBall001,BOSS_SheepBall,Unique_SheepBall_Roll,1
BOSS_SheepBall007,BOSS_SheepBall,AirCanon,7
BOSS_SheepBall015,BOSS_SheepBall,PowerShot,15
BOSS_SheepBall022,BOSS_SheepBall,SelfDestruct,22
BOSS_SheepBall030,BOSS_SheepBall,ThunderBall,30
BOSS_SheepBall040,BOSS_SheepBall,PowerBall,40
BOSS_SheepBall050,BOSS_SheepBall,HyperBeam,50
BOSS_SheepBall070,BOSS_SheepBall,HolyBlast,70
Umihebi001,Umihebi,WaterGun,1
Umihebi007,Umihebi,DragonCanon,7
Umihebi015,Umihebi,DragonBreath,15
Umihebi022,Umihebi,WaterBall,22
Umihebi030,Umihebi,ThreeThunder,30
Umihebi035,Umihebi,Unique_Umihebi_WindingTackle,35
Umihebi040,Umihebi,HydroPump,40
Umihebi050,Umihebi,DragonMeteor,50
Umihebi070,Umihebi,SeaGush,70
BOSS_Umihebi001,BOSS_Umihebi,WaterGun,1
BOSS_Umihebi007,BOSS_Umihebi,DragonCanon,7
BOSS_Umihebi015,BOSS_Umihebi,DragonBreath,15
BOSS_Umihebi022,BOSS_Umihebi,WaterBall,22
BOSS_Umihebi030,BOSS_Umihebi,ThreeThunder,30
BOSS_Umihebi035,BOSS_Umihebi,Unique_Umihebi_WindingTackle,35
BOSS_Umihebi040,BOSS_Umihebi,HydroPump,40
BOSS_Umihebi050,BOSS_Umihebi,DragonMeteor,50
BOSS_Umihebi070,BOSS_Umihebi,SeaGush,70
Umihebi_Fire001,Umihebi_Fire,FireBlast,1
Umihebi_Fire007,Umihebi_Fire,DragonCanon,7
Umihebi_Fire015,Umihebi_Fire,FlareTornado,15
Umihebi_Fire022,Umihebi_Fire,Flamethrower,22
Umihebi_Fire030,Umihebi_Fire,ThreeThunder,30
Umihebi_Fire035,Umihebi_Fire,Unique_Umihebi_Fire_FireWindingTackle,35
Umihebi_Fire040,Umihebi_Fire,FireBall,40
Umihebi_Fire050,Umihebi_Fire,DragonMeteor,50
Umihebi_Fire070,Umihebi_Fire,ThunderStorm,70
BOSS_Umihebi_Fire001,BOSS_Umihebi_Fire,FireBlast,1
BOSS_Umihebi_Fire007,BOSS_Umihebi_Fire,DragonCanon,7
BOSS_Umihebi_Fire015,BOSS_Umihebi_Fire,FlareTornado,15
BOSS_Umihebi_Fire022,BOSS_Umihebi_Fire,Flamethrower,22
BOSS_Umihebi_Fire030,BOSS_Umihebi_Fire,ThreeThunder,30
BOSS_Umihebi_Fire035,BOSS_Umihebi_Fire,Unique_Umihebi_Fire_FireWindingTackle,35
BOSS_Umihebi_Fire040,BOSS_Umihebi_Fire,FireBall,40
BOSS_Umihebi_Fire050,BOSS_Umihebi_Fire,DragonMeteor,50
BOSS_Umihebi_Fire070,BOSS_Umihebi_Fire,ThunderStorm,70
PREDATOR_Umihebi_Fire001,PREDATOR_Umihebi_Fire,FireBlast,1
PREDATOR_Umihebi_Fire007,PREDATOR_Umihebi_Fire,DragonCanon,7
PREDATOR_Umihebi_Fire010,PREDATOR_Umihebi_Fire,PredatorWave,10
PREDATOR_Umihebi_Fire015,PREDATOR_Umihebi_Fire,FlareTornado,15
PREDATOR_Umihebi_Fire020,PREDATOR_Umihebi_Fire,PredatorLockon,20
PREDATOR_Umihebi_Fire022,PREDATOR_Umihebi_Fire,Flamethrower,22
PREDATOR_Umihebi_Fire029,PREDATOR_Umihebi_Fire,ThreeThunder,29
PREDATOR_Umihebi_Fire030,PREDATOR_Umihebi_Fire,PredatorBeam,30
PREDATOR_Umihebi_Fire035,PREDATOR_Umihebi_Fire,Unique_Umihebi_Fire_FireWindingTackle,35
PREDATOR_Umihebi_Fire040,PREDATOR_Umihebi_Fire,FireBall,40
PREDATOR_Umihebi_Fire050,PREDATOR_Umihebi_Fire,DragonMeteor,50
PREDATOR_Umihebi_Fire070,PREDATOR_Umihebi_Fire,ThunderStorm,70
Werewolf001,Werewolf,DarkBall,1
Werewolf007,Werewolf,Unique_Werewolf_Scratch,7
Werewolf015,Werewolf,DarkWave,15
Werewolf022,Werewolf,IceBlade,22
Werewolf030,Werewolf,GhostFlame,30
Werewolf040,Werewolf,ShadowBall,40
Werewolf050,Werewolf,DarkLaser,50
Werewolf070,Werewolf,DarkLegion,70
BOSS_Werewolf001,BOSS_Werewolf,DarkBall,1
BOSS_Werewolf007,BOSS_Werewolf,Unique_Werewolf_Scratch,7
BOSS_Werewolf015,BOSS_Werewolf,DarkWave,15
BOSS_Werewolf022,BOSS_Werewolf,IceBlade,22
BOSS_Werewolf030,BOSS_Werewolf,GhostFlame,30
BOSS_Werewolf040,BOSS_Werewolf,ShadowBall,40
BOSS_Werewolf050,BOSS_Werewolf,DarkLaser,50
BOSS_Werewolf070,BOSS_Werewolf,DarkLegion,70
Werewolf_Ice001,WereWolf_Ice,IceMissile,1
Werewolf_Ice007,WereWolf_Ice,IceBlade,7
Werewolf_Ice015,WereWolf_Ice,Unique_Werewolf_Ice_SnowScratch,15
Werewolf_Ice022,WereWolf_Ice,IceWall,22
Werewolf_Ice030,WereWolf_Ice,IciclePierce,30
Werewolf_Ice040,WereWolf_Ice,IcicleLine,40
Werewolf_Ice050,WereWolf_Ice,IcicleThrow,50
Werewolf_Ice070,WereWolf_Ice,DiamondFall,70
BOSS_Werewolf_Ice001,BOSS_Werewolf_Ice,IceMissile,1
BOSS_Werewolf_Ice007,BOSS_Werewolf_Ice,IceBlade,7
BOSS_Werewolf_Ice015,BOSS_Werewolf_Ice,Unique_Werewolf_Ice_SnowScratch,15
BOSS_Werewolf_Ice022,BOSS_Werewolf_Ice,IceWall,22
BOSS_Werewolf_Ice030,BOSS_Werewolf_Ice,IciclePierce,30
BOSS_Werewolf_Ice040,BOSS_Werewolf_Ice,IcicleLine,40
BOSS_Werewolf_Ice050,BOSS_Werewolf_Ice,IcicleThrow,50
BOSS_Werewolf_Ice070,BOSS_Werewolf_Ice,DiamondFall,70
PREDATOR_Werewolf_Ice001,PREDATOR_Werewolf_Ice,IceMissile,1
PREDATOR_Werewolf_Ice007,PREDATOR_Werewolf_Ice,IceBlade,7
PREDATOR_Werewolf_Ice010,PREDATOR_Werewolf_Ice,PredatorWave,10
PREDATOR_Werewolf_Ice015,PREDATOR_Werewolf_Ice,Unique_Werewolf_Ice_SnowScratch,15
PREDATOR_Werewolf_Ice020,PREDATOR_Werewolf_Ice,PredatorLockon,20
PREDATOR_Werewolf_Ice022,PREDATOR_Werewolf_Ice,IceWall,22
PREDATOR_Werewolf_Ice029,PREDATOR_Werewolf_Ice,IciclePierce,29
PREDATOR_Werewolf_Ice030,PREDATOR_Werewolf_Ice,PredatorBeam,30
PREDATOR_Werewolf_Ice040,PREDATOR_Werewolf_Ice,IcicleLine,40
PREDATOR_Werewolf_Ice050,PREDATOR_Werewolf_Ice,IcicleThrow,50
PREDATOR_Werewolf_Ice070,PREDATOR_Werewolf_Ice,DiamondFall,70
WindChimes001,WindChimes,MudShot,1
WindChimes007,WindChimes,AirCanon,7
WindChimes015,WindChimes,WindCutter,15
WindChimes022,WindChimes,PowerShot,22
WindChimes030,WindChimes,PowerBall,30
WindChimes040,WindChimes,SandTornado,40
WindChimes050,WindChimes,RockLance,50
WindChimes070,WindChimes,RockBeat,70
BOSS_WindChimes001,BOSS_WindChimes,MudShot,1
BOSS_WindChimes007,BOSS_WindChimes,AirCanon,7
BOSS_WindChimes015,BOSS_WindChimes,WindCutter,15
BOSS_WindChimes022,BOSS_WindChimes,PowerShot,22
BOSS_WindChimes030,BOSS_WindChimes,PowerBall,30
BOSS_WindChimes040,BOSS_WindChimes,SandTornado,40
BOSS_WindChimes050,BOSS_WindChimes,RockLance,50
BOSS_WindChimes070,BOSS_WindChimes,RockBeat,70
WindChimes_Ice001,WindChimes_Ice,AirCanon,1
WindChimes_Ice007,WindChimes_Ice,IceMissile,7
WindChimes_Ice015,WindChimes_Ice,PowerShot,15
WindChimes_Ice022,WindChimes_Ice,IceBlade,22
WindChimes_Ice030,WindChimes_Ice,BlizzardLance,30
WindChimes_Ice040,WindChimes_Ice,FrostBreath,40
WindChimes_Ice050,WindChimes_Ice,IcicleThrow,50
WindChimes_Ice070,WindChimes_Ice,DiamondFall,70
BOSS_WindChimes_Ice001,BOSS_WindChimes_Ice,AirCanon,1
BOSS_WindChimes_Ice007,BOSS_WindChimes_Ice,IceMissile,7
BOSS_WindChimes_Ice015,BOSS_WindChimes_Ice,PowerShot,15
BOSS_WindChimes_Ice022,BOSS_WindChimes_Ice,IceBlade,22
BOSS_WindChimes_Ice030,BOSS_WindChimes_Ice,BlizzardLance,30
BOSS_WindChimes_Ice040,BOSS_WindChimes_Ice,FrostBreath,40
BOSS_WindChimes_Ice050,BOSS_WindChimes_Ice,IcicleThrow,50
BOSS_WindChimes_Ice070,BOSS_WindChimes_Ice,DiamondFall,70
Suzaku001,Suzaku,AirCanon,1
Suzaku007,Suzaku,FireBlast,7
Suzaku015,Suzaku,FireSeed,15
Suzaku022,Suzaku,FlareArrow,22
Suzaku030,Suzaku,Flamethrower,30
Suzaku040,Suzaku,FlareTornado,40
Suzaku050,Suzaku,FireBall,50
Suzaku070,Suzaku,HolyBlast,70
BOSS_Suzaku001,BOSS_Suzaku,AirCanon,1
BOSS_Suzaku007,BOSS_Suzaku,FireBlast,7
BOSS_Suzaku015,BOSS_Suzaku,FireSeed,15
BOSS_Suzaku022,BOSS_Suzaku,FlareArrow,22
BOSS_Suzaku030,BOSS_Suzaku,Flamethrower,30
BOSS_Suzaku040,BOSS_Suzaku,FlareTornado,40
BOSS_Suzaku050,BOSS_Suzaku,FireBall,50
BOSS_Suzaku070,BOSS_Suzaku,HolyBlast,70
PREDATOR_Suzaku001,PREDATOR_Suzaku,AirCanon,1
PREDATOR_Suzaku010,PREDATOR_Suzaku,PredatorWave,10
PREDATOR_Suzaku015,PREDATOR_Suzaku,FireSeed,15
PREDATOR_Suzaku020,PREDATOR_Suzaku,PredatorLockon,20
PREDATOR_Suzaku022,PREDATOR_Suzaku,FlareArrow,22
PREDATOR_Suzaku029,PREDATOR_Suzaku,Flamethrower,29
PREDATOR_Suzaku030,PREDATOR_Suzaku,PredatorBeam,30
PREDATOR_Suzaku040,PREDATOR_Suzaku,FlareTornado,40
PREDATOR_Suzaku050,PREDATOR_Suzaku,FireBall,50
PREDATOR_Suzaku070,PREDATOR_Suzaku,HolyBlast,70
Suzaku_Water001,Suzaku_Water,AquaJet,1
Suzaku_Water007,Suzaku_Water,IceMissile,7
Suzaku_Water015,Suzaku_Water,WaterGun,15
Suzaku_Water022,Suzaku_Water,FrostBreath,22
Suzaku_Water030,Suzaku_Water,WaterBall,30
Suzaku_Water040,Suzaku_Water,IcicleThrow,40
Suzaku_Water050,Suzaku_Water,HydroPump,50
Suzaku_Water070,Suzaku_Water,SeaGush,70
BOSS_Suzaku_Water001,BOSS_Suzaku_Water,AquaJet,1
BOSS_Suzaku_Water007,BOSS_Suzaku_Water,IceMissile,7
BOSS_Suzaku_Water015,BOSS_Suzaku_Water,WaterGun,15
BOSS_Suzaku_Water022,BOSS_Suzaku_Water,FrostBreath,22
BOSS_Suzaku_Water030,BOSS_Suzaku_Water,WaterBall,30
BOSS_Suzaku_Water040,BOSS_Suzaku_Water,IcicleThrow,40
BOSS_Suzaku_Water050,BOSS_Suzaku_Water,HydroPump,50
BOSS_Suzaku_Water070,BOSS_Suzaku_Water,SeaGush,70
FireKirin001,FireKirin,MudShot,1
FireKirin007,FireKirin,FireBlast,7
FireKirin015,FireKirin,FireSeed,15
FireKirin022,FireKirin,FlareArrow,22
FireKirin030,FireKirin,Unique_FireKirin_Tackle,30
FireKirin040,FireKirin,Inferno,40
FireKirin050,FireKirin,FireBall,50
FireKirin070,FireKirin,RockBeat,70
BOSS_FireKirin001,BOSS_FireKirin,MudShot,1
BOSS_FireKirin007,BOSS_FireKirin,FireBlast,7
BOSS_FireKirin015,BOSS_FireKirin,FireSeed,15
BOSS_FireKirin022,BOSS_FireKirin,FlareArrow,22
BOSS_FireKirin030,BOSS_FireKirin,Unique_FireKirin_Tackle,30
BOSS_FireKirin040,BOSS_FireKirin,Inferno,40
BOSS_FireKirin050,BOSS_FireKirin,FireBall,50
BOSS_FireKirin070,BOSS_FireKirin,RockBeat,70
FireKirin_Dark001,FireKirin_Dark,FireBlast,1
FireKirin_Dark007,FireKirin_Dark,DarkWave,7
FireKirin_Dark015,FireKirin_Dark,Flamethrower,15
FireKirin_Dark022,FireKirin_Dark,GhostFlame,22
FireKirin_Dark030,FireKirin_Dark,Unique_FireKirin_Dark_DarkTossin,30
FireKirin_Dark040,FireKirin_Dark,Inferno,40
FireKirin_Dark050,FireKirin_Dark,DarkLaser,50
FireKirin_Dark070,FireKirin_Dark,DarkLegion,70
BOSS_FireKirin_Dark001,BOSS_FireKirin_Dark,FireBlast,1
BOSS_FireKirin_Dark007,BOSS_FireKirin_Dark,DarkWave,7
BOSS_FireKirin_Dark015,BOSS_FireKirin_Dark,Flamethrower,15
BOSS_FireKirin_Dark022,BOSS_FireKirin_Dark,GhostFlame,22
BOSS_FireKirin_Dark030,BOSS_FireKirin_Dark,Unique_FireKirin_Dark_DarkTossin,30
BOSS_FireKirin_Dark040,BOSS_FireKirin_Dark,Inferno,40
BOSS_FireKirin_Dark050,BOSS_FireKirin_Dark,DarkLaser,50
BOSS_FireKirin_Dark070,BOSS_FireKirin_Dark,DarkLegion,70
FairyDragon001,FairyDragon,DragonCanon,1
FairyDragon007,FairyDragon,DragonWave,7
FairyDragon015,FairyDragon,FlareArrow,15
FairyDragon022,FairyDragon,Unique_FairyDragon_FairyTornado,22
FairyDragon030,FairyDragon,DragonBreath,30
FairyDragon040,FairyDragon,HyperBeam,40
FairyDragon050,FairyDragon,DragonMeteor,50
FairyDragon070,FairyDragon,WindBurst,70
BOSS_FairyDragon001,BOSS_FairyDragon,DragonCanon,1
BOSS_FairyDragon007,BOSS_FairyDragon,DragonWave,7
BOSS_FairyDragon015,BOSS_FairyDragon,FlareArrow,15
BOSS_FairyDragon022,BOSS_FairyDragon,Unique_FairyDragon_FairyTornado,22
BOSS_FairyDragon030,BOSS_FairyDragon,DragonBreath,30
BOSS_FairyDragon040,BOSS_FairyDragon,HyperBeam,40
BOSS_FairyDragon050,BOSS_FairyDragon,DragonMeteor,50
BOSS_FairyDragon070,BOSS_FairyDragon,WindBurst,70
PREDATOR_FairyDragon001,PREDATOR_FairyDragon,DragonCanon,1
PREDATOR_FairyDragon010,PREDATOR_FairyDragon,PredatorWave,10
PREDATOR_FairyDragon015,PREDATOR_FairyDragon,FlareArrow,15
PREDATOR_FairyDragon020,PREDATOR_FairyDragon,PredatorLockon,20
PREDATOR_FairyDragon022,PREDATOR_FairyDragon,Unique_FairyDragon_FairyTornado,22
PREDATOR_FairyDragon029,PREDATOR_FairyDragon,DragonBreath,29
PREDATOR_FairyDragon030,PREDATOR_FairyDragon,PredatorBeam,30
PREDATOR_FairyDragon050,PREDATOR_FairyDragon,DragonMeteor,50
PREDATOR_FairyDragon070,PREDATOR_FairyDragon,WindBurst,70
FairyDragon_Water001,FairyDragon_Water,WaterGun,1
FairyDragon_Water007,FairyDragon_Water,DragonCanon,7
FairyDragon_Water015,FairyDragon_Water,DragonWave,15
FairyDragon_Water022,FairyDragon_Water,Unique_FairyDragon_FairyTornado,22
FairyDragon_Water030,FairyDragon_Water,AcidRain,30
FairyDragon_Water040,FairyDragon_Water,HydroPump,40
FairyDragon_Water050,FairyDragon_Water,DragonMeteor,50
FairyDragon_Water070,FairyDragon_Water,SeaGush,70
BOSS_FairyDragon_Water001,BOSS_FairyDragon_Water,WaterGun,1
BOSS_FairyDragon_Water007,BOSS_FairyDragon_Water,DragonCanon,7
BOSS_FairyDragon_Water015,BOSS_FairyDragon_Water,DragonWave,15
BOSS_FairyDragon_Water022,BOSS_FairyDragon_Water,Unique_FairyDragon_FairyTornado,22
BOSS_FairyDragon_Water030,BOSS_FairyDragon_Water,AcidRain,30
BOSS_FairyDragon_Water040,BOSS_FairyDragon_Water,HydroPump,40
BOSS_FairyDragon_Water050,BOSS_FairyDragon_Water,DragonMeteor,50
BOSS_FairyDragon_Water070,BOSS_FairyDragon_Water,SeaGush,70
SweetsSheep001,SweetsSheep,AirCanon,1
SweetsSheep007,SweetsSheep,MudShot,7
SweetsSheep015,SweetsSheep,PowerShot,15
SweetsSheep022,SweetsSheep,WindCutter,22
SweetsSheep030,SweetsSheep,BubbleShot,30
SweetsSheep040,SweetsSheep,PowerBall,40
SweetsSheep050,SweetsSheep,HyperBeam,50
SweetsSheep070,SweetsSheep,HolyBlast,70
BOSS_SweetsSheep001,BOSS_SweetsSheep,AirCanon,1
BOSS_SweetsSheep007,BOSS_SweetsSheep,MudShot,7
BOSS_SweetsSheep015,BOSS_SweetsSheep,PowerShot,15
BOSS_SweetsSheep022,BOSS_SweetsSheep,WindCutter,22
BOSS_SweetsSheep030,BOSS_SweetsSheep,BubbleShot,30
BOSS_SweetsSheep040,BOSS_SweetsSheep,PowerBall,40
BOSS_SweetsSheep050,BOSS_SweetsSheep,HyperBeam,50
BOSS_SweetsSheep070,BOSS_SweetsSheep,HolyBlast,70
SweetsSheep_Ground001,SweetsSheep_Ground,MudShot,1
SweetsSheep_Ground007,SweetsSheep_Ground,StoneShotgun,7
SweetsSheep_Ground015,SweetsSheep_Ground,ThrowRock,15
SweetsSheep_Ground022,SweetsSheep_Ground,SandTornado,22
SweetsSheep_Ground030,SweetsSheep_Ground,Tremor,30
SweetsSheep_Ground040,SweetsSheep_Ground,RockLance,40
SweetsSheep_Ground050,SweetsSheep_Ground,SandTwister,50
SweetsSheep_Ground070,SweetsSheep_Ground,RockBeat,70
BOSS_SweetsSheep_Ground001,BOSS_SweetsSheep_Ground,MudShot,1
BOSS_SweetsSheep_Ground007,BOSS_SweetsSheep_Ground,StoneShotgun,7
BOSS_SweetsSheep_Ground015,BOSS_SweetsSheep_Ground,ThrowRock,15
BOSS_SweetsSheep_Ground022,BOSS_SweetsSheep_Ground,SandTornado,22
BOSS_SweetsSheep_Ground030,BOSS_SweetsSheep_Ground,Tremor,30
BOSS_SweetsSheep_Ground040,BOSS_SweetsSheep_Ground,RockLance,40
BOSS_SweetsSheep_Ground050,BOSS_SweetsSheep_Ground,SandTwister,50
BOSS_SweetsSheep_Ground070,BOSS_SweetsSheep_Ground,RockBeat,70
WhiteTiger001,WhiteTiger,PowerShot,1
WhiteTiger007,WhiteTiger,IceMissile,7
WhiteTiger015,WhiteTiger,ThrowRock,15
WhiteTiger022,WhiteTiger,IceBlade,22
WhiteTiger030,WhiteTiger,BlizzardLance,30
WhiteTiger035,WhiteTiger,Unique_WhiteTiger_IceScratch,35
WhiteTiger040,WhiteTiger,FrostBreath,40
WhiteTiger050,WhiteTiger,IcicleThrow,50
WhiteTiger070,WhiteTiger,DiamondFall,70
BOSS_WhiteTiger001,BOSS_WhiteTiger,PowerShot,1
BOSS_WhiteTiger007,BOSS_WhiteTiger,IceMissile,7
BOSS_WhiteTiger015,BOSS_WhiteTiger,ThrowRock,15
BOSS_WhiteTiger022,BOSS_WhiteTiger,IceBlade,22
BOSS_WhiteTiger030,BOSS_WhiteTiger,BlizzardLance,30
BOSS_WhiteTiger035,BOSS_WhiteTiger,Unique_WhiteTiger_IceScratch,35
BOSS_WhiteTiger040,BOSS_WhiteTiger,FrostBreath,40
BOSS_WhiteTiger050,BOSS_WhiteTiger,IcicleThrow,50
BOSS_WhiteTiger070,BOSS_WhiteTiger,DiamondFall,70
WhiteTiger_Ground001,WhiteTiger_Ground,PowerShot,1
WhiteTiger_Ground007,WhiteTiger_Ground,StoneShotgun,7
WhiteTiger_Ground015,WhiteTiger_Ground,ThrowRock,15
WhiteTiger_Ground022,WhiteTiger_Ground,SandTornado,22
WhiteTiger_Ground030,WhiteTiger_Ground,Unique_WhiteTiger_Ground_IronScratch,30
WhiteTiger_Ground035,WhiteTiger_Ground,Tremor,35
WhiteTiger_Ground040,WhiteTiger_Ground,RockLance,40
WhiteTiger_Ground050,WhiteTiger_Ground,RockBeat,50
WhiteTiger_Ground070,WhiteTiger_Ground,ThunderStorm,70
BOSS_WhiteTiger_Ground001,BOSS_WhiteTiger_Ground,PowerShot,1
BOSS_WhiteTiger_Ground007,BOSS_WhiteTiger_Ground,StoneShotgun,7
BOSS_WhiteTiger_Ground015,BOSS_WhiteTiger_Ground,ThrowRock,15
BOSS_WhiteTiger_Ground022,BOSS_WhiteTiger_Ground,SandTornado,22
BOSS_WhiteTiger_Ground030,BOSS_WhiteTiger_Ground,Unique_WhiteTiger_Ground_IronScratch,30
BOSS_WhiteTiger_Ground035,BOSS_WhiteTiger_Ground,Tremor,35
BOSS_WhiteTiger_Ground040,BOSS_WhiteTiger_Ground,RockLance,40
BOSS_WhiteTiger_Ground050,BOSS_WhiteTiger_Ground,RockBeat,50
BOSS_WhiteTiger_Ground070,BOSS_WhiteTiger_Ground,ThunderStorm,70
PREDATOR_WhiteTiger_Ground001,PREDATOR_WhiteTiger_Ground,PowerShot,1
PREDATOR_WhiteTiger_Ground007,PREDATOR_WhiteTiger_Ground,StoneShotgun,7
PREDATOR_WhiteTiger_Ground010,PREDATOR_WhiteTiger_Ground,PredatorWave,10
PREDATOR_WhiteTiger_Ground015,PREDATOR_WhiteTiger_Ground,ThrowRock,15
PREDATOR_WhiteTiger_Ground020,PREDATOR_WhiteTiger_Ground,PredatorLockon,20
PREDATOR_WhiteTiger_Ground022,PREDATOR_WhiteTiger_Ground,SandTornado,22
PREDATOR_WhiteTiger_Ground029,PREDATOR_WhiteTiger_Ground,Unique_WhiteTiger_Ground_IronScratch,29
PREDATOR_WhiteTiger_Ground030,PREDATOR_WhiteTiger_Ground,PredatorBeam,30
PREDATOR_WhiteTiger_Ground035,PREDATOR_WhiteTiger_Ground,Tremor,35
PREDATOR_WhiteTiger_Ground040,PREDATOR_WhiteTiger_Ground,RockLance,40
PREDATOR_WhiteTiger_Ground050,PREDATOR_WhiteTiger_Ground,RockBeat,50
PREDATOR_WhiteTiger_Ground070,PREDATOR_WhiteTiger_Ground,ThunderStorm,70
Alpaca001,Alpaca,AirCanon,1
Alpaca007,Alpaca,Unique_Alpaca_Tackle,7
Alpaca015,Alpaca,MudShot,15
Alpaca022,Alpaca,PowerShot,22
Alpaca030,Alpaca,ElecWave,30
Alpaca040,Alpaca,PowerBall,40
Alpaca050,Alpaca,HyperBeam,50
Alpaca070,Alpaca,HolyBlast,70
BOSS_Alpaca001,BOSS_Alpaca,AirCanon,1
BOSS_Alpaca007,BOSS_Alpaca,Unique_Alpaca_Tackle,7
BOSS_Alpaca015,BOSS_Alpaca,MudShot,15
BOSS_Alpaca022,BOSS_Alpaca,PowerShot,22
BOSS_Alpaca030,BOSS_Alpaca,ElecWave,30
BOSS_Alpaca040,BOSS_Alpaca,PowerBall,40
BOSS_Alpaca050,BOSS_Alpaca,HyperBeam,50
BOSS_Alpaca070,BOSS_Alpaca,HolyBlast,70
DarkCrow001,DarkCrow,AirCanon,1
DarkCrow007,DarkCrow,DarkBall,7
DarkCrow015,DarkCrow,Unique_DarkCrow_TelePoke,15
DarkCrow022,DarkCrow,DarkWave,22
DarkCrow030,DarkCrow,GhostFlame,30
DarkCrow040,DarkCrow,ShadowBall,40
DarkCrow050,DarkCrow,DarkLaser,50
DarkCrow070,DarkCrow,DarkLegion,70
BOSS_DarkCrow001,BOSS_DarkCrow,AirCanon,1
BOSS_DarkCrow007,BOSS_DarkCrow,DarkBall,7
BOSS_DarkCrow015,BOSS_DarkCrow,Unique_DarkCrow_TelePoke,15
BOSS_DarkCrow022,BOSS_DarkCrow,DarkWave,22
BOSS_DarkCrow030,BOSS_DarkCrow,GhostFlame,30
BOSS_DarkCrow040,BOSS_DarkCrow,ShadowBall,40
BOSS_DarkCrow050,BOSS_DarkCrow,DarkLaser,50
BOSS_DarkCrow070,BOSS_DarkCrow,DarkLegion,70
BlueDragon001,BlueDragon,WaterGun,1
BlueDragon007,BlueDragon,DragonCanon,7
BlueDragon015,BlueDragon,BubbleShot,15
BlueDragon022,BlueDragon,DragonWave,22
BlueDragon030,BlueDragon,DragonBreath,30
BlueDragon040,BlueDragon,HydroPump,40
BlueDragon050,BlueDragon,DragonMeteor,50
BlueDragon070,BlueDragon,SeaGush,70
BOSS_BlueDragon001,BOSS_BlueDragon,WaterGun,1
BOSS_BlueDragon007,BOSS_BlueDragon,DragonCanon,7
BOSS_BlueDragon015,BOSS_BlueDragon,BubbleShot,15
BOSS_BlueDragon022,BOSS_BlueDragon,DragonWave,22
BOSS_BlueDragon030,BOSS_BlueDragon,DragonBreath,30
BOSS_BlueDragon040,BOSS_BlueDragon,HydroPump,40
BOSS_BlueDragon050,BOSS_BlueDragon,DragonMeteor,50
BOSS_BlueDragon070,BOSS_BlueDragon,SeaGush,70
BlueDragon_Ice001,BlueDragon_Ice,IceMissile,1
BlueDragon_Ice007,BlueDragon_Ice,DragonWave,7
BlueDragon_Ice015,BlueDragon_Ice,BlizzardLance,15
BlueDragon_Ice022,BlueDragon_Ice,DragonBreath,22
BlueDragon_Ice030,BlueDragon_Ice,FrostBreath,30
BlueDragon_Ice040,BlueDragon_Ice,ChargeCanon,40
BlueDragon_Ice050,BlueDragon_Ice,DiamondFall,50
BlueDragon_Ice070,BlueDragon_Ice,DragonMeteor,70
BOSS_BlueDragon_Ice001,BOSS_BlueDragon_Ice,IceMissile,1
BOSS_BlueDragon_Ice007,BOSS_BlueDragon_Ice,DragonWave,7
BOSS_BlueDragon_Ice015,BOSS_BlueDragon_Ice,BlizzardLance,15
BOSS_BlueDragon_Ice022,BOSS_BlueDragon_Ice,DragonBreath,22
BOSS_BlueDragon_Ice030,BOSS_BlueDragon_Ice,FrostBreath,30
BOSS_BlueDragon_Ice040,BOSS_BlueDragon_Ice,ChargeCanon,40
BOSS_BlueDragon_Ice050,BOSS_BlueDragon_Ice,DiamondFall,50
BOSS_BlueDragon_Ice070,BOSS_BlueDragon_Ice,DragonMeteor,70
NegativeKoala001,NegativeKoala,PoisonShot,1
NegativeKoala007,NegativeKoala,MudShot,7
NegativeKoala015,NegativeKoala,DarkBall,15
NegativeKoala022,NegativeKoala,IceMissile,22
NegativeKoala030,NegativeKoala,DarkWave,30
NegativeKoala040,NegativeKoala,ShadowBall,40
NegativeKoala050,NegativeKoala,DarkLaser,50
NegativeKoala070,NegativeKoala,DarkLegion,70
BOSS_NegativeKoala001,BOSS_NegativeKoala,PoisonShot,1
BOSS_NegativeKoala007,BOSS_NegativeKoala,MudShot,7
BOSS_NegativeKoala015,BOSS_NegativeKoala,DarkBall,15
BOSS_NegativeKoala022,BOSS_NegativeKoala,IceMissile,22
BOSS_NegativeKoala030,BOSS_NegativeKoala,DarkWave,30
BOSS_NegativeKoala040,BOSS_NegativeKoala,ShadowBall,40
BOSS_NegativeKoala050,BOSS_NegativeKoala,DarkLaser,50
BOSS_NegativeKoala070,BOSS_NegativeKoala,DarkLegion,70
FengyunDeeper001,FengyunDeeper,AirCanon,1
FengyunDeeper007,FengyunDeeper,WaterGun,7
FengyunDeeper015,FengyunDeeper,Unique_FengyunDeeper_CloudTempest,15
FengyunDeeper022,FengyunDeeper,AcidRain,22
FengyunDeeper030,FengyunDeeper,WaterBall,30
FengyunDeeper040,FengyunDeeper,IcicleThrow,40
FengyunDeeper050,FengyunDeeper,HyperBeam,50
FengyunDeeper070,FengyunDeeper,HolyBlast,70
BOSS_FengyunDeeper001,BOSS_FengyunDeeper,AirCanon,1
BOSS_FengyunDeeper007,BOSS_FengyunDeeper,WaterGun,7
BOSS_FengyunDeeper015,BOSS_FengyunDeeper,Unique_FengyunDeeper_CloudTempest,15
BOSS_FengyunDeeper022,BOSS_FengyunDeeper,AcidRain,22
BOSS_FengyunDeeper030,BOSS_FengyunDeeper,WaterBall,30
BOSS_FengyunDeeper040,BOSS_FengyunDeeper,IcicleThrow,40
BOSS_FengyunDeeper050,BOSS_FengyunDeeper,HyperBeam,50
BOSS_FengyunDeeper070,BOSS_FengyunDeeper,HolyBlast,70
FengyunDeeper_Electric001,FengyunDeeper_Electric,ElecWave,1
FengyunDeeper_Electric007,FengyunDeeper_Electric,LineThunder,7
FengyunDeeper_Electric015,FengyunDeeper_Electric,AcidRain,15
FengyunDeeper_Electric022,FengyunDeeper_Electric,Unique_FengyunDeeper_Electric_ThunderTempest,22
FengyunDeeper_Electric030,FengyunDeeper_Electric,ThunderRain,30
FengyunDeeper_Electric040,FengyunDeeper_Electric,Thunderbolt,40
FengyunDeeper_Electric050,FengyunDeeper_Electric,ThunderStorm,50
FengyunDeeper_Electric070,FengyunDeeper_Electric,Railbolt,70
BOSS_FengyunDeeper_Electric001,BOSS_FengyunDeeper_Electric,ElecWave,1
BOSS_FengyunDeeper_Electric007,BOSS_FengyunDeeper_Electric,LineThunder,7
BOSS_FengyunDeeper_Electric015,BOSS_FengyunDeeper_Electric,AcidRain,15
BOSS_FengyunDeeper_Electric022,BOSS_FengyunDeeper_Electric,Unique_FengyunDeeper_Electric_ThunderTempest,22
BOSS_FengyunDeeper_Electric030,BOSS_FengyunDeeper_Electric,ThunderRain,30
BOSS_FengyunDeeper_Electric040,BOSS_FengyunDeeper_Electric,Thunderbolt,40
BOSS_FengyunDeeper_Electric050,BOSS_FengyunDeeper_Electric,ThunderStorm,50
BOSS_FengyunDeeper_Electric070,BOSS_FengyunDeeper_Electric,Railbolt,70
VolcanicMonster001,VolcanicMonster,FireBlast,1
VolcanicMonster007,VolcanicMonster,StoneShotgun,7
VolcanicMonster015,VolcanicMonster,ThrowRock,15
VolcanicMonster022,VolcanicMonster,Flamethrower,22
VolcanicMonster030,VolcanicMonster,Unique_VolcanicMonster_MagmaAttack,30
VolcanicMonster040,VolcanicMonster,Inferno,40
VolcanicMonster050,VolcanicMonster,RockLance,50
VolcanicMonster070,VolcanicMonster,FireBall,70
BOSS_VolcanicMonster001,BOSS_VolcanicMonster,FireBlast,1
BOSS_VolcanicMonster007,BOSS_VolcanicMonster,StoneShotgun,7
BOSS_VolcanicMonster015,BOSS_VolcanicMonster,ThrowRock,15
BOSS_VolcanicMonster022,BOSS_VolcanicMonster,Flamethrower,22
BOSS_VolcanicMonster030,BOSS_VolcanicMonster,Unique_VolcanicMonster_MagmaAttack,30
BOSS_VolcanicMonster040,BOSS_VolcanicMonster,Inferno,40
BOSS_VolcanicMonster050,BOSS_VolcanicMonster,RockLance,50
BOSS_VolcanicMonster070,BOSS_VolcanicMonster,FireBall,70
VolcanicMonster_Ice001,VolcanicMonster_Ice,IceMissile,1
VolcanicMonster_Ice007,VolcanicMonster_Ice,StoneShotgun,7
VolcanicMonster_Ice015,VolcanicMonster_Ice,BlizzardLance,15
VolcanicMonster_Ice022,VolcanicMonster_Ice,FrostBreath,22
VolcanicMonster_Ice030,VolcanicMonster_Ice,Unique_VolcanicMonster_Ice_IceAttack,30
VolcanicMonster_Ice040,VolcanicMonster_Ice,IcicleThrow,40
VolcanicMonster_Ice050,VolcanicMonster_Ice,RockLance,50
VolcanicMonster_Ice070,VolcanicMonster_Ice,DiamondFall,70
BOSS_VolcanicMonster_Ice001,BOSS_VolcanicMonster_Ice,IceMissile,1
BOSS_VolcanicMonster_Ice007,BOSS_VolcanicMonster_Ice,StoneShotgun,7
BOSS_VolcanicMonster_Ice015,BOSS_VolcanicMonster_Ice,BlizzardLance,15
BOSS_VolcanicMonster_Ice022,BOSS_VolcanicMonster_Ice,FrostBreath,22
BOSS_VolcanicMonster_Ice030,BOSS_VolcanicMonster_Ice,Unique_VolcanicMonster_Ice_IceAttack,30
BOSS_VolcanicMonster_Ice040,BOSS_VolcanicMonster_Ice,IcicleThrow,40
BOSS_VolcanicMonster_Ice050,BOSS_VolcanicMonster_Ice,RockLance,50
BOSS_VolcanicMonster_Ice070,BOSS_VolcanicMonster_Ice,DiamondFall,70
PREDATOR_VolcanicMonster_Ice001,PREDATOR_VolcanicMonster_Ice,IceMissile,1
PREDATOR_VolcanicMonster_Ice007,PREDATOR_VolcanicMonster_Ice,StoneShotgun,7
PREDATOR_VolcanicMonster_Ice010,PREDATOR_VolcanicMonster_Ice,PredatorWave,10
PREDATOR_VolcanicMonster_Ice015,PREDATOR_VolcanicMonster_Ice,BlizzardLance,15
PREDATOR_VolcanicMonster_Ice020,PREDATOR_VolcanicMonster_Ice,PredatorLockon,20
PREDATOR_VolcanicMonster_Ice022,PREDATOR_VolcanicMonster_Ice,FrostBreath,22
PREDATOR_VolcanicMonster_Ice029,PREDATOR_VolcanicMonster_Ice,Unique_VolcanicMonster_Ice_IceAttack,29
PREDATOR_VolcanicMonster_Ice030,PREDATOR_VolcanicMonster_Ice,PredatorBeam,30
PREDATOR_VolcanicMonster_Ice040,PREDATOR_VolcanicMonster_Ice,IcicleThrow,40
PREDATOR_VolcanicMonster_Ice050,PREDATOR_VolcanicMonster_Ice,RockLance,50
PREDATOR_VolcanicMonster_Ice070,PREDATOR_VolcanicMonster_Ice,DiamondFall,70
GhostBeast001,GhostBeast,FireBlast,1
GhostBeast007,GhostBeast,DarkBall,7
GhostBeast015,GhostBeast,FlareArrow,15
GhostBeast022,GhostBeast,DarkWave,22
GhostBeast030,GhostBeast,GhostFlame,30
GhostBeast035,GhostBeast,Unique_GhostBeast_Tossin,35
GhostBeast040,GhostBeast,ShadowBall,40
GhostBeast050,GhostBeast,DarkLaser,50
GhostBeast070,GhostBeast,DarkLegion,70
BOSS_GhostBeast001,BOSS_GhostBeast,FireBlast,1
BOSS_GhostBeast007,BOSS_GhostBeast,DarkBall,7
BOSS_GhostBeast015,BOSS_GhostBeast,FlareArrow,15
BOSS_GhostBeast022,BOSS_GhostBeast,DarkWave,22
BOSS_GhostBeast030,BOSS_GhostBeast,GhostFlame,30
BOSS_GhostBeast035,BOSS_GhostBeast,Unique_GhostBeast_Tossin,35
BOSS_GhostBeast040,BOSS_GhostBeast,ShadowBall,40
BOSS_GhostBeast050,BOSS_GhostBeast,DarkLaser,50
BOSS_GhostBeast070,BOSS_GhostBeast,DarkLegion,70
PREDATOR_GhostBeast001,PREDATOR_GhostBeast,FireBlast,1
PREDATOR_GhostBeast007,PREDATOR_GhostBeast,DarkBall,7
PREDATOR_GhostBeast010,PREDATOR_GhostBeast,PredatorWave,10
PREDATOR_GhostBeast015,PREDATOR_GhostBeast,FlareArrow,15
PREDATOR_GhostBeast020,PREDATOR_GhostBeast,PredatorLockon,20
PREDATOR_GhostBeast029,PREDATOR_GhostBeast,GhostFlame,29
PREDATOR_GhostBeast030,PREDATOR_GhostBeast,PredatorBeam,30
PREDATOR_GhostBeast035,PREDATOR_GhostBeast,Unique_GhostBeast_Tossin,35
PREDATOR_GhostBeast040,PREDATOR_GhostBeast,ShadowBall,40
PREDATOR_GhostBeast070,PREDATOR_GhostBeast,DarkLegion,70
RobinHood001,RobinHood,WindCutter,1
RobinHood007,RobinHood,PowerShot,7
RobinHood015,RobinHood,Unique_RobinHood_BowSnipe,15
RobinHood022,RobinHood,SeedMine,22
RobinHood030,RobinHood,GrassTornado,30
RobinHood040,RobinHood,RootAttack,40
RobinHood050,RobinHood,SolarBeam,50
RobinHood070,RobinHood,WindBurst,70
BOSS_RobinHood001,BOSS_RobinHood,WindCutter,1
BOSS_RobinHood007,BOSS_RobinHood,PowerShot,7
BOSS_RobinHood015,BOSS_RobinHood,Unique_RobinHood_BowSnipe,15
BOSS_RobinHood022,BOSS_RobinHood,SeedMine,22
BOSS_RobinHood030,BOSS_RobinHood,GrassTornado,30
BOSS_RobinHood040,BOSS_RobinHood,RootAttack,40
BOSS_RobinHood050,BOSS_RobinHood,SolarBeam,50
BOSS_RobinHood070,BOSS_RobinHood,WindBurst,70
RobinHood_Ground001,RobinHood_Ground,MudShot,1
RobinHood_Ground007,RobinHood_Ground,WindCutter,7
RobinHood_Ground015,RobinHood_Ground,Unique_RobinHood_BowSnipe,15
RobinHood_Ground022,RobinHood_Ground,StoneShotgun,22
RobinHood_Ground030,RobinHood_Ground,SandTornado,30
RobinHood_Ground040,RobinHood_Ground,SolarBeam,40
RobinHood_Ground050,RobinHood_Ground,RockLance,50
RobinHood_Ground070,RobinHood_Ground,RockBeat,70
BOSS_RobinHood_Ground001,BOSS_RobinHood_Ground,MudShot,1
BOSS_RobinHood_Ground007,BOSS_RobinHood_Ground,WindCutter,7
BOSS_RobinHood_Ground015,BOSS_RobinHood_Ground,Unique_RobinHood_BowSnipe,15
BOSS_RobinHood_Ground022,BOSS_RobinHood_Ground,StoneShotgun,22
BOSS_RobinHood_Ground030,BOSS_RobinHood_Ground,SandTornado,30
BOSS_RobinHood_Ground040,BOSS_RobinHood_Ground,SolarBeam,40
BOSS_RobinHood_Ground050,BOSS_RobinHood_Ground,RockLance,50
BOSS_RobinHood_Ground070,BOSS_RobinHood_Ground,RockBeat,70
LazyDragon001,LazyDragon,DragonCanon,1
LazyDragon007,LazyDragon,WaterGun,7
LazyDragon015,LazyDragon,DragonWave,15
LazyDragon022,LazyDragon,BubbleShot,22
LazyDragon030,LazyDragon,DragonBreath,30
LazyDragon040,LazyDragon,WaterBall,40
LazyDragon050,LazyDragon,DragonMeteor,50
LazyDragon070,LazyDragon,SeaGush,70
BOSS_LazyDragon001,BOSS_LazyDragon,DragonCanon,1
BOSS_LazyDragon007,BOSS_LazyDragon,WaterGun,7
BOSS_LazyDragon015,BOSS_LazyDragon,DragonWave,15
BOSS_LazyDragon022,BOSS_LazyDragon,BubbleShot,22
BOSS_LazyDragon030,BOSS_LazyDragon,DragonBreath,30
BOSS_LazyDragon040,BOSS_LazyDragon,WaterBall,40
BOSS_LazyDragon050,BOSS_LazyDragon,DragonMeteor,50
BOSS_LazyDragon070,BOSS_LazyDragon,SeaGush,70
PREDATOR_LazyDragon001,PREDATOR_LazyDragon,DragonCanon,1
PREDATOR_LazyDragon007,PREDATOR_LazyDragon,WaterGun,7
PREDATOR_LazyDragon010,PREDATOR_LazyDragon,PredatorWave,10
PREDATOR_LazyDragon020,PREDATOR_LazyDragon,PredatorLockon,20
PREDATOR_LazyDragon022,PREDATOR_LazyDragon,BubbleShot,22
PREDATOR_LazyDragon029,PREDATOR_LazyDragon,DragonBreath,29
PREDATOR_LazyDragon030,PREDATOR_LazyDragon,PredatorBeam,30
PREDATOR_LazyDragon040,PREDATOR_LazyDragon,WaterBall,40
PREDATOR_LazyDragon050,PREDATOR_LazyDragon,DragonMeteor,50
PREDATOR_LazyDragon070,PREDATOR_LazyDragon,SeaGush,70
LazyDragon_Electric001,LazyDragon_Electric,SpreadPulse,1
LazyDragon_Electric007,LazyDragon_Electric,DragonCanon,7
LazyDragon_Electric015,LazyDragon_Electric,ElecWave,15
LazyDragon_Electric022,LazyDragon_Electric,LineThunder,22
LazyDragon_Electric030,LazyDragon_Electric,DragonBreath,30
LazyDragon_Electric040,LazyDragon_Electric,LightningStrike,40
LazyDragon_Electric050,LazyDragon_Electric,Thunderbolt,50
LazyDragon_Electric070,LazyDragon_Electric,Railbolt,70
BOSS_LazyDragon_Electric001,BOSS_LazyDragon_Electric,SpreadPulse,1
BOSS_LazyDragon_Electric007,BOSS_LazyDragon_Electric,DragonCanon,7
BOSS_LazyDragon_Electric015,BOSS_LazyDragon_Electric,ElecWave,15
BOSS_LazyDragon_Electric022,BOSS_LazyDragon_Electric,LineThunder,22
BOSS_LazyDragon_Electric030,BOSS_LazyDragon_Electric,DragonBreath,30
BOSS_LazyDragon_Electric040,BOSS_LazyDragon_Electric,LightningStrike,40
BOSS_LazyDragon_Electric050,BOSS_LazyDragon_Electric,Thunderbolt,50
BOSS_LazyDragon_Electric070,BOSS_LazyDragon_Electric,Railbolt,70
LazyDragon_Electric_Tower001,LazyDragon_Electric_Tower,SpreadPulse,1
LazyDragon_Electric_Tower007,LazyDragon_Electric_Tower,DragonCanon,7
LazyDragon_Electric_Tower015,LazyDragon_Electric_Tower,ElecWave,15
LazyDragon_Electric_Tower022,LazyDragon_Electric_Tower,LineThunder,22
LazyDragon_Electric_Tower030,LazyDragon_Electric_Tower,DragonBreath,30
LazyDragon_Electric_Tower040,LazyDragon_Electric_Tower,LightningStrike,40
LazyDragon_Electric_Tower050,LazyDragon_Electric_Tower,Thunderbolt,50
LazyDragon_Electric_Tower070,LazyDragon_Electric_Tower,Railbolt,70
AmaterasuWolf001,AmaterasuWolf,Unique_AmaterasuWolf_BiteV2,1
AmaterasuWolf002,AmaterasuWolf,Unique_AmaterasuWolf_Bite,2
AmaterasuWolf003,AmaterasuWolf,FireBlast,3
AmaterasuWolf007,AmaterasuWolf,FireSeed,7
AmaterasuWolf015,AmaterasuWolf,GhostFlame,15
AmaterasuWolf022,AmaterasuWolf,Unique_AmaterasuWolf_FireCharge,22
AmaterasuWolf030,AmaterasuWolf,FlareTornado,30
AmaterasuWolf040,AmaterasuWolf,Inferno,40
AmaterasuWolf050,AmaterasuWolf,FireBall,50
AmaterasuWolf070,AmaterasuWolf,HolyBlast,70
BOSS_AmaterasuWolf001,BOSS_AmaterasuWolf,Unique_AmaterasuWolf_BiteV2,1
BOSS_AmaterasuWolf002,BOSS_AmaterasuWolf,Unique_AmaterasuWolf_Bite,2
BOSS_AmaterasuWolf003,BOSS_AmaterasuWolf,FireBlast,3
BOSS_AmaterasuWolf007,BOSS_AmaterasuWolf,FireSeed,7
BOSS_AmaterasuWolf015,BOSS_AmaterasuWolf,GhostFlame,15
BOSS_AmaterasuWolf022,BOSS_AmaterasuWolf,Unique_AmaterasuWolf_FireCharge,22
BOSS_AmaterasuWolf030,BOSS_AmaterasuWolf,FlareTornado,30
BOSS_AmaterasuWolf040,BOSS_AmaterasuWolf,Inferno,40
BOSS_AmaterasuWolf050,BOSS_AmaterasuWolf,FireBall,50
BOSS_AmaterasuWolf070,BOSS_AmaterasuWolf,HolyBlast,70
PREDATOR_AmaterasuWolf001,PREDATOR_AmaterasuWolf,Unique_AmaterasuWolf_BiteV2,1
PREDATOR_AmaterasuWolf002,PREDATOR_AmaterasuWolf,Unique_AmaterasuWolf_Bite,2
PREDATOR_AmaterasuWolf003,PREDATOR_AmaterasuWolf,FireBlast,3
PREDATOR_AmaterasuWolf007,PREDATOR_AmaterasuWolf,FireSeed,7
PREDATOR_AmaterasuWolf010,PREDATOR_AmaterasuWolf,PredatorWave,10
PREDATOR_AmaterasuWolf015,PREDATOR_AmaterasuWolf,GhostFlame,15
PREDATOR_AmaterasuWolf020,PREDATOR_AmaterasuWolf,PredatorLockon,20
PREDATOR_AmaterasuWolf022,PREDATOR_AmaterasuWolf,Unique_AmaterasuWolf_FireCharge,22
PREDATOR_AmaterasuWolf029,PREDATOR_AmaterasuWolf,FlareTornado,29
PREDATOR_AmaterasuWolf030,PREDATOR_AmaterasuWolf,PredatorBeam,30
PREDATOR_AmaterasuWolf040,PREDATOR_AmaterasuWolf,Inferno,40
PREDATOR_AmaterasuWolf050,PREDATOR_AmaterasuWolf,FireBall,50
PREDATOR_AmaterasuWolf070,PREDATOR_AmaterasuWolf,HolyBlast,70
AmaterasuWolf_Dark001,AmaterasuWolf_Dark,Unique_AmaterasuWolf_Dark_BiteV2,1
AmaterasuWolf_Dark002,AmaterasuWolf_Dark,Unique_AmaterasuWolf_Dark_Bite,2
AmaterasuWolf_Dark003,AmaterasuWolf_Dark,DarkCanon,3
AmaterasuWolf_Dark007,AmaterasuWolf_Dark,FireSeed,7
AmaterasuWolf_Dark015,AmaterasuWolf_Dark,GhostFlame,15
AmaterasuWolf_Dark022,AmaterasuWolf_Dark,Unique_AmaterasuWolf_Dark_DarkCharge,22
AmaterasuWolf_Dark030,AmaterasuWolf_Dark,ShadowBall,30
AmaterasuWolf_Dark040,AmaterasuWolf_Dark,FlameFunnel,40
AmaterasuWolf_Dark050,AmaterasuWolf_Dark,DarkLegion,50
AmaterasuWolf_Dark070,AmaterasuWolf_Dark,DragonMeteor,70
BOSS_AmaterasuWolf_Dark001,BOSS_AmaterasuWolf_Dark,Unique_AmaterasuWolf_Dark_BiteV2,1
BOSS_AmaterasuWolf_Dark002,BOSS_AmaterasuWolf_Dark,Unique_AmaterasuWolf_Dark_Bite,2
BOSS_AmaterasuWolf_Dark003,BOSS_AmaterasuWolf_Dark,DarkCanon,3
BOSS_AmaterasuWolf_Dark007,BOSS_AmaterasuWolf_Dark,FireSeed,7
BOSS_AmaterasuWolf_Dark015,BOSS_AmaterasuWolf_Dark,GhostFlame,15
BOSS_AmaterasuWolf_Dark022,BOSS_AmaterasuWolf_Dark,Unique_AmaterasuWolf_Dark_DarkCharge,22
BOSS_AmaterasuWolf_Dark030,BOSS_AmaterasuWolf_Dark,ShadowBall,30
BOSS_AmaterasuWolf_Dark040,BOSS_AmaterasuWolf_Dark,FlameFunnel,40
BOSS_AmaterasuWolf_Dark050,BOSS_AmaterasuWolf_Dark,DarkLegion,50
BOSS_AmaterasuWolf_Dark070,BOSS_AmaterasuWolf_Dark,DragonMeteor,70
LizardMan001,LizardMan,PoisonShot,1
LizardMan007,LizardMan,DarkBall,7
LizardMan015,LizardMan,DarkWave,15
LizardMan022,LizardMan,GhostFlame,22
LizardMan030,LizardMan,ShadowBall,30
LizardMan040,LizardMan,Flamethrower,40
LizardMan050,LizardMan,DarkLaser,50
LizardMan070,LizardMan,DarkLegion,70
BOSS_LizardMan001,BOSS_LizardMan,PoisonShot,1
BOSS_LizardMan007,BOSS_LizardMan,DarkBall,7
BOSS_LizardMan015,BOSS_LizardMan,DarkWave,15
BOSS_LizardMan022,BOSS_LizardMan,GhostFlame,22
BOSS_LizardMan030,BOSS_LizardMan,ShadowBall,30
BOSS_LizardMan040,BOSS_LizardMan,Flamethrower,40
BOSS_LizardMan050,BOSS_LizardMan,DarkLaser,50
BOSS_LizardMan070,BOSS_LizardMan,DarkLegion,70
LizardMan_Oilrig001,LizardMan_Oilrig,PoisonShot,1
LizardMan_Oilrig007,LizardMan_Oilrig,DarkBall,7
LizardMan_Oilrig015,LizardMan_Oilrig,DarkWave,15
LizardMan_Oilrig022,LizardMan_Oilrig,GhostFlame,22
LizardMan_Oilrig030,LizardMan_Oilrig,ShadowBall,30
LizardMan_Oilrig040,LizardMan_Oilrig,Flamethrower,40
LizardMan_Oilrig050,LizardMan_Oilrig,DarkLaser,50
LizardMan_Oilrig070,LizardMan_Oilrig,DarkLegion,70
LizardMan_Fire001,LizardMan_Fire,FireBlast,1
LizardMan_Fire007,LizardMan_Fire,PoisonShot,7
LizardMan_Fire015,LizardMan_Fire,FireSeed,15
LizardMan_Fire022,LizardMan_Fire,Flamethrower,22
LizardMan_Fire030,LizardMan_Fire,FlareTornado,30
LizardMan_Fire040,LizardMan_Fire,Inferno,40
LizardMan_Fire050,LizardMan_Fire,FireBall,50
LizardMan_Fire070,LizardMan_Fire,ThunderStorm,70
BOSS_LizardMan_Fire001,BOSS_LizardMan_Fire,FireBlast,1
BOSS_LizardMan_Fire007,BOSS_LizardMan_Fire,PoisonShot,7
BOSS_LizardMan_Fire015,BOSS_LizardMan_Fire,FireSeed,15
BOSS_LizardMan_Fire022,BOSS_LizardMan_Fire,Flamethrower,22
BOSS_LizardMan_Fire030,BOSS_LizardMan_Fire,FlareTornado,30
BOSS_LizardMan_Fire040,BOSS_LizardMan_Fire,Inferno,40
BOSS_LizardMan_Fire050,BOSS_LizardMan_Fire,FireBall,50
BOSS_LizardMan_Fire070,BOSS_LizardMan_Fire,ThunderStorm,70
BluePlatypus001,BluePlatypus,WaterGun,1
BluePlatypus007,BluePlatypus,PowerShot,7
BluePlatypus015,BluePlatypus,AquaJet,15
BluePlatypus022,BluePlatypus,IceMissile,22
BluePlatypus030,BluePlatypus,BubbleShot,30
BluePlatypus040,BluePlatypus,WaterBall,40
BluePlatypus050,BluePlatypus,HydroPump,50
BluePlatypus070,BluePlatypus,SeaGush,70
BOSS_BluePlatypus001,BOSS_BluePlatypus,WaterGun,1
BOSS_BluePlatypus007,BOSS_BluePlatypus,PowerShot,7
BOSS_BluePlatypus015,BOSS_BluePlatypus,AquaJet,15
BOSS_BluePlatypus022,BOSS_BluePlatypus,IceMissile,22
BOSS_BluePlatypus030,BOSS_BluePlatypus,BubbleShot,30
BOSS_BluePlatypus040,BOSS_BluePlatypus,WaterBall,40
BOSS_BluePlatypus050,BOSS_BluePlatypus,HydroPump,50
BOSS_BluePlatypus070,BOSS_BluePlatypus,SeaGush,70
BluePlatypus_Fire001,BluePlatypus_Fire,FireBlast,1
BluePlatypus_Fire007,BluePlatypus_Fire,FireSeed,7
BluePlatypus_Fire015,BluePlatypus_Fire,BubbleShot,15
BluePlatypus_Fire022,BluePlatypus_Fire,Flamethrower,22
BluePlatypus_Fire030,BluePlatypus_Fire,FlameWall,30
BluePlatypus_Fire040,BluePlatypus_Fire,HydroSlicer,40
BluePlatypus_Fire050,BluePlatypus_Fire,Eruption,50
BluePlatypus_Fire070,BluePlatypus_Fire,FireBall,70
BOSS_BluePlatypus_Fire001,BOSS_BluePlatypus_Fire,FireBlast,1
BOSS_BluePlatypus_Fire007,BOSS_BluePlatypus_Fire,FireSeed,7
BOSS_BluePlatypus_Fire015,BOSS_BluePlatypus_Fire,BubbleShot,15
BOSS_BluePlatypus_Fire022,BOSS_BluePlatypus_Fire,Flamethrower,22
BOSS_BluePlatypus_Fire030,BOSS_BluePlatypus_Fire,FlameWall,30
BOSS_BluePlatypus_Fire040,BOSS_BluePlatypus_Fire,HydroSlicer,40
BOSS_BluePlatypus_Fire050,BOSS_BluePlatypus_Fire,Eruption,50
BOSS_BluePlatypus_Fire070,BOSS_BluePlatypus_Fire,FireBall,70
BlackMetalDragon001,BlackMetalDragon,DragonCanon,1
BlackMetalDragon007,BlackMetalDragon,GhostFlame,7
BlackMetalDragon015,BlackMetalDragon,DragonWave,15
BlackMetalDragon022,BlackMetalDragon,ShadowBall,22
BlackMetalDragon030,BlackMetalDragon,DragonBreath,30
BlackMetalDragon035,BlackMetalDragon,Unique_BlackMetalDragon_FirePunch,35
BlackMetalDragon040,BlackMetalDragon,DarkLaser,40
BlackMetalDragon050,BlackMetalDragon,DragonMeteor,50
BlackMetalDragon070,BlackMetalDragon,DarkLegion,70
BOSS_BlackMetalDragon001,BOSS_BlackMetalDragon,DragonCanon,1
BOSS_BlackMetalDragon007,BOSS_BlackMetalDragon,GhostFlame,7
BOSS_BlackMetalDragon015,BOSS_BlackMetalDragon,DragonWave,15
BOSS_BlackMetalDragon022,BOSS_BlackMetalDragon,ShadowBall,22
BOSS_BlackMetalDragon030,BOSS_BlackMetalDragon,DragonBreath,30
BOSS_BlackMetalDragon035,BOSS_BlackMetalDragon,Unique_BlackMetalDragon_FirePunch,35
BOSS_BlackMetalDragon040,BOSS_BlackMetalDragon,DarkLaser,40
BOSS_BlackMetalDragon050,BOSS_BlackMetalDragon,DragonMeteor,50
BOSS_BlackMetalDragon070,BOSS_BlackMetalDragon,DarkLegion,70
BirdDragon001,BirdDragon,AirCanon,1
BirdDragon007,BirdDragon,FireBlast,7
BirdDragon015,BirdDragon,FireSeed,15
BirdDragon022,BirdDragon,Flamethrower,22
BirdDragon026,BirdDragon,Unique_BirdDragon_FireBreath,26
BirdDragon030,BirdDragon,ShadowBall,30
BirdDragon040,BirdDragon,FireBall,40
BirdDragon050,BirdDragon,DarkLaser,50
BirdDragon070,BirdDragon,DarkLegion,70
BOSS_BirdDragon001,BOSS_BirdDragon,AirCanon,1
BOSS_BirdDragon007,BOSS_BirdDragon,FireBlast,7
BOSS_BirdDragon015,BOSS_BirdDragon,FireSeed,15
BOSS_BirdDragon022,BOSS_BirdDragon,Flamethrower,22
BOSS_BirdDragon026,BOSS_BirdDragon,Unique_BirdDragon_FireBreath,26
BOSS_BirdDragon030,BOSS_BirdDragon,ShadowBall,30
BOSS_BirdDragon040,BOSS_BirdDragon,FireBall,40
BOSS_BirdDragon050,BOSS_BirdDragon,DarkLaser,50
BOSS_BirdDragon070,BOSS_BirdDragon,DarkLegion,70
PREDATOR_BirdDragon001,PREDATOR_BirdDragon,AirCanon,1
PREDATOR_BirdDragon007,PREDATOR_BirdDragon,FireBlast,7
PREDATOR_BirdDragon010,PREDATOR_BirdDragon,PredatorWave,10
PREDATOR_BirdDragon015,PREDATOR_BirdDragon,FireSeed,15
PREDATOR_BirdDragon020,PREDATOR_BirdDragon,PredatorLockon,20
PREDATOR_BirdDragon022,PREDATOR_BirdDragon,Flamethrower,22
PREDATOR_BirdDragon026,PREDATOR_BirdDragon,Unique_BirdDragon_FireBreath,26
PREDATOR_BirdDragon029,PREDATOR_BirdDragon,ShadowBall,29
PREDATOR_BirdDragon030,PREDATOR_BirdDragon,PredatorBeam,30
PREDATOR_BirdDragon040,PREDATOR_BirdDragon,FireBall,40
PREDATOR_BirdDragon070,PREDATOR_BirdDragon,DarkLegion,70
BirdDragon_Ice001,BirdDragon_Ice,AirCanon,1
BirdDragon_Ice007,BirdDragon_Ice,IceMissile,7
BirdDragon_Ice015,BirdDragon_Ice,IceBlade,15
BirdDragon_Ice022,BirdDragon_Ice,FrostBreath,22
BirdDragon_Ice026,BirdDragon_Ice,Unique_BirdDragon_Ice_IceBreath,26
BirdDragon_Ice030,BirdDragon_Ice,ShadowBall,30
BirdDragon_Ice040,BirdDragon_Ice,IcicleThrow,40
BirdDragon_Ice050,BirdDragon_Ice,DarkLaser,50
BirdDragon_Ice070,BirdDragon_Ice,DiamondFall,70
BOSS_BirdDragon_Ice001,BOSS_BirdDragon_Ice,AirCanon,1
BOSS_BirdDragon_Ice007,BOSS_BirdDragon_Ice,IceMissile,7
BOSS_BirdDragon_Ice015,BOSS_BirdDragon_Ice,IceBlade,15
BOSS_BirdDragon_Ice022,BOSS_BirdDragon_Ice,FrostBreath,22
BOSS_BirdDragon_Ice026,BOSS_BirdDragon_Ice,Unique_BirdDragon_Ice_IceBreath,26
BOSS_BirdDragon_Ice030,BOSS_BirdDragon_Ice,ShadowBall,30
BOSS_BirdDragon_Ice040,BOSS_BirdDragon_Ice,IcicleThrow,40
BOSS_BirdDragon_Ice050,BOSS_BirdDragon_Ice,DarkLaser,50
BOSS_BirdDragon_Ice070,BOSS_BirdDragon_Ice,DiamondFall,70
FlowerDinosaur001,FlowerDinosaur,WindCutter,1
FlowerDinosaur007,FlowerDinosaur,Unique_FlowerDinosaur_Whip,7
FlowerDinosaur015,FlowerDinosaur,DragonWave,15
FlowerDinosaur022,FlowerDinosaur,SeedMine,22
FlowerDinosaur030,FlowerDinosaur,DragonBreath,30
FlowerDinosaur040,FlowerDinosaur,RootAttack,40
FlowerDinosaur050,FlowerDinosaur,SolarBeam,50
FlowerDinosaur070,FlowerDinosaur,WindBurst,70
BOSS_FlowerDinosaur001,BOSS_FlowerDinosaur,WindCutter,1
BOSS_FlowerDinosaur007,BOSS_FlowerDinosaur,Unique_FlowerDinosaur_Whip,7
BOSS_FlowerDinosaur015,BOSS_FlowerDinosaur,DragonWave,15
BOSS_FlowerDinosaur022,BOSS_FlowerDinosaur,SeedMine,22
BOSS_FlowerDinosaur030,BOSS_FlowerDinosaur,DragonBreath,30
BOSS_FlowerDinosaur040,BOSS_FlowerDinosaur,RootAttack,40
BOSS_FlowerDinosaur050,BOSS_FlowerDinosaur,SolarBeam,50
BOSS_FlowerDinosaur070,BOSS_FlowerDinosaur,WindBurst,70
PREDATOR_FlowerDinosaur001,PREDATOR_FlowerDinosaur,WindCutter,1
PREDATOR_FlowerDinosaur007,PREDATOR_FlowerDinosaur,Unique_FlowerDinosaur_Whip,7
PREDATOR_FlowerDinosaur010,PREDATOR_FlowerDinosaur,PredatorWave,10
PREDATOR_FlowerDinosaur015,PREDATOR_FlowerDinosaur,DragonWave,15
PREDATOR_FlowerDinosaur020,PREDATOR_FlowerDinosaur,PredatorLockon,20
PREDATOR_FlowerDinosaur022,PREDATOR_FlowerDinosaur,SeedMine,22
PREDATOR_FlowerDinosaur029,PREDATOR_FlowerDinosaur,DragonBreath,29
PREDATOR_FlowerDinosaur030,PREDATOR_FlowerDinosaur,PredatorBeam,30
PREDATOR_FlowerDinosaur040,PREDATOR_FlowerDinosaur,RootAttack,40
PREDATOR_FlowerDinosaur070,PREDATOR_FlowerDinosaur,WindBurst,70
FlowerDinosaur_Electric001,FlowerDinosaur_Electric,ElecWave,1
FlowerDinosaur_Electric007,FlowerDinosaur_Electric,ThunderFunnel,7
FlowerDinosaur_Electric015,FlowerDinosaur_Electric,Unique_FlowerDinosaur_Whip,15
FlowerDinosaur_Electric022,FlowerDinosaur_Electric,DragonBreath,22
FlowerDinosaur_Electric030,FlowerDinosaur_Electric,ThreeThunder,30
FlowerDinosaur_Electric035,FlowerDinosaur_Electric,Unique_FlowerDinosaur_Electric_ThunderWhip,35
FlowerDinosaur_Electric040,FlowerDinosaur_Electric,LightningStrike,40
FlowerDinosaur_Electric050,FlowerDinosaur_Electric,Thunderbolt,50
FlowerDinosaur_Electric070,FlowerDinosaur_Electric,ThunderStorm,70
BOSS_FlowerDinosaur_Electric001,BOSS_FlowerDinosaur_Electric,ElecWave,1
BOSS_FlowerDinosaur_Electric007,BOSS_FlowerDinosaur_Electric,ThunderFunnel,7
BOSS_FlowerDinosaur_Electric015,BOSS_FlowerDinosaur_Electric,Unique_FlowerDinosaur_Whip,15
BOSS_FlowerDinosaur_Electric022,BOSS_FlowerDinosaur_Electric,DragonBreath,22
BOSS_FlowerDinosaur_Electric030,BOSS_FlowerDinosaur_Electric,ThreeThunder,30
BOSS_FlowerDinosaur_Electric035,BOSS_FlowerDinosaur_Electric,Unique_FlowerDinosaur_Electric_ThunderWhip,35
BOSS_FlowerDinosaur_Electric040,BOSS_FlowerDinosaur_Electric,LightningStrike,40
BOSS_FlowerDinosaur_Electric050,BOSS_FlowerDinosaur_Electric,Thunderbolt,50
BOSS_FlowerDinosaur_Electric070,BOSS_FlowerDinosaur_Electric,ThunderStorm,70
ElecCat001,ElecCat,SpreadPulse,1
ElecCat007,ElecCat,MudShot,7
ElecCat015,ElecCat,ElecWave,15
ElecCat022,ElecCat,ThunderBall,22
ElecCat030,ElecCat,ThreeThunder,30
ElecCat040,ElecCat,LineThunder,40
ElecCat050,ElecCat,Thunderbolt,50
ElecCat070,ElecCat,Railbolt,70
BOSS_ElecCat001,BOSS_ElecCat,SpreadPulse,1
BOSS_ElecCat007,BOSS_ElecCat,MudShot,7
BOSS_ElecCat015,BOSS_ElecCat,ElecWave,15
BOSS_ElecCat022,BOSS_ElecCat,ThunderBall,22
BOSS_ElecCat030,BOSS_ElecCat,ThreeThunder,30
BOSS_ElecCat040,BOSS_ElecCat,LineThunder,40
BOSS_ElecCat050,BOSS_ElecCat,Thunderbolt,50
BOSS_ElecCat070,BOSS_ElecCat,Railbolt,70
ThunderDog001,ThunderDog,Unique_ThunderDog_BiteV2,1
ThunderDog002,ThunderDog,Unique_ThunderDog_Bite,2
ThunderDog003,ThunderDog,MudShot,3
ThunderDog007,ThunderDog,ElecWave,7
ThunderDog015,ThunderDog,SpreadPulse,15
ThunderDog022,ThunderDog,StoneShotgun,22
ThunderDog026,ThunderDog,Unique_ThunderDog_InazumaShorai,26
ThunderDog030,ThunderDog,ThunderBall,30
ThunderDog040,ThunderDog,LineThunder,40
ThunderDog050,ThunderDog,Thunderbolt,50
ThunderDog070,ThunderDog,ThunderStorm,70
BOSS_ThunderDog001,BOSS_ThunderDog,Unique_ThunderDog_BiteV2,1
BOSS_ThunderDog002,BOSS_ThunderDog,Unique_ThunderDog_Bite,2
BOSS_ThunderDog003,BOSS_ThunderDog,MudShot,3
BOSS_ThunderDog007,BOSS_ThunderDog,ElecWave,7
BOSS_ThunderDog015,BOSS_ThunderDog,SpreadPulse,15
BOSS_ThunderDog022,BOSS_ThunderDog,StoneShotgun,22
BOSS_ThunderDog026,BOSS_ThunderDog,Unique_ThunderDog_InazumaShorai,26
BOSS_ThunderDog030,BOSS_ThunderDog,ThunderBall,30
BOSS_ThunderDog040,BOSS_ThunderDog,LineThunder,40
BOSS_ThunderDog050,BOSS_ThunderDog,Thunderbolt,50
BOSS_ThunderDog070,BOSS_ThunderDog,ThunderStorm,70
PREDATOR_ThunderDog001,PREDATOR_ThunderDog,Unique_ThunderDog_BiteV2,1
PREDATOR_ThunderDog002,PREDATOR_ThunderDog,Unique_ThunderDog_Bite,2
PREDATOR_ThunderDog010,PREDATOR_ThunderDog,PredatorWave,10
PREDATOR_ThunderDog015,PREDATOR_ThunderDog,SpreadPulse,15
PREDATOR_ThunderDog020,PREDATOR_ThunderDog,PredatorLockon,20
PREDATOR_ThunderDog022,PREDATOR_ThunderDog,StoneShotgun,22
PREDATOR_ThunderDog026,PREDATOR_ThunderDog,Unique_ThunderDog_InazumaShorai,26
PREDATOR_ThunderDog029,PREDATOR_ThunderDog,ThunderBall,29
PREDATOR_ThunderDog030,PREDATOR_ThunderDog,PredatorBeam,30
PREDATOR_ThunderDog040,PREDATOR_ThunderDog,LineThunder,40
PREDATOR_ThunderDog070,PREDATOR_ThunderDog,ThunderStorm,70
ThunderDog_Ice001,ThunderDog_Ice,Unique_ThunderDog_Ice_BiteV2,1
ThunderDog_Ice002,ThunderDog_Ice,Unique_ThunderDog_Ice_Bite,2
ThunderDog_Ice003,ThunderDog_Ice,MudShot,3
ThunderDog_Ice007,ThunderDog_Ice,IceBlade,7
ThunderDog_Ice015,ThunderDog_Ice,BlizzardLance,15
ThunderDog_Ice022,ThunderDog_Ice,FrostBreath,22
ThunderDog_Ice030,ThunderDog_Ice,Unique_ThunderDog_Ice_KoriShorai,30
ThunderDog_Ice040,ThunderDog_Ice,IcicleLine,40
ThunderDog_Ice050,ThunderDog_Ice,IcicleThrow,50
ThunderDog_Ice070,ThunderDog_Ice,DiamondFall,70
BOSS_ThunderDog_Ice001,BOSS_ThunderDog_Ice,Unique_ThunderDog_Ice_BiteV2,1
BOSS_ThunderDog_Ice002,BOSS_ThunderDog_Ice,Unique_ThunderDog_Ice_Bite,2
BOSS_ThunderDog_Ice003,BOSS_ThunderDog_Ice,MudShot,3
BOSS_ThunderDog_Ice007,BOSS_ThunderDog_Ice,IceBlade,7
BOSS_ThunderDog_Ice015,BOSS_ThunderDog_Ice,BlizzardLance,15
BOSS_ThunderDog_Ice022,BOSS_ThunderDog_Ice,FrostBreath,22
BOSS_ThunderDog_Ice030,BOSS_ThunderDog_Ice,Unique_ThunderDog_Ice_KoriShorai,30
BOSS_ThunderDog_Ice040,BOSS_ThunderDog_Ice,IcicleLine,40
BOSS_ThunderDog_Ice050,BOSS_ThunderDog_Ice,IcicleThrow,50
BOSS_ThunderDog_Ice070,BOSS_ThunderDog_Ice,DiamondFall,70
IceHorse001,IceHorse,AirCanon,1
IceHorse007,IceHorse,IceMissile,7
IceHorse015,IceHorse,IceBlade,15
IceHorse022,IceHorse,BlizzardLance,22
IceHorse030,IceHorse,Unique_IceHorse_IceBladeAttack,30
IceHorse040,IceHorse,FrostBreath,40
IceHorse050,IceHorse,IcicleThrow,50
IceHorse055,IceHorse,HolyBlast,55
IceHorse060,IceHorse,DoubleIcicleThrow,60
IceHorse070,IceHorse,IceAge,70
BOSS_IceHorse001,BOSS_IceHorse,AirCanon,1
BOSS_IceHorse007,BOSS_IceHorse,IceMissile,7
BOSS_IceHorse015,BOSS_IceHorse,IceBlade,15
BOSS_IceHorse022,BOSS_IceHorse,BlizzardLance,22
BOSS_IceHorse030,BOSS_IceHorse,Unique_IceHorse_IceBladeAttack,30
BOSS_IceHorse040,BOSS_IceHorse,FrostBreath,40
BOSS_IceHorse050,BOSS_IceHorse,IcicleThrow,50
BOSS_IceHorse055,BOSS_IceHorse,HolyBlast,55
BOSS_IceHorse060,BOSS_IceHorse,DoubleIcicleThrow,60
BOSS_IceHorse070,BOSS_IceHorse,IceAge,70
IceHorse_Dark001,IceHorse_Dark,AirCanon,1
IceHorse_Dark007,IceHorse_Dark,DarkBall,7
IceHorse_Dark015,IceHorse_Dark,DarkWave,15
IceHorse_Dark022,IceHorse_Dark,GhostFlame,22
IceHorse_Dark030,IceHorse_Dark,Unique_IceHorse_IceBladeAttack,30
IceHorse_Dark040,IceHorse_Dark,ShadowBall,40
IceHorse_Dark045,IceHorse_Dark,Unique_IceHorse_Dark_DarkBladeAttack,45
IceHorse_Dark050,IceHorse_Dark,DarkLaser,50
IceHorse_Dark055,IceHorse_Dark,DoubleIcicleThrow,55
IceHorse_Dark060,IceHorse_Dark,DarkLegion,60
IceHorse_Dark070,IceHorse_Dark,IceAge,70
BOSS_IceHorse_Dark001,BOSS_IceHorse_Dark,AirCanon,1
BOSS_IceHorse_Dark007,BOSS_IceHorse_Dark,DarkBall,7
BOSS_IceHorse_Dark015,BOSS_IceHorse_Dark,DarkWave,15
BOSS_IceHorse_Dark022,BOSS_IceHorse_Dark,GhostFlame,22
BOSS_IceHorse_Dark030,BOSS_IceHorse_Dark,Unique_IceHorse_IceBladeAttack,30
BOSS_IceHorse_Dark040,BOSS_IceHorse_Dark,ShadowBall,40
BOSS_IceHorse_Dark045,BOSS_IceHorse_Dark,Unique_IceHorse_Dark_DarkBladeAttack,45
BOSS_IceHorse_Dark050,BOSS_IceHorse_Dark,DarkLaser,50
BOSS_IceHorse_Dark055,BOSS_IceHorse_Dark,DoubleIcicleThrow,55
BOSS_IceHorse_Dark060,BOSS_IceHorse_Dark,DarkLegion,60
BOSS_IceHorse_Dark070,BOSS_IceHorse_Dark,IceAge,70
GrassMammoth001,GrassMammoth,MudShot,1
GrassMammoth007,GrassMammoth,SeedMachinegun,7
GrassMammoth015,GrassMammoth,PowerBall,15
GrassMammoth022,GrassMammoth,GrassTornado,22
GrassMammoth030,GrassMammoth,Unique_Grassmammoth_Earthquake,30
GrassMammoth040,GrassMammoth,RootAttack,40
GrassMammoth050,GrassMammoth,SolarBeam,50
GrassMammoth070,GrassMammoth,WindBurst,70
BOSS_GrassMammoth001,BOSS_GrassMammoth,MudShot,1
BOSS_GrassMammoth007,BOSS_GrassMammoth,SeedMachinegun,7
BOSS_GrassMammoth015,BOSS_GrassMammoth,PowerBall,15
BOSS_GrassMammoth022,BOSS_GrassMammoth,GrassTornado,22
BOSS_GrassMammoth030,BOSS_GrassMammoth,Unique_Grassmammoth_Earthquake,30
BOSS_GrassMammoth040,BOSS_GrassMammoth,RootAttack,40
BOSS_GrassMammoth050,BOSS_GrassMammoth,SolarBeam,50
BOSS_GrassMammoth070,BOSS_GrassMammoth,WindBurst,70
GrassMammoth_Ice001,GrassMammoth_Ice,ThrowRock,1
GrassMammoth_Ice007,GrassMammoth_Ice,IceBlade,7
GrassMammoth_Ice015,GrassMammoth_Ice,PowerBall,15
GrassMammoth_Ice022,GrassMammoth_Ice,BlizzardLance,22
GrassMammoth_Ice030,GrassMammoth_Ice,Unique_Grassmammoth_Earthquake,30
GrassMammoth_Ice040,GrassMammoth_Ice,FrostBreath,40
GrassMammoth_Ice050,GrassMammoth_Ice,IcicleThrow,50
GrassMammoth_Ice070,GrassMammoth_Ice,DiamondFall,70
BOSS_GrassMammoth_Ice001,BOSS_GrassMammoth_Ice,ThrowRock,1
BOSS_GrassMammoth_Ice007,BOSS_GrassMammoth_Ice,IceBlade,7
BOSS_GrassMammoth_Ice015,BOSS_GrassMammoth_Ice,PowerBall,15
BOSS_GrassMammoth_Ice022,BOSS_GrassMammoth_Ice,BlizzardLance,22
BOSS_GrassMammoth_Ice030,BOSS_GrassMammoth_Ice,Unique_Grassmammoth_Earthquake,30
BOSS_GrassMammoth_Ice040,BOSS_GrassMammoth_Ice,FrostBreath,40
BOSS_GrassMammoth_Ice050,BOSS_GrassMammoth_Ice,IcicleThrow,50
BOSS_GrassMammoth_Ice070,BOSS_GrassMammoth_Ice,DiamondFall,70
PREDATOR_GrassMammoth_Ice001,PREDATOR_GrassMammoth_Ice,ThrowRock,1
PREDATOR_GrassMammoth_Ice007,PREDATOR_GrassMammoth_Ice,IceBlade,7
PREDATOR_GrassMammoth_Ice010,PREDATOR_GrassMammoth_Ice,PredatorWave,10
PREDATOR_GrassMammoth_Ice015,PREDATOR_GrassMammoth_Ice,PowerBall,15
PREDATOR_GrassMammoth_Ice020,PREDATOR_GrassMammoth_Ice,PredatorLockon,20
PREDATOR_GrassMammoth_Ice022,PREDATOR_GrassMammoth_Ice,BlizzardLance,22
PREDATOR_GrassMammoth_Ice029,PREDATOR_GrassMammoth_Ice,Unique_Grassmammoth_Earthquake,29
PREDATOR_GrassMammoth_Ice030,PREDATOR_GrassMammoth_Ice,PredatorBeam,30
PREDATOR_GrassMammoth_Ice040,PREDATOR_GrassMammoth_Ice,FrostBreath,40
PREDATOR_GrassMammoth_Ice050,PREDATOR_GrassMammoth_Ice,IcicleThrow,50
PREDATOR_GrassMammoth_Ice070,PREDATOR_GrassMammoth_Ice,DiamondFall,70
CatVampire001,CatVampire,PoisonShot,1
CatVampire007,CatVampire,DarkBall,7
CatVampire015,CatVampire,DarkWave,15
CatVampire022,CatVampire,GhostFlame,22
CatVampire030,CatVampire,ShadowBall,30
CatVampire040,CatVampire,Inferno,40
CatVampire050,CatVampire,DarkLaser,50
CatVampire070,CatVampire,DarkLegion,70
BOSS_CatVampire001,BOSS_CatVampire,PoisonShot,1
BOSS_CatVampire007,BOSS_CatVampire,DarkBall,7
BOSS_CatVampire015,BOSS_CatVampire,DarkWave,15
BOSS_CatVampire022,BOSS_CatVampire,GhostFlame,22
BOSS_CatVampire030,BOSS_CatVampire,ShadowBall,30
BOSS_CatVampire040,BOSS_CatVampire,Inferno,40
BOSS_CatVampire050,BOSS_CatVampire,DarkLaser,50
BOSS_CatVampire070,BOSS_CatVampire,DarkLegion,70
SakuraSaurus001,SakuraSaurus,WindCutter,1
SakuraSaurus007,SakuraSaurus,MudShot,7
SakuraSaurus015,SakuraSaurus,Unique_SakuraSaurus_SideTackle,15
SakuraSaurus022,SakuraSaurus,SeedMine,22
SakuraSaurus030,SakuraSaurus,GrassTornado,30
SakuraSaurus040,SakuraSaurus,RootAttack,40
SakuraSaurus050,SakuraSaurus,SolarBeam,50
SakuraSaurus070,SakuraSaurus,WindBurst,70
BOSS_SakuraSaurus001,BOSS_SakuraSaurus,WindCutter,1
BOSS_SakuraSaurus007,BOSS_SakuraSaurus,MudShot,7
BOSS_SakuraSaurus015,BOSS_SakuraSaurus,Unique_SakuraSaurus_SideTackle,15
BOSS_SakuraSaurus022,BOSS_SakuraSaurus,SeedMine,22
BOSS_SakuraSaurus030,BOSS_SakuraSaurus,GrassTornado,30
BOSS_SakuraSaurus040,BOSS_SakuraSaurus,RootAttack,40
BOSS_SakuraSaurus050,BOSS_SakuraSaurus,SolarBeam,50
BOSS_SakuraSaurus070,BOSS_SakuraSaurus,WindBurst,70
SakuraSaurus_Water001,SakuraSaurus_Water,WaterGun,1
SakuraSaurus_Water007,SakuraSaurus_Water,BubbleShot,7
SakuraSaurus_Water015,SakuraSaurus_Water,Unique_SakuraSaurus_SideTackle,15
SakuraSaurus_Water022,SakuraSaurus_Water,SeedMine,22
SakuraSaurus_Water026,SakuraSaurus_Water,Unique_SakuraSaurus_Water_SplashTackle,26
SakuraSaurus_Water030,SakuraSaurus_Water,RootAttack,30
SakuraSaurus_Water040,SakuraSaurus_Water,WaterBall,40
SakuraSaurus_Water050,SakuraSaurus_Water,HydroPump,50
SakuraSaurus_Water070,SakuraSaurus_Water,SeaGush,70
BOSS_SakuraSaurus_Water001,BOSS_SakuraSaurus_Water,WaterGun,1
BOSS_SakuraSaurus_Water007,BOSS_SakuraSaurus_Water,BubbleShot,7
BOSS_SakuraSaurus_Water015,BOSS_SakuraSaurus_Water,Unique_SakuraSaurus_SideTackle,15
BOSS_SakuraSaurus_Water022,BOSS_SakuraSaurus_Water,SeedMine,22
BOSS_SakuraSaurus_Water026,BOSS_SakuraSaurus_Water,Unique_SakuraSaurus_Water_SplashTackle,26
BOSS_SakuraSaurus_Water030,BOSS_SakuraSaurus_Water,RootAttack,30
BOSS_SakuraSaurus_Water040,BOSS_SakuraSaurus_Water,WaterBall,40
BOSS_SakuraSaurus_Water050,BOSS_SakuraSaurus_Water,HydroPump,50
BOSS_SakuraSaurus_Water070,BOSS_SakuraSaurus_Water,SeaGush,70
Horus001,Horus,FireBlast,1
Horus007,Horus,FlareArrow,7
Horus015,Horus,FireSeed,15
Horus022,Horus,Flamethrower,22
Horus030,Horus,Unique_Horus_FlareBird,30
Horus040,Horus,Inferno,40
Horus050,Horus,FireBall,50
Horus055,Horus,Unique_Horus_PerfectStorm,55
Horus070,Horus,HolyBlast,70
BOSS_Horus001,BOSS_Horus,FireBlast,1
BOSS_Horus007,BOSS_Horus,FlareArrow,7
BOSS_Horus015,BOSS_Horus,FireSeed,15
BOSS_Horus022,BOSS_Horus,Flamethrower,22
BOSS_Horus030,BOSS_Horus,Unique_Horus_FlareBird,30
BOSS_Horus040,BOSS_Horus,Inferno,40
BOSS_Horus050,BOSS_Horus,FireBall,50
BOSS_Horus055,BOSS_Horus,Unique_Horus_PerfectStorm,55
BOSS_Horus070,BOSS_Horus,HolyBlast,70
GYM_Horus001,GYM_Horus,Unique_Horus_FlareBird,1
GYM_Horus002,GYM_Horus,FlareArrow,2
GYM_Horus003,GYM_Horus,Flamethrower,3
GYM_Horus004,GYM_Horus,FlameWall,4
GYM_Horus005,GYM_Horus,FlameFunnel,5
GYM_Horus006,GYM_Horus,Inferno,6
GYM_Horus007,GYM_Horus,FireSeed,7
GYM_Horus008,GYM_Horus,Eruption,8
Horus_Oilrig001,Horus_Oilrig,FireBlast,1
Horus_Oilrig007,Horus_Oilrig,FlareArrow,7
Horus_Oilrig015,Horus_Oilrig,FireSeed,15
Horus_Oilrig022,Horus_Oilrig,Flamethrower,22
Horus_Oilrig030,Horus_Oilrig,Unique_Horus_FlareBird,30
Horus_Oilrig040,Horus_Oilrig,Inferno,40
Horus_Oilrig050,Horus_Oilrig,FireBall,50
Horus_Oilrig055,Horus_Oilrig,Unique_Horus_PerfectStorm,55
Horus_Oilrig070,Horus_Oilrig,HolyBlast,70
Horus_Water001,Horus_Water,AquaJet,1
Horus_Water007,Horus_Water,BubbleShot,7
Horus_Water015,Horus_Water,AcidRain,15
Horus_Water022,Horus_Water,LineGeyser,22
Horus_Water030,Horus_Water,WallSplash,30
Horus_Water040,Horus_Water,Unique_Horus_Water_AquaStorm,40
Horus_Water050,Horus_Water,HydroPump,50
Horus_Water070,Horus_Water,SeaGush,70
BOSS_Horus_Water001,BOSS_Horus_Water,AquaJet,1
BOSS_Horus_Water007,BOSS_Horus_Water,BubbleShot,7
BOSS_Horus_Water015,BOSS_Horus_Water,AcidRain,15
BOSS_Horus_Water022,BOSS_Horus_Water,LineGeyser,22
BOSS_Horus_Water030,BOSS_Horus_Water,WallSplash,30
BOSS_Horus_Water040,BOSS_Horus_Water,Unique_Horus_Water_AquaStorm,40
BOSS_Horus_Water050,BOSS_Horus_Water,HydroPump,50
BOSS_Horus_Water070,BOSS_Horus_Water,SeaGush,70
PREDATOR_Horus_Water001,PREDATOR_Horus_Water,AquaJet,1
PREDATOR_Horus_Water007,PREDATOR_Horus_Water,BubbleShot,7
PREDATOR_Horus_Water010,PREDATOR_Horus_Water,PredatorWave,10
PREDATOR_Horus_Water015,PREDATOR_Horus_Water,AcidRain,15
PREDATOR_Horus_Water020,PREDATOR_Horus_Water,PredatorLockon,20
PREDATOR_Horus_Water022,PREDATOR_Horus_Water,LineGeyser,22
PREDATOR_Horus_Water029,PREDATOR_Horus_Water,WallSplash,29
PREDATOR_Horus_Water030,PREDATOR_Horus_Water,PredatorBeam,30
PREDATOR_Horus_Water040,PREDATOR_Horus_Water,Unique_Horus_Water_AquaStorm,40
PREDATOR_Horus_Water070,PREDATOR_Horus_Water,SeaGush,70
KingBahamut001,KingBahamut,PowerShot,1
KingBahamut007,KingBahamut,FireBlast,7
KingBahamut015,KingBahamut,StoneShotgun,15
KingBahamut022,KingBahamut,Flamethrower,22
KingBahamut030,KingBahamut,Inferno,30
KingBahamut035,KingBahamut,Unique_KingBahamut_ArmSmash,35
KingBahamut040,KingBahamut,FireBall,40
KingBahamut050,KingBahamut,RockLance,50
KingBahamut070,KingBahamut,RockBeat,70
BOSS_KingBahamut001,BOSS_KingBahamut,PowerShot,1
BOSS_KingBahamut007,BOSS_KingBahamut,FireBlast,7
BOSS_KingBahamut015,BOSS_KingBahamut,StoneShotgun,15
BOSS_KingBahamut022,BOSS_KingBahamut,Flamethrower,22
BOSS_KingBahamut030,BOSS_KingBahamut,Inferno,30
BOSS_KingBahamut035,BOSS_KingBahamut,Unique_KingBahamut_ArmSmash,35
BOSS_KingBahamut040,BOSS_KingBahamut,FireBall,40
BOSS_KingBahamut050,BOSS_KingBahamut,RockLance,50
BOSS_KingBahamut070,BOSS_KingBahamut,RockBeat,70
BerryGoat001,BerryGoat,WindCutter,1
BerryGoat007,BerryGoat,AirCanon,7
BerryGoat015,BerryGoat,MudShot,15
BerryGoat022,BerryGoat,PowerShot,22
BerryGoat030,BerryGoat,GrassTornado,30
BerryGoat040,BerryGoat,RootAttack,40
BerryGoat050,BerryGoat,SolarBeam,50
BerryGoat070,BerryGoat,WindBurst,70
BOSS_BerryGoat001,BOSS_BerryGoat,WindCutter,1
BOSS_BerryGoat007,BOSS_BerryGoat,AirCanon,7
BOSS_BerryGoat015,BOSS_BerryGoat,MudShot,15
BOSS_BerryGoat022,BOSS_BerryGoat,PowerShot,22
BOSS_BerryGoat030,BOSS_BerryGoat,GrassTornado,30
BOSS_BerryGoat040,BOSS_BerryGoat,RootAttack,40
BOSS_BerryGoat050,BOSS_BerryGoat,SolarBeam,50
BOSS_BerryGoat070,BOSS_BerryGoat,WindBurst,70
BerryGoat_Dark001,BerryGoat_Dark,PoisonFog,1
BerryGoat_Dark007,BerryGoat_Dark,WindCutter,7
BerryGoat_Dark015,BerryGoat_Dark,PoisonShot,15
BerryGoat_Dark022,BerryGoat_Dark,SpecialCutter,22
BerryGoat_Dark030,BerryGoat_Dark,BubbleShower,30
BerryGoat_Dark040,BerryGoat_Dark,RootLance,40
BerryGoat_Dark050,BerryGoat_Dark,DarkLaser,50
BerryGoat_Dark070,BerryGoat_Dark,DarkLegion,70
BOSS_BerryGoat_Dark001,BOSS_BerryGoat_Dark,PoisonFog,1
BOSS_BerryGoat_Dark007,BOSS_BerryGoat_Dark,WindCutter,7
BOSS_BerryGoat_Dark015,BOSS_BerryGoat_Dark,PoisonShot,15
BOSS_BerryGoat_Dark022,BOSS_BerryGoat_Dark,SpecialCutter,22
BOSS_BerryGoat_Dark030,BOSS_BerryGoat_Dark,BubbleShower,30
BOSS_BerryGoat_Dark040,BOSS_BerryGoat_Dark,RootLance,40
BOSS_BerryGoat_Dark050,BOSS_BerryGoat_Dark,DarkLaser,50
BOSS_BerryGoat_Dark070,BOSS_BerryGoat_Dark,DarkLegion,70
IceDeer001,IceDeer,AirCanon,1
IceDeer007,IceDeer,IceMissile,7
IceDeer015,IceDeer,IceBlade,15
IceDeer022,IceDeer,Unique_IceDeer_IceHorn,22
IceDeer030,IceDeer,BlizzardLance,30
IceDeer040,IceDeer,FrostBreath,40
IceDeer050,IceDeer,IcicleThrow,50
IceDeer070,IceDeer,DiamondFall,70
BOSS_IceDeer001,BOSS_IceDeer,AirCanon,1
BOSS_IceDeer007,BOSS_IceDeer,IceMissile,7
BOSS_IceDeer015,BOSS_IceDeer,IceBlade,15
BOSS_IceDeer022,BOSS_IceDeer,Unique_IceDeer_IceHorn,22
BOSS_IceDeer030,BOSS_IceDeer,BlizzardLance,30
BOSS_IceDeer040,BOSS_IceDeer,FrostBreath,40
BOSS_IceDeer050,BOSS_IceDeer,IcicleThrow,50
BOSS_IceDeer070,BOSS_IceDeer,DiamondFall,70
BlackGriffon001,BlackGriffon,AirCanon,1
BlackGriffon007,BlackGriffon,DarkBall,7
BlackGriffon015,BlackGriffon,DarkWave,15
BlackGriffon022,BlackGriffon,GhostFlame,22
BlackGriffon030,BlackGriffon,ShadowBall,30
BlackGriffon040,BlackGriffon,Unique_BlackGriffon_TackleLaser,40
BlackGriffon050,BlackGriffon,DarkLaser,50
BlackGriffon055,BlackGriffon,Unique_BlackGriffon_TackleLaser2,55
BlackGriffon070,BlackGriffon,DarkLegion,70
BOSS_BlackGriffon001,BOSS_BlackGriffon,AirCanon,1
BOSS_BlackGriffon007,BOSS_BlackGriffon,DarkBall,7
BOSS_BlackGriffon015,BOSS_BlackGriffon,DarkWave,15
BOSS_BlackGriffon022,BOSS_BlackGriffon,GhostFlame,22
BOSS_BlackGriffon030,BOSS_BlackGriffon,ShadowBall,30
BOSS_BlackGriffon040,BOSS_BlackGriffon,Unique_BlackGriffon_TackleLaser,40
BOSS_BlackGriffon050,BOSS_BlackGriffon,DarkLaser,50
BOSS_BlackGriffon055,BOSS_BlackGriffon,Unique_BlackGriffon_TackleLaser2,55
BOSS_BlackGriffon070,BOSS_BlackGriffon,DarkLegion,70
GYM_BlackGriffon001,GYM_BlackGriffon,Unique_BlackGriffon_TackleLaser,1
GYM_BlackGriffon002,GYM_BlackGriffon,DarkLegion,2
GYM_BlackGriffon003,GYM_BlackGriffon,DarkPulse,3
GYM_BlackGriffon004,GYM_BlackGriffon,ShadowBall,4
GYM_BlackGriffon005,GYM_BlackGriffon,DarkLaser,5
GYM_BlackGriffon006,GYM_BlackGriffon,BubbleShower,6
GYM_BlackGriffon007,GYM_BlackGriffon,GhostFlame,7
GYM_BlackGriffon008,GYM_BlackGriffon,DarkCanon,8
WhiteMoth001,WhiteMoth,IceMissile,1
WhiteMoth007,WhiteMoth,IceBlade,7
WhiteMoth015,WhiteMoth,BlizzardLance,15
WhiteMoth022,WhiteMoth,FrostBreath,22
WhiteMoth030,WhiteMoth,GhostFlame,30
WhiteMoth040,WhiteMoth,WaterBall,40
WhiteMoth050,WhiteMoth,IcicleThrow,50
WhiteMoth070,WhiteMoth,DiamondFall,70
BOSS_WhiteMoth001,BOSS_WhiteMoth,IceMissile,1
BOSS_WhiteMoth007,BOSS_WhiteMoth,IceBlade,7
BOSS_WhiteMoth015,BOSS_WhiteMoth,BlizzardLance,15
BOSS_WhiteMoth022,BOSS_WhiteMoth,FrostBreath,22
BOSS_WhiteMoth030,BOSS_WhiteMoth,GhostFlame,30
BOSS_WhiteMoth040,BOSS_WhiteMoth,WaterBall,40
BOSS_WhiteMoth050,BOSS_WhiteMoth,IcicleThrow,50
BOSS_WhiteMoth070,BOSS_WhiteMoth,DiamondFall,70
WhiteMoth_Neutral001,WhiteMoth_Neutral,AirCanon,1
WhiteMoth_Neutral007,WhiteMoth_Neutral,PowerShot,7
WhiteMoth_Neutral015,WhiteMoth_Neutral,PowerBall,15
WhiteMoth_Neutral022,WhiteMoth_Neutral,AirBlade,22
WhiteMoth_Neutral030,WhiteMoth_Neutral,IcicleThrow,30
WhiteMoth_Neutral040,WhiteMoth_Neutral,HyperBeam,40
WhiteMoth_Neutral050,WhiteMoth_Neutral,DiamondFall,50
WhiteMoth_Neutral070,WhiteMoth_Neutral,HolyBlast,70
BOSS_WhiteMoth_Neutral001,BOSS_WhiteMoth_Neutral,AirCanon,1
BOSS_WhiteMoth_Neutral007,BOSS_WhiteMoth_Neutral,PowerShot,7
BOSS_WhiteMoth_Neutral015,BOSS_WhiteMoth_Neutral,PowerBall,15
BOSS_WhiteMoth_Neutral022,BOSS_WhiteMoth_Neutral,AirBlade,22
BOSS_WhiteMoth_Neutral030,BOSS_WhiteMoth_Neutral,IcicleThrow,30
BOSS_WhiteMoth_Neutral040,BOSS_WhiteMoth_Neutral,HyperBeam,40
BOSS_WhiteMoth_Neutral050,BOSS_WhiteMoth_Neutral,DiamondFall,50
BOSS_WhiteMoth_Neutral070,BOSS_WhiteMoth_Neutral,HolyBlast,70
FoxMage001,FoxMage,FireBlast,1
FoxMage007,FoxMage,FireSeed,7
FoxMage015,FoxMage,FlareArrow,15
FoxMage022,FoxMage,GhostFlame,22
FoxMage030,FoxMage,FlareTornado,30
FoxMage040,FoxMage,FireBall,40
FoxMage050,FoxMage,DragonMeteor,50
FoxMage070,FoxMage,HolyBlast,70
BOSS_FoxMage001,BOSS_FoxMage,FireBlast,1
BOSS_FoxMage007,BOSS_FoxMage,FireSeed,7
BOSS_FoxMage015,BOSS_FoxMage,FlareArrow,15
BOSS_FoxMage022,BOSS_FoxMage,GhostFlame,22
BOSS_FoxMage030,BOSS_FoxMage,FlareTornado,30
BOSS_FoxMage040,BOSS_FoxMage,FireBall,40
BOSS_FoxMage050,BOSS_FoxMage,DragonMeteor,50
BOSS_FoxMage070,BOSS_FoxMage,HolyBlast,70
PinkLizard001,PinkLizard,PowerShot,1
PinkLizard007,PinkLizard,PoisonShot,7
PinkLizard015,PinkLizard,DarkWave,15
PinkLizard022,PinkLizard,AcidRain,22
PinkLizard030,PinkLizard,PowerBall,30
PinkLizard035,PinkLizard,BubbleShower,35
PinkLizard040,PinkLizard,SelfDestruct,40
PinkLizard050,PinkLizard,HyperBeam,50
PinkLizard055,PinkLizard,DarkLaser,55
PinkLizard070,PinkLizard,DarkLegion,70
BOSS_PinkLizard001,BOSS_PinkLizard,PowerShot,1
BOSS_PinkLizard007,BOSS_PinkLizard,PoisonShot,7
BOSS_PinkLizard015,BOSS_PinkLizard,DarkWave,15
BOSS_PinkLizard022,BOSS_PinkLizard,AcidRain,22
BOSS_PinkLizard030,BOSS_PinkLizard,PowerBall,30
BOSS_PinkLizard035,BOSS_PinkLizard,BubbleShower,35
BOSS_PinkLizard040,BOSS_PinkLizard,SelfDestruct,40
BOSS_PinkLizard050,BOSS_PinkLizard,HyperBeam,50
BOSS_PinkLizard055,BOSS_PinkLizard,DarkLaser,55
BOSS_PinkLizard070,BOSS_PinkLizard,DarkLegion,70
PREDATOR_PinkLizard001,PREDATOR_PinkLizard,PowerShot,1
PREDATOR_PinkLizard007,PREDATOR_PinkLizard,PoisonShot,7
PREDATOR_PinkLizard010,PREDATOR_PinkLizard,PredatorWave,10
PREDATOR_PinkLizard020,PREDATOR_PinkLizard,PredatorLockon,20
PREDATOR_PinkLizard022,PREDATOR_PinkLizard,AcidRain,22
PREDATOR_PinkLizard029,PREDATOR_PinkLizard,PowerBall,29
PREDATOR_PinkLizard030,PREDATOR_PinkLizard,PredatorBeam,30
PREDATOR_PinkLizard035,PREDATOR_PinkLizard,BubbleShower,35
PREDATOR_PinkLizard070,PREDATOR_PinkLizard,DarkLegion,70
WizardOwl001,WizardOwl,AirCanon,1
WizardOwl007,WizardOwl,DarkBall,7
WizardOwl015,WizardOwl,DarkWave,15
WizardOwl022,WizardOwl,SandTornado,22
WizardOwl030,WizardOwl,GhostFlame,30
WizardOwl040,WizardOwl,ShadowBall,40
WizardOwl050,WizardOwl,DarkLaser,50
WizardOwl070,WizardOwl,DarkLegion,70
BOSS_WizardOwl001,BOSS_WizardOwl,AirCanon,1
BOSS_WizardOwl007,BOSS_WizardOwl,DarkBall,7
BOSS_WizardOwl015,BOSS_WizardOwl,DarkWave,15
BOSS_WizardOwl022,BOSS_WizardOwl,SandTornado,22
BOSS_WizardOwl030,BOSS_WizardOwl,GhostFlame,30
BOSS_WizardOwl040,BOSS_WizardOwl,ShadowBall,40
BOSS_WizardOwl050,BOSS_WizardOwl,DarkLaser,50
BOSS_WizardOwl070,BOSS_WizardOwl,DarkLegion,70
Kelpie001,Kelpie,AquaJet,1
Kelpie007,Kelpie,DragonCanon,7
Kelpie015,Kelpie,WaterGun,15
Kelpie022,Kelpie,BubbleShot,22
Kelpie030,Kelpie,PowerBall,30
Kelpie040,Kelpie,WaterBall,40
Kelpie050,Kelpie,HydroPump,50
Kelpie070,Kelpie,SeaGush,70
BOSS_Kelpie001,BOSS_Kelpie,AquaJet,1
BOSS_Kelpie007,BOSS_Kelpie,DragonCanon,7
BOSS_Kelpie015,BOSS_Kelpie,WaterGun,15
BOSS_Kelpie022,BOSS_Kelpie,BubbleShot,22
BOSS_Kelpie030,BOSS_Kelpie,PowerBall,30
BOSS_Kelpie040,BOSS_Kelpie,WaterBall,40
BOSS_Kelpie050,BOSS_Kelpie,HydroPump,50
BOSS_Kelpie070,BOSS_Kelpie,SeaGush,70
Kelpie_Fire001,Kelpie_Fire,FireBlast,1
Kelpie_Fire007,Kelpie_Fire,DragonCanon,7
Kelpie_Fire015,Kelpie_Fire,FireSeed,15
Kelpie_Fire022,Kelpie_Fire,FlareArrow,22
Kelpie_Fire030,Kelpie_Fire,DragonWave,30
Kelpie_Fire040,Kelpie_Fire,Flamethrower,40
Kelpie_Fire050,Kelpie_Fire,FireBall,50
Kelpie_Fire070,Kelpie_Fire,DragonMeteor,70
BOSS_Kelpie_Fire001,BOSS_Kelpie_Fire,FireBlast,1
BOSS_Kelpie_Fire007,BOSS_Kelpie_Fire,DragonCanon,7
BOSS_Kelpie_Fire015,BOSS_Kelpie_Fire,FireSeed,15
BOSS_Kelpie_Fire022,BOSS_Kelpie_Fire,FlareArrow,22
BOSS_Kelpie_Fire030,BOSS_Kelpie_Fire,DragonWave,30
BOSS_Kelpie_Fire040,BOSS_Kelpie_Fire,Flamethrower,40
BOSS_Kelpie_Fire050,BOSS_Kelpie_Fire,FireBall,50
BOSS_Kelpie_Fire070,BOSS_Kelpie_Fire,DragonMeteor,70
NegativeOctopus001,NegativeOctopus,AquaJet,1
NegativeOctopus007,NegativeOctopus,PoisonShot,7
NegativeOctopus015,NegativeOctopus,DarkBall,15
NegativeOctopus022,NegativeOctopus,DarkWave,22
NegativeOctopus030,NegativeOctopus,AcidRain,30
NegativeOctopus040,NegativeOctopus,ShadowBall,40
NegativeOctopus050,NegativeOctopus,DarkLaser,50
NegativeOctopus070,NegativeOctopus,DarkLegion,70
BOSS_NegativeOctopus001,BOSS_NegativeOctopus,AquaJet,1
BOSS_NegativeOctopus007,BOSS_NegativeOctopus,PoisonShot,7
BOSS_NegativeOctopus015,BOSS_NegativeOctopus,DarkBall,15
BOSS_NegativeOctopus022,BOSS_NegativeOctopus,DarkWave,22
BOSS_NegativeOctopus030,BOSS_NegativeOctopus,AcidRain,30
BOSS_NegativeOctopus040,BOSS_NegativeOctopus,ShadowBall,40
BOSS_NegativeOctopus050,BOSS_NegativeOctopus,DarkLaser,50
BOSS_NegativeOctopus070,BOSS_NegativeOctopus,DarkLegion,70
NegativeOctopus_Neutral001,NegativeOctopus_Neutral,AirCanon,1
NegativeOctopus_Neutral007,NegativeOctopus_Neutral,PowerShot,7
NegativeOctopus_Neutral015,NegativeOctopus_Neutral,BubbleShot,15
NegativeOctopus_Neutral022,NegativeOctopus_Neutral,PowerBall,22
NegativeOctopus_Neutral030,NegativeOctopus_Neutral,AcidRain,30
NegativeOctopus_Neutral040,NegativeOctopus_Neutral,DiversionLaser,40
NegativeOctopus_Neutral050,NegativeOctopus_Neutral,HydroPump,50
NegativeOctopus_Neutral070,NegativeOctopus_Neutral,HolyBlast,70
BOSS_NegativeOctopus_Neutral001,BOSS_NegativeOctopus_Neutral,AirCanon,1
BOSS_NegativeOctopus_Neutral007,BOSS_NegativeOctopus_Neutral,PowerShot,7
BOSS_NegativeOctopus_Neutral015,BOSS_NegativeOctopus_Neutral,BubbleShot,15
BOSS_NegativeOctopus_Neutral022,BOSS_NegativeOctopus_Neutral,PowerBall,22
BOSS_NegativeOctopus_Neutral030,BOSS_NegativeOctopus_Neutral,AcidRain,30
BOSS_NegativeOctopus_Neutral040,BOSS_NegativeOctopus_Neutral,DiversionLaser,40
BOSS_NegativeOctopus_Neutral050,BOSS_NegativeOctopus_Neutral,HydroPump,50
BOSS_NegativeOctopus_Neutral070,BOSS_NegativeOctopus_Neutral,HolyBlast,70
GrassPanda001,GrassPanda,PowerShot,1
GrassPanda007,GrassPanda,SeedMachinegun,7
GrassPanda015,GrassPanda,ThrowRock,15
GrassPanda022,GrassPanda,Unique_GrassPanda_MusclePunch,22
GrassPanda030,GrassPanda,SeedMine,30
GrassPanda040,GrassPanda,RootAttack,40
GrassPanda050,GrassPanda,SolarBeam,50
GrassPanda070,GrassPanda,WindBurst,70
BOSS_GrassPanda001,BOSS_GrassPanda,PowerShot,1
BOSS_GrassPanda007,BOSS_GrassPanda,SeedMachinegun,7
BOSS_GrassPanda015,BOSS_GrassPanda,ThrowRock,15
BOSS_GrassPanda022,BOSS_GrassPanda,Unique_GrassPanda_MusclePunch,22
BOSS_GrassPanda030,BOSS_GrassPanda,SeedMine,30
BOSS_GrassPanda040,BOSS_GrassPanda,RootAttack,40
BOSS_GrassPanda050,BOSS_GrassPanda,SolarBeam,50
BOSS_GrassPanda070,BOSS_GrassPanda,WindBurst,70
PREDATOR_GrassPanda001,PREDATOR_GrassPanda,PowerShot,1
PREDATOR_GrassPanda007,PREDATOR_GrassPanda,SeedMachinegun,7
PREDATOR_GrassPanda010,PREDATOR_GrassPanda,PredatorWave,10
PREDATOR_GrassPanda015,PREDATOR_GrassPanda,ThrowRock,15
PREDATOR_GrassPanda020,PREDATOR_GrassPanda,PredatorLockon,20
PREDATOR_GrassPanda022,PREDATOR_GrassPanda,Unique_GrassPanda_MusclePunch,22
PREDATOR_GrassPanda029,PREDATOR_GrassPanda,SeedMine,29
PREDATOR_GrassPanda030,PREDATOR_GrassPanda,PredatorBeam,30
PREDATOR_GrassPanda040,PREDATOR_GrassPanda,RootAttack,40
PREDATOR_GrassPanda070,PREDATOR_GrassPanda,WindBurst,70
GrassPanda_Electric001,GrassPanda_Electric,SpreadPulse,1
GrassPanda_Electric007,GrassPanda_Electric,ElecWave,7
GrassPanda_Electric015,GrassPanda_Electric,LineThunder,15
GrassPanda_Electric022,GrassPanda_Electric,Unique_GrassPanda_Electric_ElectricPunch,22
GrassPanda_Electric030,GrassPanda_Electric,ThreeThunder,30
GrassPanda_Electric040,GrassPanda_Electric,LightningStrike,40
GrassPanda_Electric050,GrassPanda_Electric,Thunderbolt,50
GrassPanda_Electric070,GrassPanda_Electric,Railbolt,70
BOSS_GrassPanda_Electric001,BOSS_GrassPanda_Electric,SpreadPulse,1
BOSS_GrassPanda_Electric007,BOSS_GrassPanda_Electric,ElecWave,7
BOSS_GrassPanda_Electric015,BOSS_GrassPanda_Electric,LineThunder,15
BOSS_GrassPanda_Electric022,BOSS_GrassPanda_Electric,Unique_GrassPanda_Electric_ElectricPunch,22
BOSS_GrassPanda_Electric030,BOSS_GrassPanda_Electric,ThreeThunder,30
BOSS_GrassPanda_Electric040,BOSS_GrassPanda_Electric,LightningStrike,40
BOSS_GrassPanda_Electric050,BOSS_GrassPanda_Electric,Thunderbolt,50
BOSS_GrassPanda_Electric070,BOSS_GrassPanda_Electric,Railbolt,70
GrassPanda_Electric_Tower001,GrassPanda_Electric_Tower,SpreadPulse,1
GrassPanda_Electric_Tower007,GrassPanda_Electric_Tower,ElecWave,7
GrassPanda_Electric_Tower015,GrassPanda_Electric_Tower,LineThunder,15
GrassPanda_Electric_Tower022,GrassPanda_Electric_Tower,Unique_GrassPanda_Electric_ElectricPunch,22
GrassPanda_Electric_Tower030,GrassPanda_Electric_Tower,ThreeThunder,30
GrassPanda_Electric_Tower040,GrassPanda_Electric_Tower,LightningStrike,40
GrassPanda_Electric_Tower050,GrassPanda_Electric_Tower,Thunderbolt,50
GrassPanda_Electric_Tower070,GrassPanda_Electric_Tower,Railbolt,70
DreamDemon001,DreamDemon,DarkBall,1
DreamDemon007,DreamDemon,PoisonShot,7
DreamDemon015,DreamDemon,DarkWave,15
DreamDemon022,DreamDemon,FrostBreath,22
DreamDemon030,DreamDemon,GhostFlame,30
DreamDemon040,DreamDemon,ShadowBall,40
DreamDemon050,DreamDemon,DarkLaser,50
DreamDemon070,DreamDemon,DarkLegion,70
BOSS_DreamDemon001,BOSS_DreamDemon,DarkBall,1
BOSS_DreamDemon007,BOSS_DreamDemon,PoisonShot,7
BOSS_DreamDemon015,BOSS_DreamDemon,DarkWave,15
BOSS_DreamDemon022,BOSS_DreamDemon,FrostBreath,22
BOSS_DreamDemon030,BOSS_DreamDemon,GhostFlame,30
BOSS_DreamDemon040,BOSS_DreamDemon,ShadowBall,40
BOSS_DreamDemon050,BOSS_DreamDemon,DarkLaser,50
BOSS_DreamDemon070,BOSS_DreamDemon,DarkLegion,70
Monkey001,Monkey,WindCutter,1
Monkey007,Monkey,MudShot,7
Monkey015,Monkey,SeedMachinegun,15
Monkey022,Monkey,SeedMine,22
Monkey030,Monkey,ThrowRock,30
Monkey040,Monkey,GrassTornado,40
Monkey050,Monkey,SolarBeam,50
Monkey070,Monkey,WindBurst,70
BOSS_Monkey001,BOSS_Monkey,WindCutter,1
BOSS_Monkey007,BOSS_Monkey,MudShot,7
BOSS_Monkey015,BOSS_Monkey,SeedMachinegun,15
BOSS_Monkey022,BOSS_Monkey,SeedMine,22
BOSS_Monkey030,BOSS_Monkey,ThrowRock,30
BOSS_Monkey040,BOSS_Monkey,GrassTornado,40
BOSS_Monkey050,BOSS_Monkey,SolarBeam,50
BOSS_Monkey070,BOSS_Monkey,WindBurst,70
Monkey_Fire001,Monkey_Fire,FireBlast,1
Monkey_Fire007,Monkey_Fire,FireSeed,7
Monkey_Fire015,Monkey_Fire,FlareArrow,15
Monkey_Fire022,Monkey_Fire,FlameWall,22
Monkey_Fire030,Monkey_Fire,FlameFunnel,30
Monkey_Fire040,Monkey_Fire,Eruption,40
Monkey_Fire050,Monkey_Fire,Inferno,50
Monkey_Fire070,Monkey_Fire,FireBall,70
BOSS_Monkey_Fire001,BOSS_Monkey_Fire,FireBlast,1
BOSS_Monkey_Fire007,BOSS_Monkey_Fire,FireSeed,7
BOSS_Monkey_Fire015,BOSS_Monkey_Fire,FlareArrow,15
BOSS_Monkey_Fire022,BOSS_Monkey_Fire,FlameWall,22
BOSS_Monkey_Fire030,BOSS_Monkey_Fire,FlameFunnel,30
BOSS_Monkey_Fire040,BOSS_Monkey_Fire,Eruption,40
BOSS_Monkey_Fire050,BOSS_Monkey_Fire,Inferno,50
BOSS_Monkey_Fire070,BOSS_Monkey_Fire,FireBall,70
LilyQueen001,LilyQueen,WindCutter,1
LilyQueen007,LilyQueen,SeedMachinegun,7
LilyQueen015,LilyQueen,SeedMine,15
LilyQueen022,LilyQueen,WaterBall,22
LilyQueen030,LilyQueen,GrassTornado,30
LilyQueen040,LilyQueen,RootAttack,40
LilyQueen050,LilyQueen,SolarBeam,50
LilyQueen055,LilyQueen,Unique_LilyQueen_LilyHealing,55
LilyQueen070,LilyQueen,WindBurst,70
BOSS_LilyQueen001,BOSS_LilyQueen,WindCutter,1
BOSS_LilyQueen007,BOSS_LilyQueen,SeedMachinegun,7
BOSS_LilyQueen015,BOSS_LilyQueen,SeedMine,15
BOSS_LilyQueen022,BOSS_LilyQueen,WaterBall,22
BOSS_LilyQueen030,BOSS_LilyQueen,GrassTornado,30
BOSS_LilyQueen040,BOSS_LilyQueen,RootAttack,40
BOSS_LilyQueen050,BOSS_LilyQueen,SolarBeam,50
BOSS_LilyQueen055,BOSS_LilyQueen,Unique_LilyQueen_LilyHealing,55
BOSS_LilyQueen070,BOSS_LilyQueen,WindBurst,70
GYM_LilyQueen001,GYM_LilyQueen,PoisonFog,1
GYM_LilyQueen002,GYM_LilyQueen,Unique_LilyQueen_GYM_Act,2
GYM_LilyQueen003,GYM_LilyQueen,SeedMine,3
GYM_LilyQueen004,GYM_LilyQueen,SpecialCutter,4
GYM_LilyQueen005,GYM_LilyQueen,GrassTornado,5
GYM_LilyQueen006,GYM_LilyQueen,SeedMachinegun,6
LilyQueen_Dark001,LilyQueen_Dark,DarkBall,1
LilyQueen_Dark007,LilyQueen_Dark,IceBlade,7
LilyQueen_Dark015,LilyQueen_Dark,DarkWave,15
LilyQueen_Dark022,LilyQueen_Dark,FrostBreath,22
LilyQueen_Dark030,LilyQueen_Dark,ShadowBall,30
LilyQueen_Dark040,LilyQueen_Dark,IcicleThrow,40
LilyQueen_Dark045,LilyQueen_Dark,StarMine,45
LilyQueen_Dark050,LilyQueen_Dark,DarkLaser,50
LilyQueen_Dark070,LilyQueen_Dark,DarkLegion,70
BOSS_LilyQueen_Dark001,BOSS_LilyQueen_Dark,DarkBall,1
BOSS_LilyQueen_Dark007,BOSS_LilyQueen_Dark,IceBlade,7
BOSS_LilyQueen_Dark015,BOSS_LilyQueen_Dark,DarkWave,15
BOSS_LilyQueen_Dark022,BOSS_LilyQueen_Dark,FrostBreath,22
BOSS_LilyQueen_Dark030,BOSS_LilyQueen_Dark,ShadowBall,30
BOSS_LilyQueen_Dark040,BOSS_LilyQueen_Dark,IcicleThrow,40
BOSS_LilyQueen_Dark045,BOSS_LilyQueen_Dark,StarMine,45
BOSS_LilyQueen_Dark050,BOSS_LilyQueen_Dark,DarkLaser,50
BOSS_LilyQueen_Dark070,BOSS_LilyQueen_Dark,DarkLegion,70
Yeti001,Yeti,IceMissile,1
Yeti007,Yeti,WindCutter,7
Yeti015,Yeti,IceBlade,15
Yeti022,Yeti,BlizzardLance,22
Yeti030,Yeti,FrostBreath,30
Yeti035,Yeti,Unique_Yeti_SnowBall,35
Yeti040,Yeti,IcicleThrow,40
Yeti050,Yeti,SolarBeam,50
Yeti070,Yeti,DiamondFall,70
BOSS_Yeti001,BOSS_Yeti,IceMissile,1
BOSS_Yeti007,BOSS_Yeti,WindCutter,7
BOSS_Yeti015,BOSS_Yeti,IceBlade,15
BOSS_Yeti022,BOSS_Yeti,BlizzardLance,22
BOSS_Yeti030,BOSS_Yeti,FrostBreath,30
BOSS_Yeti035,BOSS_Yeti,Unique_Yeti_SnowBall,35
BOSS_Yeti040,BOSS_Yeti,IcicleThrow,40
BOSS_Yeti050,BOSS_Yeti,SolarBeam,50
BOSS_Yeti070,BOSS_Yeti,DiamondFall,70
PREDATOR_Yeti001,PREDATOR_Yeti,IceMissile,1
PREDATOR_Yeti007,PREDATOR_Yeti,WindCutter,7
PREDATOR_Yeti010,PREDATOR_Yeti,PredatorWave,10
PREDATOR_Yeti015,PREDATOR_Yeti,IceBlade,15
PREDATOR_Yeti020,PREDATOR_Yeti,PredatorLockon,20
PREDATOR_Yeti022,PREDATOR_Yeti,BlizzardLance,22
PREDATOR_Yeti029,PREDATOR_Yeti,FrostBreath,29
PREDATOR_Yeti030,PREDATOR_Yeti,PredatorBeam,30
PREDATOR_Yeti035,PREDATOR_Yeti,Unique_Yeti_SnowBall,35
PREDATOR_Yeti040,PREDATOR_Yeti,IcicleThrow,40
PREDATOR_Yeti070,PREDATOR_Yeti,DiamondFall,70
Yeti_Grass001,Yeti_Grass,WindCutter,1
Yeti_Grass007,Yeti_Grass,WaterGun,7
Yeti_Grass015,Yeti_Grass,SeedMine,15
Yeti_Grass022,Yeti_Grass,GrassTornado,22
Yeti_Grass030,Yeti_Grass,RootAttack,30
Yeti_Grass035,Yeti_Grass,Unique_Yeti_Grass_GrassBall,35
Yeti_Grass040,Yeti_Grass,WaterBall,40
Yeti_Grass050,Yeti_Grass,SolarBeam,50
Yeti_Grass070,Yeti_Grass,WindBurst,70
BOSS_Yeti_Grass001,BOSS_Yeti_Grass,WindCutter,1
BOSS_Yeti_Grass007,BOSS_Yeti_Grass,WaterGun,7
BOSS_Yeti_Grass015,BOSS_Yeti_Grass,SeedMine,15
BOSS_Yeti_Grass022,BOSS_Yeti_Grass,GrassTornado,22
BOSS_Yeti_Grass030,BOSS_Yeti_Grass,RootAttack,30
BOSS_Yeti_Grass035,BOSS_Yeti_Grass,Unique_Yeti_Grass_GrassBall,35
BOSS_Yeti_Grass040,BOSS_Yeti_Grass,WaterBall,40
BOSS_Yeti_Grass050,BOSS_Yeti_Grass,SolarBeam,50
BOSS_Yeti_Grass070,BOSS_Yeti_Grass,WindBurst,70
Serpent001,Serpent,AquaJet,1
Serpent007,Serpent,DragonCanon,7
Serpent015,Serpent,WaterGun,15
Serpent022,Serpent,BubbleShot,22
Serpent030,Serpent,DragonWave,30
Serpent040,Serpent,DragonBreath,40
Serpent050,Serpent,HydroPump,50
Serpent070,Serpent,SeaGush,70
BOSS_Serpent001,BOSS_Serpent,AquaJet,1
BOSS_Serpent007,BOSS_Serpent,DragonCanon,7
BOSS_Serpent015,BOSS_Serpent,WaterGun,15
BOSS_Serpent022,BOSS_Serpent,BubbleShot,22
BOSS_Serpent030,BOSS_Serpent,DragonWave,30
BOSS_Serpent040,BOSS_Serpent,DragonBreath,40
BOSS_Serpent050,BOSS_Serpent,HydroPump,50
BOSS_Serpent070,BOSS_Serpent,SeaGush,70
Serpent_Ground001,Serpent_Ground,MudShot,1
Serpent_Ground007,Serpent_Ground,DragonCanon,7
Serpent_Ground015,Serpent_Ground,StoneShotgun,15
Serpent_Ground022,Serpent_Ground,ThrowRock,22
Serpent_Ground030,Serpent_Ground,SandTornado,30
Serpent_Ground040,Serpent_Ground,DragonBreath,40
Serpent_Ground050,Serpent_Ground,RockLance,50
Serpent_Ground070,Serpent_Ground,RockBeat,70
BOSS_Serpent_Ground001,BOSS_Serpent_Ground,MudShot,1
BOSS_Serpent_Ground007,BOSS_Serpent_Ground,DragonCanon,7
BOSS_Serpent_Ground015,BOSS_Serpent_Ground,StoneShotgun,15
BOSS_Serpent_Ground022,BOSS_Serpent_Ground,ThrowRock,22
BOSS_Serpent_Ground030,BOSS_Serpent_Ground,SandTornado,30
BOSS_Serpent_Ground040,BOSS_Serpent_Ground,DragonBreath,40
BOSS_Serpent_Ground050,BOSS_Serpent_Ground,RockLance,50
BOSS_Serpent_Ground070,BOSS_Serpent_Ground,RockBeat,70
Manticore001,Manticore,FireBlast,1
Manticore007,Manticore,PowerShot,7
Manticore015,Manticore,FlareArrow,15
Manticore022,Manticore,Flamethrower,22
Manticore030,Manticore,Inferno,30
Manticore035,Manticore,Unique_Manticore_InfernoStrike,35
Manticore040,Manticore,FireBall,40
Manticore050,Manticore,HyperBeam,50
Manticore070,Manticore,ThunderStorm,70
BOSS_Manticore001,BOSS_Manticore,FireBlast,1
BOSS_Manticore007,BOSS_Manticore,PowerShot,7
BOSS_Manticore015,BOSS_Manticore,FlareArrow,15
BOSS_Manticore022,BOSS_Manticore,Flamethrower,22
BOSS_Manticore030,BOSS_Manticore,Inferno,30
BOSS_Manticore035,BOSS_Manticore,Unique_Manticore_InfernoStrike,35
BOSS_Manticore040,BOSS_Manticore,FireBall,40
BOSS_Manticore050,BOSS_Manticore,HyperBeam,50
BOSS_Manticore070,BOSS_Manticore,ThunderStorm,70
Manticore_Dark001,Manticore_Dark,DarkWave,1
Manticore_Dark007,Manticore_Dark,FlareArrow,7
Manticore_Dark015,Manticore_Dark,Flamethrower,15
Manticore_Dark022,Manticore_Dark,GhostFlame,22
Manticore_Dark030,Manticore_Dark,Inferno,30
Manticore_Dark035,Manticore_Dark,Unique_Manticore_InfernoStrike,35
Manticore_Dark040,Manticore_Dark,FireBall,40
Manticore_Dark050,Manticore_Dark,DarkLaser,50
Manticore_Dark070,Manticore_Dark,DarkLegion,70
BOSS_Manticore_Dark001,BOSS_Manticore_Dark,DarkWave,1
BOSS_Manticore_Dark007,BOSS_Manticore_Dark,FlareArrow,7
BOSS_Manticore_Dark015,BOSS_Manticore_Dark,Flamethrower,15
BOSS_Manticore_Dark022,BOSS_Manticore_Dark,GhostFlame,22
BOSS_Manticore_Dark030,BOSS_Manticore_Dark,Inferno,30
BOSS_Manticore_Dark035,BOSS_Manticore_Dark,Unique_Manticore_InfernoStrike,35
BOSS_Manticore_Dark040,BOSS_Manticore_Dark,FireBall,40
BOSS_Manticore_Dark050,BOSS_Manticore_Dark,DarkLaser,50
BOSS_Manticore_Dark070,BOSS_Manticore_Dark,DarkLegion,70
PREDATOR_Manticore_Dark001,PREDATOR_Manticore_Dark,DarkCanon,1
PREDATOR_Manticore_Dark007,PREDATOR_Manticore_Dark,FlareArrow,7
PREDATOR_Manticore_Dark010,PREDATOR_Manticore_Dark,PredatorWave,10
PREDATOR_Manticore_Dark015,PREDATOR_Manticore_Dark,Flamethrower,15
PREDATOR_Manticore_Dark020,PREDATOR_Manticore_Dark,PredatorLockon,20
PREDATOR_Manticore_Dark022,PREDATOR_Manticore_Dark,GhostFlame,22
PREDATOR_Manticore_Dark029,PREDATOR_Manticore_Dark,Inferno,29
PREDATOR_Manticore_Dark030,PREDATOR_Manticore_Dark,PredatorBeam,30
PREDATOR_Manticore_Dark035,PREDATOR_Manticore_Dark,Unique_Manticore_InfernoStrike,35
PREDATOR_Manticore_Dark040,PREDATOR_Manticore_Dark,FireBall,40
PREDATOR_Manticore_Dark070,PREDATOR_Manticore_Dark,DarkLegion,70
FlowerRabbit001,FlowerRabbit,WindCutter,1
FlowerRabbit007,FlowerRabbit,AirCanon,7
FlowerRabbit015,FlowerRabbit,AquaJet,15
FlowerRabbit022,FlowerRabbit,SeedMachinegun,22
FlowerRabbit030,FlowerRabbit,BubbleShot,30
FlowerRabbit040,FlowerRabbit,GrassTornado,40
FlowerRabbit050,FlowerRabbit,SolarBeam,50
FlowerRabbit070,FlowerRabbit,WindBurst,70
BOSS_FlowerRabbit001,BOSS_FlowerRabbit,WindCutter,1
BOSS_FlowerRabbit007,BOSS_FlowerRabbit,AirCanon,7
BOSS_FlowerRabbit015,BOSS_FlowerRabbit,AquaJet,15
BOSS_FlowerRabbit022,BOSS_FlowerRabbit,SeedMachinegun,22
BOSS_FlowerRabbit030,BOSS_FlowerRabbit,BubbleShot,30
BOSS_FlowerRabbit040,BOSS_FlowerRabbit,GrassTornado,40
BOSS_FlowerRabbit050,BOSS_FlowerRabbit,SolarBeam,50
BOSS_FlowerRabbit070,BOSS_FlowerRabbit,WindBurst,70
FlameBuffalo001,FlameBuffalo,FireBlast,1
FlameBuffalo007,FlameBuffalo,Unique_FlameBuffalo_FlameHorn,7
FlameBuffalo015,FlameBuffalo,FireSeed,15
FlameBuffalo022,FlameBuffalo,FlareArrow,22
FlameBuffalo030,FlameBuffalo,Flamethrower,30
FlameBuffalo040,FlameBuffalo,Inferno,40
FlameBuffalo050,FlameBuffalo,FireBall,50
FlameBuffalo070,FlameBuffalo,RockBeat,70
BOSS_FlameBuffalo001,BOSS_FlameBuffalo,FireBlast,1
BOSS_FlameBuffalo007,BOSS_FlameBuffalo,Unique_FlameBuffalo_FlameHorn,7
BOSS_FlameBuffalo015,BOSS_FlameBuffalo,FireSeed,15
BOSS_FlameBuffalo022,BOSS_FlameBuffalo,FlareArrow,22
BOSS_FlameBuffalo030,BOSS_FlameBuffalo,Flamethrower,30
BOSS_FlameBuffalo040,BOSS_FlameBuffalo,Inferno,40
BOSS_FlameBuffalo050,BOSS_FlameBuffalo,FireBall,50
BOSS_FlameBuffalo070,BOSS_FlameBuffalo,RockBeat,70
CuteMole001,CuteMole,MudShot,1
CuteMole005,CuteMole,Unique_CuteMole_DiggingAttack,5
CuteMole007,CuteMole,PowerShot,7
CuteMole015,CuteMole,StoneShotgun,15
CuteMole022,CuteMole,ThrowRock,22
CuteMole030,CuteMole,PowerBall,30
CuteMole040,CuteMole,SandTornado,40
CuteMole050,CuteMole,RockLance,50
CuteMole070,CuteMole,RockBeat,70
BOSS_CuteMole001,BOSS_CuteMole,MudShot,1
BOSS_CuteMole005,BOSS_CuteMole,Unique_CuteMole_DiggingAttack,5
BOSS_CuteMole007,BOSS_CuteMole,PowerShot,7
BOSS_CuteMole015,BOSS_CuteMole,StoneShotgun,15
BOSS_CuteMole022,BOSS_CuteMole,ThrowRock,22
BOSS_CuteMole030,BOSS_CuteMole,PowerBall,30
BOSS_CuteMole040,BOSS_CuteMole,SandTornado,40
BOSS_CuteMole050,BOSS_CuteMole,RockLance,50
BOSS_CuteMole070,BOSS_CuteMole,RockBeat,70
CowPal001,CowPal,PowerShot,1
CowPal007,CowPal,MudShot,7
CowPal015,CowPal,AirCanon,15
CowPal022,CowPal,StoneShotgun,22
CowPal030,CowPal,ThrowRock,30
CowPal040,CowPal,PowerBall,40
CowPal050,CowPal,HyperBeam,50
CowPal070,CowPal,HolyBlast,70
BOSS_CowPal001,BOSS_CowPal,PowerShot,1
BOSS_CowPal007,BOSS_CowPal,MudShot,7
BOSS_CowPal015,BOSS_CowPal,AirCanon,15
BOSS_CowPal022,BOSS_CowPal,StoneShotgun,22
BOSS_CowPal030,BOSS_CowPal,ThrowRock,30
BOSS_CowPal040,BOSS_CowPal,PowerBall,40
BOSS_CowPal050,BOSS_CowPal,HyperBeam,50
BOSS_CowPal070,BOSS_CowPal,HolyBlast,70
MopBaby001,MopBaby,AirCanon,1
MopBaby007,MopBaby,IceMissile,7
MopBaby015,MopBaby,IceBlade,15
MopBaby022,MopBaby,PowerBall,22
MopBaby030,MopBaby,BlizzardLance,30
MopBaby040,MopBaby,FrostBreath,40
MopBaby050,MopBaby,IcicleThrow,50
MopBaby070,MopBaby,DiamondFall,70
BOSS_MopBaby001,BOSS_MopBaby,AirCanon,1
BOSS_MopBaby007,BOSS_MopBaby,IceMissile,7
BOSS_MopBaby015,BOSS_MopBaby,IceBlade,15
BOSS_MopBaby022,BOSS_MopBaby,PowerBall,22
BOSS_MopBaby030,BOSS_MopBaby,BlizzardLance,30
BOSS_MopBaby040,BOSS_MopBaby,FrostBreath,40
BOSS_MopBaby050,BOSS_MopBaby,IcicleThrow,50
BOSS_MopBaby070,BOSS_MopBaby,DiamondFall,70
MopKing001,MopKing,PowerShot,1
MopKing007,MopKing,IceMissile,7
MopKing015,MopKing,IceBlade,15
MopKing022,MopKing,BlizzardLance,22
MopKing030,MopKing,FrostBreath,30
MopKing040,MopKing,HyperBeam,40
MopKing050,MopKing,IcicleThrow,50
MopKing070,MopKing,DiamondFall,70
BOSS_MopKing001,BOSS_MopKing,PowerShot,1
BOSS_MopKing007,BOSS_MopKing,IceMissile,7
BOSS_MopKing015,BOSS_MopKing,IceBlade,15
BOSS_MopKing022,BOSS_MopKing,BlizzardLance,22
BOSS_MopKing030,BOSS_MopKing,FrostBreath,30
BOSS_MopKing040,BOSS_MopKing,HyperBeam,40
BOSS_MopKing050,BOSS_MopKing,IcicleThrow,50
BOSS_MopKing070,BOSS_MopKing,DiamondFall,70
CatMage001,CatMage,FireBlast,1
CatMage007,CatMage,DarkBall,7
CatMage015,CatMage,FlareArrow,15
CatMage022,CatMage,DarkWave,22
CatMage030,CatMage,GhostFlame,30
CatMage040,CatMage,ShadowBall,40
CatMage050,CatMage,DarkLaser,50
CatMage070,CatMage,DarkLegion,70
BOSS_CatMage001,BOSS_CatMage,FireBlast,1
BOSS_CatMage007,BOSS_CatMage,DarkBall,7
BOSS_CatMage015,BOSS_CatMage,FlareArrow,15
BOSS_CatMage022,BOSS_CatMage,DarkWave,22
BOSS_CatMage030,BOSS_CatMage,GhostFlame,30
BOSS_CatMage040,BOSS_CatMage,ShadowBall,40
BOSS_CatMage050,BOSS_CatMage,DarkLaser,50
BOSS_CatMage070,BOSS_CatMage,DarkLegion,70
KingAlpaca001,KingAlpaca,MudShot,1
KingAlpaca007,KingAlpaca,PowerShot,7
KingAlpaca015,KingAlpaca,PowerBall,15
KingAlpaca022,KingAlpaca,Unique_KingAlpaca_BodyPress,22
KingAlpaca030,KingAlpaca,ThreeThunder,30
KingAlpaca040,KingAlpaca,RockLance,40
KingAlpaca050,KingAlpaca,HyperBeam,50
KingAlpaca070,KingAlpaca,HolyBlast,70
BOSS_KingAlpaca001,BOSS_KingAlpaca,MudShot,1
BOSS_KingAlpaca007,BOSS_KingAlpaca,PowerShot,7
BOSS_KingAlpaca015,BOSS_KingAlpaca,PowerBall,15
BOSS_KingAlpaca022,BOSS_KingAlpaca,Unique_KingAlpaca_BodyPress,22
BOSS_KingAlpaca030,BOSS_KingAlpaca,ThreeThunder,30
BOSS_KingAlpaca040,BOSS_KingAlpaca,RockLance,40
BOSS_KingAlpaca050,BOSS_KingAlpaca,HyperBeam,50
BOSS_KingAlpaca070,BOSS_KingAlpaca,HolyBlast,70
KingAlpaca_Ice001,KingAlpaca_Ice,IceMissile,1
KingAlpaca_Ice007,KingAlpaca_Ice,IceBlade,7
KingAlpaca_Ice015,KingAlpaca_Ice,BlizzardLance,15
KingAlpaca_Ice022,KingAlpaca_Ice,Unique_KingAlpaca_BodyPress,22
KingAlpaca_Ice030,KingAlpaca_Ice,FrostBreath,30
KingAlpaca_Ice040,KingAlpaca_Ice,WaterBall,40
KingAlpaca_Ice045,KingAlpaca_Ice,Unique_KingAlpaca_Ice_IcePress,45
KingAlpaca_Ice050,KingAlpaca_Ice,IcicleThrow,50
KingAlpaca_Ice070,KingAlpaca_Ice,DiamondFall,70
BOSS_KingAlpaca_Ice001,BOSS_KingAlpaca_Ice,IceMissile,1
BOSS_KingAlpaca_Ice007,BOSS_KingAlpaca_Ice,IceBlade,7
BOSS_KingAlpaca_Ice015,BOSS_KingAlpaca_Ice,BlizzardLance,15
BOSS_KingAlpaca_Ice022,BOSS_KingAlpaca_Ice,Unique_KingAlpaca_BodyPress,22
BOSS_KingAlpaca_Ice030,BOSS_KingAlpaca_Ice,FrostBreath,30
BOSS_KingAlpaca_Ice040,BOSS_KingAlpaca_Ice,WaterBall,40
BOSS_KingAlpaca_Ice045,BOSS_KingAlpaca_Ice,Unique_KingAlpaca_Ice_IcePress,45
BOSS_KingAlpaca_Ice050,BOSS_KingAlpaca_Ice,IcicleThrow,50
BOSS_KingAlpaca_Ice070,BOSS_KingAlpaca_Ice,DiamondFall,70
PinkRabbit001,PinkRabbit,AirCanon,1
PinkRabbit007,PinkRabbit,PowerShot,7
PinkRabbit015,PinkRabbit,IceMissile,15
PinkRabbit022,PinkRabbit,IcicleThrow,22
PinkRabbit030,PinkRabbit,PowerBall,30
PinkRabbit040,PinkRabbit,BlizzardLance,40
PinkRabbit050,PinkRabbit,HyperBeam,50
PinkRabbit070,PinkRabbit,HolyBlast,70
BOSS_PinkRabbit001,BOSS_PinkRabbit,AirCanon,1
BOSS_PinkRabbit007,BOSS_PinkRabbit,PowerShot,7
BOSS_PinkRabbit015,BOSS_PinkRabbit,IceMissile,15
BOSS_PinkRabbit022,BOSS_PinkRabbit,IcicleThrow,22
BOSS_PinkRabbit030,BOSS_PinkRabbit,PowerBall,30
BOSS_PinkRabbit040,BOSS_PinkRabbit,BlizzardLance,40
BOSS_PinkRabbit050,BOSS_PinkRabbit,HyperBeam,50
BOSS_PinkRabbit070,BOSS_PinkRabbit,HolyBlast,70
PinkRabbit_Grass001,PinkRabbit_Grass,WindCutter,1
PinkRabbit_Grass007,PinkRabbit_Grass,MudShot,7
PinkRabbit_Grass015,PinkRabbit_Grass,SeedMachinegun,15
PinkRabbit_Grass022,PinkRabbit_Grass,SeedMine,22
PinkRabbit_Grass030,PinkRabbit_Grass,WindEdge,30
PinkRabbit_Grass040,PinkRabbit_Grass,RootLance,40
PinkRabbit_Grass050,PinkRabbit_Grass,SolarBeam,50
PinkRabbit_Grass070,PinkRabbit_Grass,WindBurst,70
BOSS_PinkRabbit_Grass001,BOSS_PinkRabbit_Grass,WindCutter,1
BOSS_PinkRabbit_Grass007,BOSS_PinkRabbit_Grass,MudShot,7
BOSS_PinkRabbit_Grass015,BOSS_PinkRabbit_Grass,SeedMachinegun,15
BOSS_PinkRabbit_Grass022,BOSS_PinkRabbit_Grass,SeedMine,22
BOSS_PinkRabbit_Grass030,BOSS_PinkRabbit_Grass,WindEdge,30
BOSS_PinkRabbit_Grass040,BOSS_PinkRabbit_Grass,RootLance,40
BOSS_PinkRabbit_Grass050,BOSS_PinkRabbit_Grass,SolarBeam,50
BOSS_PinkRabbit_Grass070,BOSS_PinkRabbit_Grass,WindBurst,70
QueenBee001,QueenBee,AirCanon,1
QueenBee007,QueenBee,WindCutter,7
QueenBee015,QueenBee,PoisonShot,15
QueenBee022,QueenBee,Unique_QueenBee_SpinLance,22
QueenBee030,QueenBee,GrassTornado,30
QueenBee040,QueenBee,RootAttack,40
QueenBee050,QueenBee,SolarBeam,50
QueenBee070,QueenBee,WindBurst,70
BOSS_QueenBee001,BOSS_QueenBee,AirCanon,1
BOSS_QueenBee007,BOSS_QueenBee,WindCutter,7
BOSS_QueenBee015,BOSS_QueenBee,PoisonShot,15
BOSS_QueenBee022,BOSS_QueenBee,Unique_QueenBee_SpinLance,22
BOSS_QueenBee030,BOSS_QueenBee,GrassTornado,30
BOSS_QueenBee040,BOSS_QueenBee,RootAttack,40
BOSS_QueenBee050,BOSS_QueenBee,SolarBeam,50
BOSS_QueenBee070,BOSS_QueenBee,WindBurst,70
SoldierBee001,SoldierBee,AirCanon,1
SoldierBee007,SoldierBee,WindCutter,7
SoldierBee011,SoldierBee,Unique_SoldierBee_NeedleLance,11
SoldierBee015,SoldierBee,SelfDestruct_Bee,15
SoldierBee022,SoldierBee,PoisonShot,22
SoldierBee030,SoldierBee,AcidRain,30
SoldierBee040,SoldierBee,GrassTornado,40
SoldierBee050,SoldierBee,SolarBeam,50
SoldierBee070,SoldierBee,WindBurst,70
BOSS_SoldierBee001,BOSS_SoldierBee,AirCanon,1
BOSS_SoldierBee007,BOSS_SoldierBee,WindCutter,7
BOSS_SoldierBee011,BOSS_SoldierBee,Unique_SoldierBee_NeedleLance,11
BOSS_SoldierBee015,BOSS_SoldierBee,SelfDestruct_Bee,15
BOSS_SoldierBee022,BOSS_SoldierBee,PoisonShot,22
BOSS_SoldierBee030,BOSS_SoldierBee,AcidRain,30
BOSS_SoldierBee040,BOSS_SoldierBee,GrassTornado,40
BOSS_SoldierBee050,BOSS_SoldierBee,SolarBeam,50
BOSS_SoldierBee070,BOSS_SoldierBee,WindBurst,70
CatBat001,CatBat,AirCanon,1
CatBat007,CatBat,PoisonShot,7
CatBat015,CatBat,DarkBall,15
CatBat022,CatBat,DarkWave,22
CatBat030,CatBat,GhostFlame,30
CatBat040,CatBat,ShadowBall,40
CatBat050,CatBat,DarkLaser,50
CatBat070,CatBat,DarkLegion,70
BOSS_CatBat001,BOSS_CatBat,AirCanon,1
BOSS_CatBat007,BOSS_CatBat,PoisonShot,7
BOSS_CatBat015,BOSS_CatBat,DarkBall,15
BOSS_CatBat022,BOSS_CatBat,DarkWave,22
BOSS_CatBat030,BOSS_CatBat,GhostFlame,30
BOSS_CatBat040,BOSS_CatBat,ShadowBall,40
BOSS_CatBat050,BOSS_CatBat,DarkLaser,50
BOSS_CatBat070,BOSS_CatBat,DarkLegion,70
VioletFairy001,VioletFairy,PoisonFog,1
VioletFairy007,VioletFairy,WindCutter,7
VioletFairy015,VioletFairy,PoisonShot,15
VioletFairy022,VioletFairy,SeedMine,22
VioletFairy030,VioletFairy,GrassTornado,30
VioletFairy040,VioletFairy,ShadowBall,40
VioletFairy050,VioletFairy,SolarBeam,50
VioletFairy070,VioletFairy,WindBurst,70
BOSS_VioletFairy001,BOSS_VioletFairy,PoisonFog,1
BOSS_VioletFairy007,BOSS_VioletFairy,WindCutter,7
BOSS_VioletFairy015,BOSS_VioletFairy,PoisonShot,15
BOSS_VioletFairy022,BOSS_VioletFairy,SeedMine,22
BOSS_VioletFairy030,BOSS_VioletFairy,GrassTornado,30
BOSS_VioletFairy040,BOSS_VioletFairy,ShadowBall,40
BOSS_VioletFairy050,BOSS_VioletFairy,SolarBeam,50
BOSS_VioletFairy070,BOSS_VioletFairy,WindBurst,70
HawkBird001,HawkBird,AirCanon,1
HawkBird007,HawkBird,Unique_HawkBird_Storm,7
HawkBird015,HawkBird,WindCutter,15
HawkBird022,HawkBird,PowerBall,22
HawkBird030,HawkBird,SandTornado,30
HawkBird040,HawkBird,GrassTornado,40
HawkBird050,HawkBird,HyperBeam,50
HawkBird070,HawkBird,HolyBlast,70
BOSS_HawkBird001,BOSS_HawkBird,AirCanon,1
BOSS_HawkBird007,BOSS_HawkBird,Unique_HawkBird_Storm,7
BOSS_HawkBird015,BOSS_HawkBird,WindCutter,15
BOSS_HawkBird022,BOSS_HawkBird,PowerBall,22
BOSS_HawkBird030,BOSS_HawkBird,SandTornado,30
BOSS_HawkBird040,BOSS_HawkBird,GrassTornado,40
BOSS_HawkBird050,BOSS_HawkBird,HyperBeam,50
BOSS_HawkBird070,BOSS_HawkBird,HolyBlast,70
JetDragon001,JetDragon,FireSeed,1
JetDragon007,JetDragon,DragonWave,7
JetDragon015,JetDragon,FlareTornado,15
JetDragon022,JetDragon,DragonBreath,22
JetDragon030,JetDragon,Unique_JetDragon_JumpBeam,30
JetDragon040,JetDragon,FireBall,40
JetDragon050,JetDragon,DragonMeteor,50
JetDragon055,JetDragon,BeamSlicer,55
JetDragon060,JetDragon,CommetRain,60
JetDragon070,JetDragon,StarMine,70
BOSS_JetDragon001,BOSS_JetDragon,FireSeed,1
BOSS_JetDragon007,BOSS_JetDragon,DragonWave,7
BOSS_JetDragon015,BOSS_JetDragon,FlareTornado,15
BOSS_JetDragon022,BOSS_JetDragon,DragonBreath,22
BOSS_JetDragon030,BOSS_JetDragon,Unique_JetDragon_JumpBeam,30
BOSS_JetDragon040,BOSS_JetDragon,FireBall,40
BOSS_JetDragon050,BOSS_JetDragon,DragonMeteor,50
BOSS_JetDragon055,BOSS_JetDragon,BeamSlicer,55
BOSS_JetDragon060,BOSS_JetDragon,CommetRain,60
BOSS_JetDragon070,BOSS_JetDragon,StarMine,70
ThunderBird001,ThunderBird,AirCanon,1
ThunderBird007,ThunderBird,SpreadPulse,7
ThunderBird015,ThunderBird,ElecWave,15
ThunderBird022,ThunderBird,LineThunder,22
ThunderBird026,ThunderBird,Unique_ThunderBird_ThunderStorm,26
ThunderBird030,ThunderBird,ThreeThunder,30
ThunderBird040,ThunderBird,SandTornado,40
ThunderBird050,ThunderBird,Thunderbolt,50
ThunderBird070,ThunderBird,ThunderStorm,70
BOSS_ThunderBird001,BOSS_ThunderBird,AirCanon,1
BOSS_ThunderBird007,BOSS_ThunderBird,SpreadPulse,7
BOSS_ThunderBird015,BOSS_ThunderBird,ElecWave,15
BOSS_ThunderBird022,BOSS_ThunderBird,LineThunder,22
BOSS_ThunderBird026,BOSS_ThunderBird,Unique_ThunderBird_ThunderStorm,26
BOSS_ThunderBird030,BOSS_ThunderBird,ThreeThunder,30
BOSS_ThunderBird040,BOSS_ThunderBird,SandTornado,40
BOSS_ThunderBird050,BOSS_ThunderBird,Thunderbolt,50
BOSS_ThunderBird070,BOSS_ThunderBird,ThunderStorm,70
ThunderBird_Ice001,ThunderBird_Ice,IceMissile,1
ThunderBird_Ice007,ThunderBird_Ice,BlizzardLance,7
ThunderBird_Ice015,ThunderBird_Ice,FrostBreath,15
ThunderBird_Ice022,ThunderBird_Ice,IciclePierce,22
ThunderBird_Ice030,ThunderBird_Ice,IcicleLine,30
ThunderBird_Ice040,ThunderBird_Ice,IcicleThrow,40
ThunderBird_Ice050,ThunderBird_Ice,DiamondFall,50
ThunderBird_Ice070,ThunderBird_Ice,Unique_ThunderBird_Ice_SnowStrom,70
BOSS_ThunderBird_Ice001,BOSS_ThunderBird_Ice,IceMissile,1
BOSS_ThunderBird_Ice007,BOSS_ThunderBird_Ice,BlizzardLance,7
BOSS_ThunderBird_Ice015,BOSS_ThunderBird_Ice,FrostBreath,15
BOSS_ThunderBird_Ice022,BOSS_ThunderBird_Ice,IciclePierce,22
BOSS_ThunderBird_Ice030,BOSS_ThunderBird_Ice,IcicleLine,30
BOSS_ThunderBird_Ice040,BOSS_ThunderBird_Ice,IcicleThrow,40
BOSS_ThunderBird_Ice050,BOSS_ThunderBird_Ice,DiamondFall,50
BOSS_ThunderBird_Ice070,BOSS_ThunderBird_Ice,Unique_ThunderBird_Ice_SnowStrom,70
HerculesBeetle001,HerculesBeetle,WindCutter,1
HerculesBeetle007,HerculesBeetle,SeedMachinegun,7
HerculesBeetle015,HerculesBeetle,StoneShotgun,15
HerculesBeetle022,HerculesBeetle,ThrowRock,22
HerculesBeetle030,HerculesBeetle,Unique_HerculesBeetle_BeetleTackle,30
HerculesBeetle040,HerculesBeetle,RockLance,40
HerculesBeetle050,HerculesBeetle,SolarBeam,50
HerculesBeetle070,HerculesBeetle,WindBurst,70
BOSS_HerculesBeetle001,BOSS_HerculesBeetle,WindCutter,1
BOSS_HerculesBeetle007,BOSS_HerculesBeetle,SeedMachinegun,7
BOSS_HerculesBeetle015,BOSS_HerculesBeetle,StoneShotgun,15
BOSS_HerculesBeetle022,BOSS_HerculesBeetle,ThrowRock,22
BOSS_HerculesBeetle030,BOSS_HerculesBeetle,Unique_HerculesBeetle_BeetleTackle,30
BOSS_HerculesBeetle040,BOSS_HerculesBeetle,RockLance,40
BOSS_HerculesBeetle050,BOSS_HerculesBeetle,SolarBeam,50
BOSS_HerculesBeetle070,BOSS_HerculesBeetle,WindBurst,70
HerculesBeetle_Ground001,HerculesBeetle_Ground,MudShot,1
HerculesBeetle_Ground007,HerculesBeetle_Ground,SeedMachinegun,7
HerculesBeetle_Ground015,HerculesBeetle_Ground,Unique_HerculesBeetle_BeetleTackle,15
HerculesBeetle_Ground022,HerculesBeetle_Ground,ThrowRock,22
HerculesBeetle_Ground030,HerculesBeetle_Ground,WindEdge,30
HerculesBeetle_Ground040,HerculesBeetle_Ground,Tremor,40
HerculesBeetle_Ground050,HerculesBeetle_Ground,RockBeat,50
HerculesBeetle_Ground070,HerculesBeetle_Ground,Railbolt,70
BOSS_HerculesBeetle_Ground001,BOSS_HerculesBeetle_Ground,MudShot,1
BOSS_HerculesBeetle_Ground007,BOSS_HerculesBeetle_Ground,SeedMachinegun,7
BOSS_HerculesBeetle_Ground015,BOSS_HerculesBeetle_Ground,Unique_HerculesBeetle_BeetleTackle,15
BOSS_HerculesBeetle_Ground022,BOSS_HerculesBeetle_Ground,ThrowRock,22
BOSS_HerculesBeetle_Ground030,BOSS_HerculesBeetle_Ground,WindEdge,30
BOSS_HerculesBeetle_Ground040,BOSS_HerculesBeetle_Ground,Tremor,40
BOSS_HerculesBeetle_Ground050,BOSS_HerculesBeetle_Ground,RockBeat,50
BOSS_HerculesBeetle_Ground070,BOSS_HerculesBeetle_Ground,Railbolt,70
SaintCentaur001,SaintCentaur,PowerShot,1
SaintCentaur007,SaintCentaur,IceMissile,7
SaintCentaur015,SaintCentaur,BlizzardLance,15
SaintCentaur022,SaintCentaur,PowerBall,22
SaintCentaur030,SaintCentaur,IcicleThrow,30
SaintCentaur040,SaintCentaur,Unique_SaintCentaur_OneSpearRushes,40
SaintCentaur050,SaintCentaur,HyperBeam,50
SaintCentaur055,SaintCentaur,IceAge,55
SaintCentaur060,SaintCentaur,HolyBlast,60
SaintCentaur070,SaintCentaur,RadiantBarrage,70
BOSS_SaintCentaur001,BOSS_SaintCentaur,PowerShot,1
BOSS_SaintCentaur007,BOSS_SaintCentaur,IceMissile,7
BOSS_SaintCentaur015,BOSS_SaintCentaur,BlizzardLance,15
BOSS_SaintCentaur022,BOSS_SaintCentaur,PowerBall,22
BOSS_SaintCentaur030,BOSS_SaintCentaur,IcicleThrow,30
BOSS_SaintCentaur040,BOSS_SaintCentaur,Unique_SaintCentaur_OneSpearRushes,40
BOSS_SaintCentaur050,BOSS_SaintCentaur,HyperBeam,50
BOSS_SaintCentaur055,BOSS_SaintCentaur,IceAge,55
BOSS_SaintCentaur060,BOSS_SaintCentaur,HolyBlast,60
BOSS_SaintCentaur070,BOSS_SaintCentaur,RadiantBarrage,70
NightFox001,NightFox,AirCanon,1
NightFox007,NightFox,DarkBall,7
NightFox015,NightFox,DarkWave,15
NightFox022,NightFox,PowerBall,22
NightFox030,NightFox,GhostFlame,30
NightFox040,NightFox,ShadowBall,40
NightFox050,NightFox,DarkLaser,50
NightFox070,NightFox,DarkLegion,70
BOSS_NightFox001,BOSS_NightFox,AirCanon,1
BOSS_NightFox007,BOSS_NightFox,DarkBall,7
BOSS_NightFox015,BOSS_NightFox,DarkWave,15
BOSS_NightFox022,BOSS_NightFox,PowerBall,22
BOSS_NightFox030,BOSS_NightFox,GhostFlame,30
BOSS_NightFox040,BOSS_NightFox,ShadowBall,40
BOSS_NightFox050,BOSS_NightFox,DarkLaser,50
BOSS_NightFox070,BOSS_NightFox,DarkLegion,70
WeaselDragon001,WeaselDragon,IceMissile,1
WeaselDragon007,WeaselDragon,DragonCanon,7
WeaselDragon011,WeaselDragon,Unique_WeaselDragon_FlyingTackle,11
WeaselDragon015,WeaselDragon,DragonWave,15
WeaselDragon022,WeaselDragon,IceBlade,22
WeaselDragon030,WeaselDragon,DragonBreath,30
WeaselDragon040,WeaselDragon,FrostBreath,40
WeaselDragon050,WeaselDragon,DragonMeteor,50
WeaselDragon070,WeaselDragon,DiamondFall,70
BOSS_WeaselDragon001,BOSS_WeaselDragon,IceMissile,1
BOSS_WeaselDragon007,BOSS_WeaselDragon,DragonCanon,7
BOSS_WeaselDragon011,BOSS_WeaselDragon,Unique_WeaselDragon_FlyingTackle,11
BOSS_WeaselDragon015,BOSS_WeaselDragon,DragonWave,15
BOSS_WeaselDragon022,BOSS_WeaselDragon,IceBlade,22
BOSS_WeaselDragon030,BOSS_WeaselDragon,DragonBreath,30
BOSS_WeaselDragon040,BOSS_WeaselDragon,FrostBreath,40
BOSS_WeaselDragon050,BOSS_WeaselDragon,DragonMeteor,50
BOSS_WeaselDragon070,BOSS_WeaselDragon,DiamondFall,70
SkyDragon001,SkyDragon,DragonCanon,1
SkyDragon007,SkyDragon,FireSeed,7
SkyDragon015,SkyDragon,AcidRain,15
SkyDragon022,SkyDragon,DragonBreath,22
SkyDragon030,SkyDragon,GrassTornado,30
SkyDragon040,SkyDragon,WaterBall,40
SkyDragon050,SkyDragon,DragonMeteor,50
SkyDragon070,SkyDragon,DiamondFall,70
BOSS_SkyDragon001,BOSS_SkyDragon,DragonCanon,1
BOSS_SkyDragon007,BOSS_SkyDragon,FireSeed,7
BOSS_SkyDragon015,BOSS_SkyDragon,AcidRain,15
BOSS_SkyDragon022,BOSS_SkyDragon,DragonBreath,22
BOSS_SkyDragon030,BOSS_SkyDragon,GrassTornado,30
BOSS_SkyDragon040,BOSS_SkyDragon,WaterBall,40
BOSS_SkyDragon050,BOSS_SkyDragon,DragonMeteor,50
BOSS_SkyDragon070,BOSS_SkyDragon,DiamondFall,70
HadesBird001,HadesBird,FireSeed,1
HadesBird007,HadesBird,DarkBall,7
HadesBird015,HadesBird,DarkWave,15
HadesBird022,HadesBird,FlareTornado,22
HadesBird030,HadesBird,GhostFlame,30
HadesBird040,HadesBird,ShadowBall,40
HadesBird050,HadesBird,DarkLaser,50
HadesBird070,HadesBird,DarkLegion,70
BOSS_HadesBird001,BOSS_HadesBird,FireSeed,1
BOSS_HadesBird007,BOSS_HadesBird,DarkBall,7
BOSS_HadesBird015,BOSS_HadesBird,DarkWave,15
BOSS_HadesBird022,BOSS_HadesBird,FlareTornado,22
BOSS_HadesBird030,BOSS_HadesBird,GhostFlame,30
BOSS_HadesBird040,BOSS_HadesBird,ShadowBall,40
BOSS_HadesBird050,BOSS_HadesBird,DarkLaser,50
BOSS_HadesBird070,BOSS_HadesBird,DarkLegion,70
HadesBird_Oilrig001,HadesBird_Oilrig,FireSeed,1
HadesBird_Oilrig007,HadesBird_Oilrig,DarkBall,7
HadesBird_Oilrig015,HadesBird_Oilrig,DarkWave,15
HadesBird_Oilrig022,HadesBird_Oilrig,FlareTornado,22
HadesBird_Oilrig030,HadesBird_Oilrig,GhostFlame,30
HadesBird_Oilrig040,HadesBird_Oilrig,ShadowBall,40
HadesBird_Oilrig050,HadesBird_Oilrig,DarkLaser,50
HadesBird_Oilrig070,HadesBird_Oilrig,DarkLegion,70
RedArmorBird001,RedArmorBird,AirCanon,1
RedArmorBird007,RedArmorBird,FireSeed,7
RedArmorBird015,RedArmorBird,FlareArrow,15
RedArmorBird022,RedArmorBird,SandTornado,22
RedArmorBird026,RedArmorBird,Unique_RedArmorBird_TriplePeck,26
RedArmorBird030,RedArmorBird,FlareTornado,30
RedArmorBird040,RedArmorBird,Flamethrower,40
RedArmorBird050,RedArmorBird,FireBall,50
RedArmorBird070,RedArmorBird,ThunderStorm,70
BOSS_RedArmorBird001,BOSS_RedArmorBird,AirCanon,1
BOSS_RedArmorBird007,BOSS_RedArmorBird,FireSeed,7
BOSS_RedArmorBird015,BOSS_RedArmorBird,FlareArrow,15
BOSS_RedArmorBird022,BOSS_RedArmorBird,SandTornado,22
BOSS_RedArmorBird026,BOSS_RedArmorBird,Unique_RedArmorBird_TriplePeck,26
BOSS_RedArmorBird030,BOSS_RedArmorBird,FlareTornado,30
BOSS_RedArmorBird040,BOSS_RedArmorBird,Flamethrower,40
BOSS_RedArmorBird050,BOSS_RedArmorBird,FireBall,50
BOSS_RedArmorBird070,BOSS_RedArmorBird,ThunderStorm,70
PREDATOR_RedArmorBird001,PREDATOR_RedArmorBird,AirCanon,1
PREDATOR_RedArmorBird007,PREDATOR_RedArmorBird,FireSeed,7
PREDATOR_RedArmorBird010,PREDATOR_RedArmorBird,PredatorWave,10
PREDATOR_RedArmorBird015,PREDATOR_RedArmorBird,FlareArrow,15
PREDATOR_RedArmorBird020,PREDATOR_RedArmorBird,PredatorLockon,20
PREDATOR_RedArmorBird022,PREDATOR_RedArmorBird,SandTornado,22
PREDATOR_RedArmorBird026,PREDATOR_RedArmorBird,Unique_RedArmorBird_TriplePeck,26
PREDATOR_RedArmorBird029,PREDATOR_RedArmorBird,FlareTornado,29
PREDATOR_RedArmorBird030,PREDATOR_RedArmorBird,PredatorBeam,30
PREDATOR_RedArmorBird040,PREDATOR_RedArmorBird,Flamethrower,40
PREDATOR_RedArmorBird050,PREDATOR_RedArmorBird,FireBall,50
PREDATOR_RedArmorBird070,PREDATOR_RedArmorBird,ThunderStorm,70
Ronin001,Ronin,FireBlast,1
Ronin007,Ronin,WindCutter,7
Ronin015,Ronin,IceBlade,15
Ronin022,Ronin,Unique_Ronin_Iai,22
Ronin030,Ronin,Flamethrower,30
Ronin040,Ronin,LightningStrike,40
Ronin050,Ronin,Inferno,50
Ronin070,Ronin,FireBall,70
BOSS_Ronin001,BOSS_Ronin,FireBlast,1
BOSS_Ronin007,BOSS_Ronin,WindCutter,7
BOSS_Ronin015,BOSS_Ronin,IceBlade,15
BOSS_Ronin022,BOSS_Ronin,Unique_Ronin_Iai,22
BOSS_Ronin030,BOSS_Ronin,Flamethrower,30
BOSS_Ronin040,BOSS_Ronin,LightningStrike,40
BOSS_Ronin050,BOSS_Ronin,Inferno,50
BOSS_Ronin070,BOSS_Ronin,FireBall,70
FlyingManta001,FlyingManta,AquaJet,1
FlyingManta007,FlyingManta,WaterGun,7
FlyingManta015,FlyingManta,PowerShot,15
FlyingManta022,FlyingManta,BubbleShot,22
FlyingManta030,FlyingManta,SeedMachinegun,30
FlyingManta040,FlyingManta,WaterBall,40
FlyingManta050,FlyingManta,HydroPump,50
FlyingManta070,FlyingManta,SeaGush,70
BOSS_FlyingManta001,BOSS_FlyingManta,AquaJet,1
BOSS_FlyingManta007,BOSS_FlyingManta,WaterGun,7
BOSS_FlyingManta015,BOSS_FlyingManta,PowerShot,15
BOSS_FlyingManta022,BOSS_FlyingManta,BubbleShot,22
BOSS_FlyingManta030,BOSS_FlyingManta,SeedMachinegun,30
BOSS_FlyingManta040,BOSS_FlyingManta,WaterBall,40
BOSS_FlyingManta050,BOSS_FlyingManta,HydroPump,50
BOSS_FlyingManta070,BOSS_FlyingManta,SeaGush,70
FlyingManta_Thunder001,FlyingManta_Thunder,ThunderSpear,1
FlyingManta_Thunder007,FlyingManta_Thunder,ElecWave,7
FlyingManta_Thunder015,FlyingManta_Thunder,BubbleShot,15
FlyingManta_Thunder022,FlyingManta_Thunder,LineThunder,22
FlyingManta_Thunder030,FlyingManta_Thunder,LineGeyser,30
FlyingManta_Thunder040,FlyingManta_Thunder,DiversionLaser,40
FlyingManta_Thunder050,FlyingManta_Thunder,Thunderbolt,50
FlyingManta_Thunder070,FlyingManta_Thunder,ThunderStorm,70
BOSS_FlyingManta_Thunder001,BOSS_FlyingManta_Thunder,ThunderSpear,1
BOSS_FlyingManta_Thunder007,BOSS_FlyingManta_Thunder,ElecWave,7
BOSS_FlyingManta_Thunder015,BOSS_FlyingManta_Thunder,BubbleShot,15
BOSS_FlyingManta_Thunder022,BOSS_FlyingManta_Thunder,LineThunder,22
BOSS_FlyingManta_Thunder030,BOSS_FlyingManta_Thunder,LineGeyser,30
BOSS_FlyingManta_Thunder040,BOSS_FlyingManta_Thunder,DiversionLaser,40
BOSS_FlyingManta_Thunder050,BOSS_FlyingManta_Thunder,Thunderbolt,50
BOSS_FlyingManta_Thunder070,BOSS_FlyingManta_Thunder,ThunderStorm,70
BlackCentaur001,BlackCentaur,DarkWave,1
BlackCentaur007,BlackCentaur,FireSeed,7
BlackCentaur015,BlackCentaur,GhostFlame,15
BlackCentaur022,BlackCentaur,ShadowBall,22
BlackCentaur030,BlackCentaur,RockLance,30
BlackCentaur040,BlackCentaur,Unique_BlackCentaur_TwoSpearRushes,40
BlackCentaur050,BlackCentaur,DarkLaser,50
BlackCentaur055,BlackCentaur,Apocalypse,55
BlackCentaur060,BlackCentaur,RockBeat,60
BlackCentaur070,BlackCentaur,DarkLegion,70
BOSS_BlackCentaur001,BOSS_BlackCentaur,DarkWave,1
BOSS_BlackCentaur007,BOSS_BlackCentaur,FireSeed,7
BOSS_BlackCentaur015,BOSS_BlackCentaur,GhostFlame,15
BOSS_BlackCentaur022,BOSS_BlackCentaur,ShadowBall,22
BOSS_BlackCentaur030,BOSS_BlackCentaur,RockLance,30
BOSS_BlackCentaur040,BOSS_BlackCentaur,Unique_BlackCentaur_TwoSpearRushes,40
BOSS_BlackCentaur050,BOSS_BlackCentaur,DarkLaser,50
BOSS_BlackCentaur055,BOSS_BlackCentaur,Apocalypse,55
BOSS_BlackCentaur060,BOSS_BlackCentaur,RockBeat,60
BOSS_BlackCentaur070,BOSS_BlackCentaur,DarkLegion,70
FlowerDoll001,FlowerDoll,WindCutter,1
FlowerDoll007,FlowerDoll,WaterGun,7
FlowerDoll015,FlowerDoll,SeedMachinegun,15
FlowerDoll022,FlowerDoll,BubbleShot,22
FlowerDoll030,FlowerDoll,GrassTornado,30
FlowerDoll040,FlowerDoll,RootAttack,40
FlowerDoll050,FlowerDoll,SolarBeam,50
FlowerDoll070,FlowerDoll,WindBurst,70
BOSS_FlowerDoll001,BOSS_FlowerDoll,WindCutter,1
BOSS_FlowerDoll007,BOSS_FlowerDoll,WaterGun,7
BOSS_FlowerDoll015,BOSS_FlowerDoll,SeedMachinegun,15
BOSS_FlowerDoll022,BOSS_FlowerDoll,BubbleShot,22
BOSS_FlowerDoll030,BOSS_FlowerDoll,GrassTornado,30
BOSS_FlowerDoll040,BOSS_FlowerDoll,RootAttack,40
BOSS_FlowerDoll050,BOSS_FlowerDoll,SolarBeam,50
BOSS_FlowerDoll070,BOSS_FlowerDoll,WindBurst,70
FlowerDoll_Fire001,FlowerDoll_Fire,FireBlast,1
FlowerDoll_Fire007,FlowerDoll_Fire,FireSeed,7
FlowerDoll_Fire015,FlowerDoll_Fire,FlareArrow,15
FlowerDoll_Fire022,FlowerDoll_Fire,FlareTornado,22
FlowerDoll_Fire030,FlowerDoll_Fire,Inferno,30
FlowerDoll_Fire040,FlowerDoll_Fire,FlameFunnel,40
FlowerDoll_Fire050,FlowerDoll_Fire,FireBall,50
FlowerDoll_Fire070,FlowerDoll_Fire,WindBurst,70
BOSS_FlowerDoll_Fire001,BOSS_FlowerDoll_Fire,FireBlast,1
BOSS_FlowerDoll_Fire007,BOSS_FlowerDoll_Fire,FireSeed,7
BOSS_FlowerDoll_Fire015,BOSS_FlowerDoll_Fire,FlareArrow,15
BOSS_FlowerDoll_Fire022,BOSS_FlowerDoll_Fire,FlareTornado,22
BOSS_FlowerDoll_Fire030,BOSS_FlowerDoll_Fire,Inferno,30
BOSS_FlowerDoll_Fire040,BOSS_FlowerDoll_Fire,FlameFunnel,40
BOSS_FlowerDoll_Fire050,BOSS_FlowerDoll_Fire,FireBall,50
BOSS_FlowerDoll_Fire070,BOSS_FlowerDoll_Fire,WindBurst,70
NaughtyCat001,NaughtyCat,MudShot,1
NaughtyCat007,NaughtyCat,PowerShot,7
NaughtyCat015,NaughtyCat,Unique_NaughtyCat_CatPress,15
NaughtyCat022,NaughtyCat,StoneShotgun,22
NaughtyCat030,NaughtyCat,ThrowRock,30
NaughtyCat040,NaughtyCat,PowerBall,40
NaughtyCat050,NaughtyCat,HyperBeam,50
NaughtyCat070,NaughtyCat,HolyBlast,70
BOSS_NaughtyCat001,BOSS_NaughtyCat,MudShot,1
BOSS_NaughtyCat007,BOSS_NaughtyCat,PowerShot,7
BOSS_NaughtyCat015,BOSS_NaughtyCat,Unique_NaughtyCat_CatPress,15
BOSS_NaughtyCat022,BOSS_NaughtyCat,StoneShotgun,22
BOSS_NaughtyCat030,BOSS_NaughtyCat,ThrowRock,30
BOSS_NaughtyCat040,BOSS_NaughtyCat,PowerBall,40
BOSS_NaughtyCat050,BOSS_NaughtyCat,HyperBeam,50
BOSS_NaughtyCat070,BOSS_NaughtyCat,HolyBlast,70
CuteButterfly001,CuteButterfly,AirCanon,1
CuteButterfly007,CuteButterfly,WindCutter,7
CuteButterfly015,CuteButterfly,PoisonFog,15
CuteButterfly022,CuteButterfly,SandTornado,22
CuteButterfly030,CuteButterfly,SeedMine,30
CuteButterfly040,CuteButterfly,GrassTornado,40
CuteButterfly050,CuteButterfly,SolarBeam,50
CuteButterfly070,CuteButterfly,WindBurst,70
BOSS_CuteButterfly001,BOSS_CuteButterfly,AirCanon,1
BOSS_CuteButterfly007,BOSS_CuteButterfly,WindCutter,7
BOSS_CuteButterfly015,BOSS_CuteButterfly,PoisonFog,15
BOSS_CuteButterfly022,BOSS_CuteButterfly,SandTornado,22
BOSS_CuteButterfly030,BOSS_CuteButterfly,SeedMine,30
BOSS_CuteButterfly040,BOSS_CuteButterfly,GrassTornado,40
BOSS_CuteButterfly050,BOSS_CuteButterfly,SolarBeam,50
BOSS_CuteButterfly070,BOSS_CuteButterfly,WindBurst,70
DarkScorpion001,DarkScorpion,MudShot,1
DarkScorpion007,DarkScorpion,PoisonShot,7
DarkScorpion015,DarkScorpion,DarkWave,15
DarkScorpion022,DarkScorpion,ThrowRock,22
DarkScorpion030,DarkScorpion,ShadowBall,30
DarkScorpion035,DarkScorpion,Unique_DarkScorpion_Pierce,35
DarkScorpion040,DarkScorpion,RockLance,40
DarkScorpion050,DarkScorpion,DarkLaser,50
DarkScorpion070,DarkScorpion,DarkLegion,70
BOSS_DarkScorpion001,BOSS_DarkScorpion,MudShot,1
BOSS_DarkScorpion007,BOSS_DarkScorpion,PoisonShot,7
BOSS_DarkScorpion015,BOSS_DarkScorpion,DarkWave,15
BOSS_DarkScorpion022,BOSS_DarkScorpion,ThrowRock,22
BOSS_DarkScorpion030,BOSS_DarkScorpion,ShadowBall,30
BOSS_DarkScorpion035,BOSS_DarkScorpion,Unique_DarkScorpion_Pierce,35
BOSS_DarkScorpion040,BOSS_DarkScorpion,RockLance,40
BOSS_DarkScorpion050,BOSS_DarkScorpion,DarkLaser,50
BOSS_DarkScorpion070,BOSS_DarkScorpion,DarkLegion,70
PREDATOR_DarkScorpion001,PREDATOR_DarkScorpion,PoisonShot,1
PREDATOR_DarkScorpion010,PREDATOR_DarkScorpion,PredatorWave,10
PREDATOR_DarkScorpion020,PREDATOR_DarkScorpion,PredatorLockon,20
PREDATOR_DarkScorpion022,PREDATOR_DarkScorpion,ThrowRock,22
PREDATOR_DarkScorpion029,PREDATOR_DarkScorpion,ShadowBall,29
PREDATOR_DarkScorpion030,PREDATOR_DarkScorpion,PredatorBeam,30
PREDATOR_DarkScorpion035,PREDATOR_DarkScorpion,Unique_DarkScorpion_Pierce,35
PREDATOR_DarkScorpion040,PREDATOR_DarkScorpion,RockLance,40
PREDATOR_DarkScorpion050,PREDATOR_DarkScorpion,DarkLaser,50
PREDATOR_DarkScorpion070,PREDATOR_DarkScorpion,DarkLegion,70
ThunderDragonMan001,ThunderDragonMan,Unique_ThunderDragonMan_ThunderSwordAttack,1
ThunderDragonMan007,ThunderDragonMan,LightningStrike,7
ThunderDragonMan015,ThunderDragonMan,SpreadPulse,15
ThunderDragonMan022,ThunderDragonMan,DragonBreath,22
ThunderDragonMan030,ThunderDragonMan,LineThunder,30
ThunderDragonMan040,ThunderDragonMan,ThreeThunder,40
ThunderDragonMan050,ThunderDragonMan,Thunderbolt,50
ThunderDragonMan055,ThunderDragonMan,Unique_ThunderDragonMan_NumerousSwordAttack,55
ThunderDragonMan070,ThunderDragonMan,CommetRain,70
BOSS_ThunderDragonMan001,BOSS_ThunderDragonMan,Unique_ThunderDragonMan_ThunderSwordAttack,1
BOSS_ThunderDragonMan007,BOSS_ThunderDragonMan,LightningStrike,7
BOSS_ThunderDragonMan015,BOSS_ThunderDragonMan,SpreadPulse,15
BOSS_ThunderDragonMan022,BOSS_ThunderDragonMan,DragonBreath,22
BOSS_ThunderDragonMan030,BOSS_ThunderDragonMan,LineThunder,30
BOSS_ThunderDragonMan040,BOSS_ThunderDragonMan,ThreeThunder,40
BOSS_ThunderDragonMan050,BOSS_ThunderDragonMan,Thunderbolt,50
BOSS_ThunderDragonMan055,BOSS_ThunderDragonMan,Unique_ThunderDragonMan_NumerousSwordAttack,55
BOSS_ThunderDragonMan070,BOSS_ThunderDragonMan,CommetRain,70
GYM_ThunderDragonMan001,GYM_ThunderDragonMan,Unique_ThunderDragonMan_ThunderSwordAttack,1
GYM_ThunderDragonMan002,GYM_ThunderDragonMan,ThreeThunder,2
GYM_ThunderDragonMan003,GYM_ThunderDragonMan,DragonWave,3
GYM_ThunderDragonMan004,GYM_ThunderDragonMan,Commet,4
GYM_ThunderDragonMan005,GYM_ThunderDragonMan,LineThunder,5
GYM_ThunderDragonMan006,GYM_ThunderDragonMan,AcidRain,6
GYM_ThunderDragonMan007,GYM_ThunderDragonMan,Unique_ThunderDragonMan_GYM_Act,7
GrassRabbitMan001,GrassRabbitMan,WindCutter,1
GrassRabbitMan007,GrassRabbitMan,ThrowRock,7
GrassRabbitMan015,GrassRabbitMan,SeedMachinegun,15
GrassRabbitMan022,GrassRabbitMan,StoneShotgun,22
GrassRabbitMan030,GrassRabbitMan,GrassTornado,30
GrassRabbitMan035,GrassRabbitMan,Unique_GrassRabbitMan_GrassRoundKick,35
GrassRabbitMan040,GrassRabbitMan,RootAttack,40
GrassRabbitMan050,GrassRabbitMan,SolarBeam,50
GrassRabbitMan070,GrassRabbitMan,WindBurst,70
BOSS_GrassRabbitMan001,BOSS_GrassRabbitMan,WindCutter,1
BOSS_GrassRabbitMan007,BOSS_GrassRabbitMan,ThrowRock,7
BOSS_GrassRabbitMan015,BOSS_GrassRabbitMan,SeedMachinegun,15
BOSS_GrassRabbitMan022,BOSS_GrassRabbitMan,StoneShotgun,22
BOSS_GrassRabbitMan030,BOSS_GrassRabbitMan,GrassTornado,30
BOSS_GrassRabbitMan035,BOSS_GrassRabbitMan,Unique_GrassRabbitMan_GrassRoundKick,35
BOSS_GrassRabbitMan040,BOSS_GrassRabbitMan,RootAttack,40
BOSS_GrassRabbitMan050,BOSS_GrassRabbitMan,SolarBeam,50
BOSS_GrassRabbitMan070,BOSS_GrassRabbitMan,WindBurst,70
WoolFox001,WoolFox,AirCanon,1
WoolFox007,WoolFox,MudShot,7
WoolFox015,WoolFox,SpreadPulse,15
WoolFox022,WoolFox,PowerShot,22
WoolFox030,WoolFox,ElecWave,30
WoolFox040,WoolFox,PowerBall,40
WoolFox050,WoolFox,Thunderbolt,50
WoolFox070,WoolFox,HolyBlast,70
Boss_WoolFox001,Boss_WoolFox,AirCanon,1
Boss_WoolFox007,Boss_WoolFox,MudShot,7
Boss_WoolFox015,Boss_WoolFox,SpreadPulse,15
Boss_WoolFox022,Boss_WoolFox,PowerShot,22
Boss_WoolFox030,Boss_WoolFox,ElecWave,30
Boss_WoolFox040,Boss_WoolFox,PowerBall,40
Boss_WoolFox050,Boss_WoolFox,Thunderbolt,50
Boss_WoolFox070,Boss_WoolFox,HolyBlast,70
LazyCatFish001,LazyCatfish,MudShot,1
LazyCatFish007,LazyCatfish,WaterGun,7
LazyCatFish015,LazyCatfish,StoneShotgun,15
LazyCatFish022,LazyCatfish,BubbleShot,22
LazyCatFish030,LazyCatfish,WaterBall,30
LazyCatFish040,LazyCatfish,RockLance,40
LazyCatFish050,LazyCatfish,HydroPump,50
LazyCatFish070,LazyCatfish,SeaGush,70
Boss_LazyCatFish001,Boss_LazyCatFish,MudShot,1
Boss_LazyCatFish007,Boss_LazyCatFish,WaterGun,7
Boss_LazyCatFish015,Boss_LazyCatFish,StoneShotgun,15
Boss_LazyCatFish022,Boss_LazyCatFish,BubbleShot,22
Boss_LazyCatFish030,Boss_LazyCatFish,WaterBall,30
Boss_LazyCatFish040,Boss_LazyCatFish,RockLance,40
Boss_LazyCatFish050,Boss_LazyCatFish,HydroPump,50
Boss_LazyCatFish070,Boss_LazyCatFish,SeaGush,70
LazyCatFish_Gold001,LazyCatfish_Gold,MudShot,1
LazyCatFish_Gold007,LazyCatfish_Gold,WaterGun,7
LazyCatFish_Gold015,LazyCatfish_Gold,StoneShotgun,15
LazyCatFish_Gold022,LazyCatfish_Gold,SandTornado,22
LazyCatFish_Gold030,LazyCatfish_Gold,DiversionLaser,30
LazyCatFish_Gold040,LazyCatfish_Gold,Tremor,40
LazyCatFish_Gold050,LazyCatfish_Gold,SandTwister,50
LazyCatFish_Gold070,LazyCatfish_Gold,RockBeat,70
BOSS_LazyCatFish_Gold001,BOSS_LazyCatfish_Gold,MudShot,1
BOSS_LazyCatFish_Gold007,BOSS_LazyCatfish_Gold,WaterGun,7
BOSS_LazyCatFish_Gold015,BOSS_LazyCatfish_Gold,StoneShotgun,15
BOSS_LazyCatFish_Gold022,BOSS_LazyCatfish_Gold,SandTornado,22
BOSS_LazyCatFish_Gold030,BOSS_LazyCatfish_Gold,DiversionLaser,30
BOSS_LazyCatFish_Gold040,BOSS_LazyCatfish_Gold,Tremor,40
BOSS_LazyCatFish_Gold050,BOSS_LazyCatfish_Gold,SandTwister,50
BOSS_LazyCatFish_Gold070,BOSS_LazyCatfish_Gold,RockBeat,70
LavaGirl001,LavaGirl,FireBlast,1
LavaGirl007,LavaGirl,FireSeed,7
LavaGirl015,LavaGirl,FlareArrow,15
LavaGirl022,LavaGirl,GhostFlame,22
LavaGirl030,LavaGirl,FlareTornado,30
LavaGirl040,LavaGirl,Inferno,40
LavaGirl050,LavaGirl,FireBall,50
LavaGirl070,LavaGirl,RockBeat,70
Boss_LavaGirl001,Boss_LavaGirl,FireBlast,1
Boss_LavaGirl007,Boss_LavaGirl,FireSeed,7
Boss_LavaGirl015,Boss_LavaGirl,FlareArrow,15
Boss_LavaGirl022,Boss_LavaGirl,GhostFlame,22
Boss_LavaGirl030,Boss_LavaGirl,FlareTornado,30
Boss_LavaGirl040,Boss_LavaGirl,Inferno,40
Boss_LavaGirl050,Boss_LavaGirl,FireBall,50
Boss_LavaGirl070,Boss_LavaGirl,RockBeat,70
FlameBambi001,FlameBambi,FireBlast,1
FlameBambi007,FlameBambi,PowerShot,7
FlameBambi015,FlameBambi,FireSeed,15
FlameBambi022,FlameBambi,FlareArrow,22
FlameBambi030,FlameBambi,FlareTornado,30
FlameBambi040,FlameBambi,Inferno,40
FlameBambi050,FlameBambi,FireBall,50
FlameBambi070,FlameBambi,WindBurst,70
Boss_FlameBambi001,Boss_FlameBambi,FireBlast,1
Boss_FlameBambi007,Boss_FlameBambi,PowerShot,7
Boss_FlameBambi015,Boss_FlameBambi,FireSeed,15
Boss_FlameBambi022,Boss_FlameBambi,FlareArrow,22
Boss_FlameBambi030,Boss_FlameBambi,FlareTornado,30
Boss_FlameBambi040,Boss_FlameBambi,Inferno,40
Boss_FlameBambi050,Boss_FlameBambi,FireBall,50
Boss_FlameBambi070,Boss_FlameBambi,WindBurst,70
IceFox001,IceFox,AirCanon,1
IceFox007,IceFox,IceMissile,7
IceFox015,IceFox,IceBlade,15
IceFox022,IceFox,GhostFlame,22
IceFox030,IceFox,BlizzardLance,30
IceFox040,IceFox,FrostBreath,40
IceFox050,IceFox,IcicleThrow,50
IceFox070,IceFox,DiamondFall,70
Boss_IceFox001,Boss_IceFox,AirCanon,1
Boss_IceFox007,Boss_IceFox,IceMissile,7
Boss_IceFox015,Boss_IceFox,IceBlade,15
Boss_IceFox022,Boss_IceFox,GhostFlame,22
Boss_IceFox030,Boss_IceFox,BlizzardLance,30
Boss_IceFox040,Boss_IceFox,FrostBreath,40
Boss_IceFox050,Boss_IceFox,IcicleThrow,50
Boss_IceFox070,Boss_IceFox,DiamondFall,70
NightLady001,NightLady,DarkCanon,1
NightLady007,NightLady,DarkPulse,7
NightLady015,NightLady,DarkArrow,15
NightLady022,NightLady,GhostFlame,22
NightLady030,NightLady,ShadowBall,30
NightLady040,NightLady,Apocalypse,40
NightLady050,NightLady,Unique_NightLady_WarpBeam_Straight,50
NightLady070,NightLady,DarkLegion,70
BOSS_NightLady001,BOSS_NightLady,DarkCanon,1
BOSS_NightLady007,BOSS_NightLady,DarkPulse,7
BOSS_NightLady015,BOSS_NightLady,DarkArrow,15
BOSS_NightLady022,BOSS_NightLady,GhostFlame,22
BOSS_NightLady030,BOSS_NightLady,ShadowBall,30
BOSS_NightLady040,BOSS_NightLady,Apocalypse,40
BOSS_NightLady050,BOSS_NightLady,Unique_NightLady_WarpBeam_Straight,50
BOSS_NightLady070,BOSS_NightLady,DarkLegion,70
NightLady_Dark001,NightLady_Dark,DarkCanon,1
NightLady_Dark007,NightLady_Dark,DarkPulse,7
NightLady_Dark015,NightLady_Dark,DarkArrow,15
NightLady_Dark022,NightLady_Dark,ShadowBall,22
NightLady_Dark030,NightLady_Dark,Apocalypse,30
NightLady_Dark040,NightLady_Dark,Unique_NightLady_FlameNightmare,40
NightLady_Dark050,NightLady_Dark,Unique_NightLady_WarpBeam,50
NightLady_Dark070,NightLady_Dark,DarkLegion,70
BOSS_NightLady_Dark001,BOSS_NightLady_Dark,DarkCanon,1
BOSS_NightLady_Dark007,BOSS_NightLady_Dark,DarkPulse,7
BOSS_NightLady_Dark015,BOSS_NightLady_Dark,DarkArrow,15
BOSS_NightLady_Dark022,BOSS_NightLady_Dark,ShadowBall,22
BOSS_NightLady_Dark030,BOSS_NightLady_Dark,Apocalypse,30
BOSS_NightLady_Dark040,BOSS_NightLady_Dark,Unique_NightLady_FlameNightmare,40
BOSS_NightLady_Dark050,BOSS_NightLady_Dark,Unique_NightLady_WarpBeam,50
BOSS_NightLady_Dark070,BOSS_NightLady_Dark,DarkLegion,70
RAID_NightLady001,RAID_NightLady,GhostFlame,1
RAID_NightLady002,RAID_NightLady,DarkPulse,2
RAID_NightLady003,RAID_NightLady,ShadowBall,3
RAID_NightLady004,RAID_NightLady,DarkLaser,4
RAID_NightLady005,RAID_NightLady,DarkCanon,5
RAID_NightLady006,RAID_NightLady,DarkArrow,6
RAID_NightLady007,RAID_NightLady,Apocalypse,7
RAID_NightLady008,RAID_NightLady,Unique_NightLady_WarpBeam_Straight,8
RAID_NightLady_Dark001,RAID_NightLady_Dark,DarkPulse,1
RAID_NightLady_Dark002,RAID_NightLady_Dark,ShadowBall,2
RAID_NightLady_Dark003,RAID_NightLady_Dark,DarkLaser,3
RAID_NightLady_Dark004,RAID_NightLady_Dark,DarkCanon,4
RAID_NightLady_Dark005,RAID_NightLady_Dark,DarkLegion,5
RAID_NightLady_Dark006,RAID_NightLady_Dark,DarkArrow,6
RAID_NightLady_Dark007,RAID_NightLady_Dark,Apocalypse,7
RAID_NightLady_Dark008,RAID_NightLady_Dark,Unique_NightLady_FlameNightmare,8
RAID_NightLady_Dark009,RAID_NightLady_Dark,Unique_NightLady_WarpBeam,9
RAID_NightLady_Dark_2001,RAID_NightLady_Dark_2,DarkPulse,1
RAID_NightLady_Dark_2002,RAID_NightLady_Dark_2,ShadowBall,2
RAID_NightLady_Dark_2003,RAID_NightLady_Dark_2,DarkLaser,3
RAID_NightLady_Dark_2004,RAID_NightLady_Dark_2,DarkCanon,4
RAID_NightLady_Dark_2005,RAID_NightLady_Dark_2,DarkLegion,5
RAID_NightLady_Dark_2006,RAID_NightLady_Dark_2,DarkArrow,6
RAID_NightLady_Dark_2007,RAID_NightLady_Dark_2,Apocalypse,7
RAID_NightLady_Dark_2008,RAID_NightLady_Dark_2,Unique_NightLady_FlameNightmare,8
RAID_NightLady_Dark_2009,RAID_NightLady_Dark_2,Unique_NightLady_WarpBeam,9
MoonQueen001,MoonQueen,DarkCanon,1
MoonQueen007,MoonQueen,DarkArrow,7
MoonQueen015,MoonQueen,AirBlade,15
MoonQueen018,MoonQueen,Commet,18
MoonQueen022,MoonQueen,HolyBlast,22
MoonQueen030,MoonQueen,Unique_MoonQueen_MoonBlade,30
MoonQueen040,MoonQueen,StarMine,40
MoonQueen050,MoonQueen,Unique_MoonQueen_MoonBeam,50
MoonQueen070,MoonQueen,Unique_MoonQueen_IceMoonBlade,70
BOSS_MoonQueen001,BOSS_MoonQueen,DarkCanon,1
BOSS_MoonQueen007,BOSS_MoonQueen,DarkArrow,7
BOSS_MoonQueen015,BOSS_MoonQueen,AirBlade,15
BOSS_MoonQueen018,BOSS_MoonQueen,Commet,18
BOSS_MoonQueen022,BOSS_MoonQueen,HolyBlast,22
BOSS_MoonQueen030,BOSS_MoonQueen,Unique_MoonQueen_MoonBlade,30
BOSS_MoonQueen040,BOSS_MoonQueen,StarMine,40
BOSS_MoonQueen050,BOSS_MoonQueen,Unique_MoonQueen_MoonBeam,50
BOSS_MoonQueen070,BOSS_MoonQueen,Unique_MoonQueen_IceMoonBlade,70
GYM_MoonQueen001,GYM_MoonQueen,StarMine,1
GYM_MoonQueen002,GYM_MoonQueen,PowerBall,2
GYM_MoonQueen003,GYM_MoonQueen,Unique_MoonQueen_MoonBeam,3
GYM_MoonQueen004,GYM_MoonQueen,Unique_MoonQueen_MoonBlade,4
GYM_MoonQueen005,GYM_MoonQueen,HolyBlast,5
GYM_MoonQueen006,GYM_MoonQueen,AirBlade,6
GYM_MoonQueen007,GYM_MoonQueen,Apocalypse,7
GYM_MoonQueen008,GYM_MoonQueen,ShadowBall,8
GYM_MoonQueen009,GYM_MoonQueen,Unique_MoonQueen_GYM_Act,9
FeatherOstrich001,FeatherOstrich,MudShot,1
FeatherOstrich007,FeatherOstrich,PowerShot,7
FeatherOstrich015,FeatherOstrich,StoneShotgun,15
FeatherOstrich022,FeatherOstrich,ThrowRock,22
FeatherOstrich030,FeatherOstrich,Unique_FeatherOstrich_Tossin,30
FeatherOstrich040,FeatherOstrich,Tremor,40
FeatherOstrich050,FeatherOstrich,SandTwister,50
FeatherOstrich070,FeatherOstrich,RockBeat,70
BOSS_FeatherOstrich001,BOSS_FeatherOstrich,MudShot,1
BOSS_FeatherOstrich007,BOSS_FeatherOstrich,PowerShot,7
BOSS_FeatherOstrich015,BOSS_FeatherOstrich,StoneShotgun,15
BOSS_FeatherOstrich022,BOSS_FeatherOstrich,ThrowRock,22
BOSS_FeatherOstrich030,BOSS_FeatherOstrich,Unique_FeatherOstrich_Tossin,30
BOSS_FeatherOstrich040,BOSS_FeatherOstrich,Tremor,40
BOSS_FeatherOstrich050,BOSS_FeatherOstrich,SandTwister,50
BOSS_FeatherOstrich070,BOSS_FeatherOstrich,RockBeat,70
PREDATOR_FeatherOstrich001,PREDATOR_FeatherOstrich,MudShot,1
PREDATOR_FeatherOstrich007,PREDATOR_FeatherOstrich,PowerShot,7
PREDATOR_FeatherOstrich010,PREDATOR_FeatherOstrich,PredatorWave,10
PREDATOR_FeatherOstrich015,PREDATOR_FeatherOstrich,StoneShotgun,15
PREDATOR_FeatherOstrich020,PREDATOR_FeatherOstrich,PredatorLockon,20
PREDATOR_FeatherOstrich022,PREDATOR_FeatherOstrich,ThrowRock,22
PREDATOR_FeatherOstrich029,PREDATOR_FeatherOstrich,Unique_FeatherOstrich_Tossin,29
PREDATOR_FeatherOstrich030,PREDATOR_FeatherOstrich,PredatorBeam,30
PREDATOR_FeatherOstrich040,PREDATOR_FeatherOstrich,Tremor,40
PREDATOR_FeatherOstrich050,PREDATOR_FeatherOstrich,SandTwister,50
PREDATOR_FeatherOstrich070,PREDATOR_FeatherOstrich,RockBeat,70
DarkScorpion_Ground001,DarkScorpion_Ground,MudShot,1
DarkScorpion_Ground007,DarkScorpion_Ground,StoneShotgun,7
DarkScorpion_Ground015,DarkScorpion_Ground,ThrowRock,15
DarkScorpion_Ground022,DarkScorpion_Ground,SandTornado,22
DarkScorpion_Ground030,DarkScorpion_Ground,Unique_DarkScorpion_Pierce,30
DarkScorpion_Ground040,DarkScorpion_Ground,RockLance,40
DarkScorpion_Ground050,DarkScorpion_Ground,Tremor,50
DarkScorpion_Ground070,DarkScorpion_Ground,RockBeat,70
BOSS_DarkScorpion_Ground001,BOSS_DarkScorpion_Ground,MudShot,1
BOSS_DarkScorpion_Ground007,BOSS_DarkScorpion_Ground,StoneShotgun,7
BOSS_DarkScorpion_Ground015,BOSS_DarkScorpion_Ground,ThrowRock,15
BOSS_DarkScorpion_Ground022,BOSS_DarkScorpion_Ground,SandTornado,22
BOSS_DarkScorpion_Ground030,BOSS_DarkScorpion_Ground,Unique_DarkScorpion_Pierce,30
BOSS_DarkScorpion_Ground040,BOSS_DarkScorpion_Ground,RockLance,40
BOSS_DarkScorpion_Ground050,BOSS_DarkScorpion_Ground,Tremor,50
BOSS_DarkScorpion_Ground070,BOSS_DarkScorpion_Ground,RockBeat,70
WeaselDragon_Fire001,WeaselDragon_Fire,FireBlast,1
WeaselDragon_Fire007,WeaselDragon_Fire,DragonWave,7
WeaselDragon_Fire015,WeaselDragon_Fire,FlareArrow,15
WeaselDragon_Fire022,WeaselDragon_Fire,Flamethrower,22
WeaselDragon_Fire030,WeaselDragon_Fire,Unique_WeaselDragon_FlyingTackle,30
WeaselDragon_Fire040,WeaselDragon_Fire,FlameWall,40
WeaselDragon_Fire050,WeaselDragon_Fire,FireBall,50
WeaselDragon_Fire070,WeaselDragon_Fire,DragonMeteor,70
BOSS_WeaselDragon_Fire001,BOSS_WeaselDragon_Fire,FireBlast,1
BOSS_WeaselDragon_Fire007,BOSS_WeaselDragon_Fire,DragonWave,7
BOSS_WeaselDragon_Fire015,BOSS_WeaselDragon_Fire,FlareArrow,15
BOSS_WeaselDragon_Fire022,BOSS_WeaselDragon_Fire,Flamethrower,22
BOSS_WeaselDragon_Fire030,BOSS_WeaselDragon_Fire,Unique_WeaselDragon_FlyingTackle,30
BOSS_WeaselDragon_Fire040,BOSS_WeaselDragon_Fire,FlameWall,40
BOSS_WeaselDragon_Fire050,BOSS_WeaselDragon_Fire,FireBall,50
BOSS_WeaselDragon_Fire070,BOSS_WeaselDragon_Fire,DragonMeteor,70
KingBahamut_Dragon001,KingBahamut_Dragon,DragonWave,1
KingBahamut_Dragon007,KingBahamut_Dragon,Flamethrower,7
KingBahamut_Dragon015,KingBahamut_Dragon,FlameWall,15
KingBahamut_Dragon022,KingBahamut_Dragon,Commet,22
KingBahamut_Dragon030,KingBahamut_Dragon,BeamSlicer,30
KingBahamut_Dragon040,KingBahamut_Dragon,Unique_KingBahamut_ArmSmash,40
KingBahamut_Dragon050,KingBahamut_Dragon,Unique_KingBahamut_AirCrash,50
KingBahamut_Dragon070,KingBahamut_Dragon,CommetRain,70
BOSS_KingBahamut_Dragon001,BOSS_KingBahamut_Dragon,DragonWave,1
BOSS_KingBahamut_Dragon007,BOSS_KingBahamut_Dragon,Flamethrower,7
BOSS_KingBahamut_Dragon015,BOSS_KingBahamut_Dragon,FlameWall,15
BOSS_KingBahamut_Dragon022,BOSS_KingBahamut_Dragon,Commet,22
BOSS_KingBahamut_Dragon030,BOSS_KingBahamut_Dragon,BeamSlicer,30
BOSS_KingBahamut_Dragon040,BOSS_KingBahamut_Dragon,Unique_KingBahamut_ArmSmash,40
BOSS_KingBahamut_Dragon050,BOSS_KingBahamut_Dragon,Unique_KingBahamut_AirCrash,50
BOSS_KingBahamut_Dragon070,BOSS_KingBahamut_Dragon,CommetRain,70
RAID_KingBahamut_Dragon001,RAID_KingBahamut_Dragon,Unique_KingBahamut_AirCrash,1
RAID_KingBahamut_Dragon002,RAID_KingBahamut_Dragon,Unique_KingBahamut_ArmSmash,2
RAID_KingBahamut_Dragon003,RAID_KingBahamut_Dragon,ThreeCommet,3
RAID_KingBahamut_Dragon005,RAID_KingBahamut_Dragon,BlastCanon,5
RAID_KingBahamut_Dragon006,RAID_KingBahamut_Dragon,DragonMeteor,6
RAID_KingBahamut_Dragon007,RAID_KingBahamut_Dragon,BeamSlicer,7
RAID_KingBahamut_Dragon008,RAID_KingBahamut_Dragon,Eruption,8
RAID_KingBahamut_Dragon009,RAID_KingBahamut_Dragon,FireBall,9
RAID_KingBahamut_Dragon010,RAID_KingBahamut_Dragon,FlameWall,10
RAID_KingBahamut_Dragon011,RAID_KingBahamut_Dragon,FlameFunnel,11
RAID_KingBahamut_Dragon_2001,RAID_KingBahamut_Dragon_2,Unique_KingBahamut_AirCrash,1
RAID_KingBahamut_Dragon_2002,RAID_KingBahamut_Dragon_2,Unique_KingBahamut_ArmSmash,2
RAID_KingBahamut_Dragon_2003,RAID_KingBahamut_Dragon_2,CommetRain,3
RAID_KingBahamut_Dragon_2005,RAID_KingBahamut_Dragon_2,BlastCanon,5
RAID_KingBahamut_Dragon_2006,RAID_KingBahamut_Dragon_2,DragonMeteor,6
RAID_KingBahamut_Dragon_2007,RAID_KingBahamut_Dragon_2,BeamSlicer,7
RAID_KingBahamut_Dragon_2008,RAID_KingBahamut_Dragon_2,Eruption,8
RAID_KingBahamut_Dragon_2009,RAID_KingBahamut_Dragon_2,FireBall,9
RAID_KingBahamut_Dragon_2010,RAID_KingBahamut_Dragon_2,Inferno,10
RAID_KingBahamut_Dragon_2011,RAID_KingBahamut_Dragon_2,FlameFunnel,11
SkyDragon_Grass001,SkyDragon_Grass,DragonCanon,1
SkyDragon_Grass007,SkyDragon_Grass,WindCutter,7
SkyDragon_Grass015,SkyDragon_Grass,SeedMachinegun,15
SkyDragon_Grass022,SkyDragon_Grass,DragonBreath,22
SkyDragon_Grass030,SkyDragon_Grass,GrassTornado,30
SkyDragon_Grass040,SkyDragon_Grass,Commet,40
SkyDragon_Grass050,SkyDragon_Grass,RootLance,50
SkyDragon_Grass070,SkyDragon_Grass,WindBurst,70
BOSS_SkyDragon_Grass001,BOSS_SkyDragon_Grass,DragonCanon,1
BOSS_SkyDragon_Grass007,BOSS_SkyDragon_Grass,WindCutter,7
BOSS_SkyDragon_Grass015,BOSS_SkyDragon_Grass,SeedMachinegun,15
BOSS_SkyDragon_Grass022,BOSS_SkyDragon_Grass,DragonBreath,22
BOSS_SkyDragon_Grass030,BOSS_SkyDragon_Grass,GrassTornado,30
BOSS_SkyDragon_Grass040,BOSS_SkyDragon_Grass,Commet,40
BOSS_SkyDragon_Grass050,BOSS_SkyDragon_Grass,RootLance,50
BOSS_SkyDragon_Grass070,BOSS_SkyDragon_Grass,WindBurst,70
CandleGhost001,CandleGhost,FireBlast,1
CandleGhost007,CandleGhost,DarkBall,7
CandleGhost015,CandleGhost,FireSeed,15
CandleGhost022,CandleGhost,GhostFlame,22
CandleGhost030,CandleGhost,ShadowBall,30
CandleGhost040,CandleGhost,FlameFunnel,40
CandleGhost050,CandleGhost,Eruption,50
CandleGhost070,CandleGhost,DarkLegion,70
BOSS_CandleGhost001,BOSS_CandleGhost,FireBlast,1
BOSS_CandleGhost007,BOSS_CandleGhost,DarkBall,7
BOSS_CandleGhost015,BOSS_CandleGhost,FireSeed,15
BOSS_CandleGhost022,BOSS_CandleGhost,GhostFlame,22
BOSS_CandleGhost030,BOSS_CandleGhost,ShadowBall,30
BOSS_CandleGhost040,BOSS_CandleGhost,FlameFunnel,40
BOSS_CandleGhost050,BOSS_CandleGhost,Eruption,50
BOSS_CandleGhost070,BOSS_CandleGhost,DarkLegion,70
PREDATOR_CandleGhost001,PREDATOR_CandleGhost,FireBlast,1
PREDATOR_CandleGhost007,PREDATOR_CandleGhost,DarkBall,7
PREDATOR_CandleGhost010,PREDATOR_CandleGhost,PredatorWave,10
PREDATOR_CandleGhost015,PREDATOR_CandleGhost,FireSeed,15
PREDATOR_CandleGhost020,PREDATOR_CandleGhost,PredatorLockon,20
PREDATOR_CandleGhost022,PREDATOR_CandleGhost,GhostFlame,22
PREDATOR_CandleGhost029,PREDATOR_CandleGhost,ShadowBall,29
PREDATOR_CandleGhost030,PREDATOR_CandleGhost,PredatorBeam,30
PREDATOR_CandleGhost040,PREDATOR_CandleGhost,FlameFunnel,40
PREDATOR_CandleGhost050,PREDATOR_CandleGhost,Eruption,50
PREDATOR_CandleGhost070,PREDATOR_CandleGhost,DarkLegion,70
DarkAlien001,DarkAlien,PowerShot,1
DarkAlien007,DarkAlien,PoisonShot,7
DarkAlien015,DarkAlien,DarkPulse,15
DarkAlien022,DarkAlien,DarkArrow,22
DarkAlien030,DarkAlien,ShadowBall,30
DarkAlien040,DarkAlien,Unique_DarkAlien_JumpScractch,40
DarkAlien050,DarkAlien,DarkLaser,50
DarkAlien070,DarkAlien,DarkLegion,70
BOSS_DarkAlien001,BOSS_DarkAlien,PowerShot,1
BOSS_DarkAlien007,BOSS_DarkAlien,PoisonShot,7
BOSS_DarkAlien015,BOSS_DarkAlien,DarkPulse,15
BOSS_DarkAlien022,BOSS_DarkAlien,DarkArrow,22
BOSS_DarkAlien030,BOSS_DarkAlien,ShadowBall,30
BOSS_DarkAlien040,BOSS_DarkAlien,Unique_DarkAlien_JumpScractch,40
BOSS_DarkAlien050,BOSS_DarkAlien,DarkLaser,50
BOSS_DarkAlien070,BOSS_DarkAlien,DarkLegion,70
SUMMON_DarkAlien001,SUMMON_DarkAlien,Unique_DarkAlien_JumpScractch,1
SUMMON_DarkAlien002,SUMMON_DarkAlien,PoisonShot,2
SUMMON_DarkAlien003,SUMMON_DarkAlien,DarkCanon,3
SUMMON_DarkAlien_MAX001,SUMMON_DarkAlien_MAX,Unique_DarkAlien_JumpScractch,1
SUMMON_DarkAlien_MAX002,SUMMON_DarkAlien_MAX,ShadowBall,2
SUMMON_DarkAlien_MAX003,SUMMON_DarkAlien_MAX,DarkCanon,3
DarkAlien_Oilrig001,DarkAlien_Oilrig,PowerShot,1
DarkAlien_Oilrig007,DarkAlien_Oilrig,PoisonShot,7
DarkAlien_Oilrig015,DarkAlien_Oilrig,DarkPulse,15
DarkAlien_Oilrig022,DarkAlien_Oilrig,DarkArrow,22
DarkAlien_Oilrig030,DarkAlien_Oilrig,ShadowBall,30
DarkAlien_Oilrig040,DarkAlien_Oilrig,Unique_DarkAlien_JumpScractch,40
DarkAlien_Oilrig050,DarkAlien_Oilrig,DarkLaser,50
DarkAlien_Oilrig070,DarkAlien_Oilrig,DarkLegion,70
SifuDog001,SifuDog,AirCanon,1
SifuDog007,SifuDog,PowerShot,7
SifuDog015,SifuDog,ThrowRock,15
SifuDog022,SifuDog,PowerBall,22
SifuDog030,SifuDog,AirBlade,30
SifuDog040,SifuDog,Unique_SifuDog_Counter,40
SifuDog050,SifuDog,HyperBeam,50
SifuDog070,SifuDog,HolyBlast,70
BOSS_SifuDog001,BOSS_SifuDog,AirCanon,1
BOSS_SifuDog007,BOSS_SifuDog,PowerShot,7
BOSS_SifuDog015,BOSS_SifuDog,ThrowRock,15
BOSS_SifuDog022,BOSS_SifuDog,PowerBall,22
BOSS_SifuDog030,BOSS_SifuDog,AirBlade,30
BOSS_SifuDog040,BOSS_SifuDog,Unique_SifuDog_Counter,40
BOSS_SifuDog050,BOSS_SifuDog,HyperBeam,50
BOSS_SifuDog070,BOSS_SifuDog,HolyBlast,70
PREDATOR_SifuDog001,PREDATOR_SifuDog,AirCanon,1
PREDATOR_SifuDog007,PREDATOR_SifuDog,PowerShot,7
PREDATOR_SifuDog010,PREDATOR_SifuDog,PredatorWave,10
PREDATOR_SifuDog015,PREDATOR_SifuDog,ThrowRock,15
PREDATOR_SifuDog020,PREDATOR_SifuDog,PredatorLockon,20
PREDATOR_SifuDog022,PREDATOR_SifuDog,PowerBall,22
PREDATOR_SifuDog029,PREDATOR_SifuDog,AirBlade,29
PREDATOR_SifuDog030,PREDATOR_SifuDog,PredatorBeam,30
PREDATOR_SifuDog040,PREDATOR_SifuDog,Unique_SifuDog_Counter,40
PREDATOR_SifuDog070,PREDATOR_SifuDog,HolyBlast,70
WingGolem001,WingGolem,PowerShot,1
WingGolem007,WingGolem,StoneShotgun,7
WingGolem015,WingGolem,ThrowRock,15
WingGolem022,WingGolem,Tremor,22
WingGolem030,WingGolem,RockLance,30
WingGolem040,WingGolem,Unique_WingGolem_RoundCutter,40
WingGolem050,WingGolem,SandTwister,50
WingGolem070,WingGolem,RockBeat,70
BOSS_WingGolem001,BOSS_WingGolem,PowerShot,1
BOSS_WingGolem007,BOSS_WingGolem,StoneShotgun,7
BOSS_WingGolem015,BOSS_WingGolem,ThrowRock,15
BOSS_WingGolem022,BOSS_WingGolem,Tremor,22
BOSS_WingGolem030,BOSS_WingGolem,RockLance,30
BOSS_WingGolem040,BOSS_WingGolem,Unique_WingGolem_RoundCutter,40
BOSS_WingGolem050,BOSS_WingGolem,SandTwister,50
BOSS_WingGolem070,BOSS_WingGolem,RockBeat,70
WingGolem_Oilrig001,WingGolem_Oilrig,PowerShot,1
WingGolem_Oilrig007,WingGolem_Oilrig,StoneShotgun,7
WingGolem_Oilrig015,WingGolem_Oilrig,ThrowRock,15
WingGolem_Oilrig022,WingGolem_Oilrig,Tremor,22
WingGolem_Oilrig030,WingGolem_Oilrig,RockLance,30
WingGolem_Oilrig040,WingGolem_Oilrig,Unique_WingGolem_RoundCutter,40
WingGolem_Oilrig050,WingGolem_Oilrig,SandTwister,50
WingGolem_Fire001,WingGolem_Fire,FlareArrow,1
WingGolem_Fire007,WingGolem_Fire,FlareTornado,7
WingGolem_Fire015,WingGolem_Fire,FlameWall,15
WingGolem_Fire022,WingGolem_Fire,FlameFunnel,22
WingGolem_Fire030,WingGolem_Fire,Eruption,30
WingGolem_Fire040,WingGolem_Fire,Inferno,40
WingGolem_Fire050,WingGolem_Fire,FireBall,50
WingGolem_Fire070,WingGolem_Fire,Unique_WingGolem_Fire_FlameCutter,70
BOSS_WingGolem_Fire001,BOSS_WingGolem_Fire,FlareArrow,1
BOSS_WingGolem_Fire007,BOSS_WingGolem_Fire,FlareTornado,7
BOSS_WingGolem_Fire015,BOSS_WingGolem_Fire,FlameWall,15
BOSS_WingGolem_Fire022,BOSS_WingGolem_Fire,FlameFunnel,22
BOSS_WingGolem_Fire030,BOSS_WingGolem_Fire,Eruption,30
BOSS_WingGolem_Fire040,BOSS_WingGolem_Fire,Inferno,40
BOSS_WingGolem_Fire050,BOSS_WingGolem_Fire,FireBall,50
BOSS_WingGolem_Fire070,BOSS_WingGolem_Fire,Unique_WingGolem_Fire_FlameCutter,70
ScorpionMan001,ScorpionMan,PoisonShot,1
ScorpionMan007,ScorpionMan,DarkCanon,7
ScorpionMan015,ScorpionMan,StoneShotgun,15
ScorpionMan022,ScorpionMan,SandTornado,22
ScorpionMan030,ScorpionMan,Unique_ScorpionMan_Uppercut,30
ScorpionMan040,ScorpionMan,RockLance,40
ScorpionMan050,ScorpionMan,DarkLaser,50
ScorpionMan070,ScorpionMan,DarkLegion,70
BOSS_ScorpionMan001,BOSS_ScorpionMan,PoisonShot,1
BOSS_ScorpionMan007,BOSS_ScorpionMan,DarkCanon,7
BOSS_ScorpionMan015,BOSS_ScorpionMan,StoneShotgun,15
BOSS_ScorpionMan022,BOSS_ScorpionMan,SandTornado,22
BOSS_ScorpionMan030,BOSS_ScorpionMan,Unique_ScorpionMan_Uppercut,30
BOSS_ScorpionMan040,BOSS_ScorpionMan,RockLance,40
BOSS_ScorpionMan050,BOSS_ScorpionMan,DarkLaser,50
BOSS_ScorpionMan070,BOSS_ScorpionMan,DarkLegion,70
PREDATOR_ScorpionMan001,PREDATOR_ScorpionMan,PoisonShot,1
PREDATOR_ScorpionMan007,PREDATOR_ScorpionMan,DarkCanon,7
PREDATOR_ScorpionMan010,PREDATOR_ScorpionMan,PredatorWave,10
PREDATOR_ScorpionMan015,PREDATOR_ScorpionMan,StoneShotgun,15
PREDATOR_ScorpionMan020,PREDATOR_ScorpionMan,PredatorLockon,20
PREDATOR_ScorpionMan022,PREDATOR_ScorpionMan,SandTornado,22
PREDATOR_ScorpionMan029,PREDATOR_ScorpionMan,Unique_ScorpionMan_Uppercut,29
PREDATOR_ScorpionMan030,PREDATOR_ScorpionMan,PredatorBeam,30
PREDATOR_ScorpionMan040,PREDATOR_ScorpionMan,RockLance,40
PREDATOR_ScorpionMan070,PREDATOR_ScorpionMan,DarkLegion,70
ScorpionMan_Electric001,ScorpionMan_Electric,MudShot,1
ScorpionMan_Electric007,ScorpionMan_Electric,ElecWave,7
ScorpionMan_Electric015,ScorpionMan_Electric,LineThunder,15
ScorpionMan_Electric022,ScorpionMan_Electric,SandTornado,22
ScorpionMan_Electric030,ScorpionMan_Electric,TriSpark,30
ScorpionMan_Electric040,ScorpionMan_Electric,RangeThunder,40
ScorpionMan_Electric050,ScorpionMan_Electric,Unique_ScorpionMan_Erectric_UpperThunder,50
ScorpionMan_Electric070,ScorpionMan_Electric,ShokeiLaser,70
BOSS_ScorpionMan_Electric001,BOSS_ScorpionMan_Electric,MudShot,1
BOSS_ScorpionMan_Electric007,BOSS_ScorpionMan_Electric,ElecWave,7
BOSS_ScorpionMan_Electric015,BOSS_ScorpionMan_Electric,LineThunder,15
BOSS_ScorpionMan_Electric022,BOSS_ScorpionMan_Electric,SandTornado,22
BOSS_ScorpionMan_Electric030,BOSS_ScorpionMan_Electric,TriSpark,30
BOSS_ScorpionMan_Electric040,BOSS_ScorpionMan_Electric,RangeThunder,40
BOSS_ScorpionMan_Electric050,BOSS_ScorpionMan_Electric,Unique_ScorpionMan_Erectric_UpperThunder,50
BOSS_ScorpionMan_Electric070,BOSS_ScorpionMan_Electric,ShokeiLaser,70
LeafPrincess001,LeafPrincess,WindCutter,1
LeafPrincess007,LeafPrincess,SeedMachinegun,7
LeafPrincess015,LeafPrincess,SpecialCutter,15
LeafPrincess022,LeafPrincess,GrassTornado,22
LeafPrincess030,LeafPrincess,HolyBlast,30
LeafPrincess040,LeafPrincess,RootLance,40
LeafPrincess050,LeafPrincess,SolarBeam,50
LeafPrincess070,LeafPrincess,WindBurst,70
BOSS_LeafPrincess001,BOSS_LeafPrincess,WindCutter,1
BOSS_LeafPrincess007,BOSS_LeafPrincess,SeedMachinegun,7
BOSS_LeafPrincess015,BOSS_LeafPrincess,SpecialCutter,15
BOSS_LeafPrincess022,BOSS_LeafPrincess,GrassTornado,22
BOSS_LeafPrincess030,BOSS_LeafPrincess,HolyBlast,30
BOSS_LeafPrincess040,BOSS_LeafPrincess,RootLance,40
BOSS_LeafPrincess050,BOSS_LeafPrincess,SolarBeam,50
BOSS_LeafPrincess070,BOSS_LeafPrincess,WindBurst,70
MushroomDragon001,MushroomDragon,PoisonShot,1
MushroomDragon007,MushroomDragon,SeedMachinegun,7
MushroomDragon015,MushroomDragon,GrassTornado,15
MushroomDragon022,MushroomDragon,SeedMine,22
MushroomDragon030,MushroomDragon,RootAttack,30
MushroomDragon040,MushroomDragon,RootLance,40
MushroomDragon050,MushroomDragon,SolarBeam,50
MushroomDragon070,MushroomDragon,WindBurst,70
BOSS_MushroomDragon001,BOSS_MushroomDragon,PoisonShot,1
BOSS_MushroomDragon007,BOSS_MushroomDragon,SeedMachinegun,7
BOSS_MushroomDragon015,BOSS_MushroomDragon,GrassTornado,15
BOSS_MushroomDragon022,BOSS_MushroomDragon,SeedMine,22
BOSS_MushroomDragon030,BOSS_MushroomDragon,RootAttack,30
BOSS_MushroomDragon040,BOSS_MushroomDragon,RootLance,40
BOSS_MushroomDragon050,BOSS_MushroomDragon,SolarBeam,50
BOSS_MushroomDragon070,BOSS_MushroomDragon,WindBurst,70
PREDATOR_MushroomDragon001,PREDATOR_MushroomDragon,PoisonShot,1
PREDATOR_MushroomDragon007,PREDATOR_MushroomDragon,SeedMachinegun,7
PREDATOR_MushroomDragon010,PREDATOR_MushroomDragon,PredatorWave,10
PREDATOR_MushroomDragon015,PREDATOR_MushroomDragon,GrassTornado,15
PREDATOR_MushroomDragon020,PREDATOR_MushroomDragon,PredatorLockon,20
PREDATOR_MushroomDragon022,PREDATOR_MushroomDragon,SeedMine,22
PREDATOR_MushroomDragon029,PREDATOR_MushroomDragon,RootAttack,29
PREDATOR_MushroomDragon030,PREDATOR_MushroomDragon,PredatorBeam,30
PREDATOR_MushroomDragon040,PREDATOR_MushroomDragon,RootLance,40
PREDATOR_MushroomDragon070,PREDATOR_MushroomDragon,WindBurst,70
MushroomDragon_Dark001,MushroomDragon_Dark,PoisonShot,1
MushroomDragon_Dark007,MushroomDragon_Dark,DarkWave,7
MushroomDragon_Dark015,MushroomDragon_Dark,GrassTornado,15
MushroomDragon_Dark022,MushroomDragon_Dark,SeedMine,22
MushroomDragon_Dark030,MushroomDragon_Dark,ShadowBall,30
MushroomDragon_Dark040,MushroomDragon_Dark,RootLance,40
MushroomDragon_Dark050,MushroomDragon_Dark,DarkLaser,50
MushroomDragon_Dark070,MushroomDragon_Dark,DarkLegion,70
BOSS_MushroomDragon_Dark001,BOSS_MushroomDragon_Dark,PoisonShot,1
BOSS_MushroomDragon_Dark007,BOSS_MushroomDragon_Dark,DarkWave,7
BOSS_MushroomDragon_Dark015,BOSS_MushroomDragon_Dark,GrassTornado,15
BOSS_MushroomDragon_Dark022,BOSS_MushroomDragon_Dark,SeedMine,22
BOSS_MushroomDragon_Dark030,BOSS_MushroomDragon_Dark,ShadowBall,30
BOSS_MushroomDragon_Dark040,BOSS_MushroomDragon_Dark,RootLance,40
BOSS_MushroomDragon_Dark050,BOSS_MushroomDragon_Dark,DarkLaser,50
BOSS_MushroomDragon_Dark070,BOSS_MushroomDragon_Dark,DarkLegion,70
SmallArmadillo001,SmallArmadillo,PowerShot,1
SmallArmadillo007,SmallArmadillo,MudShot,7
SmallArmadillo015,SmallArmadillo,StoneShotgun,15
SmallArmadillo022,SmallArmadillo,PowerBall,22
SmallArmadillo030,SmallArmadillo,SandTornado,30
SmallArmadillo040,SmallArmadillo,Tremor,40
SmallArmadillo050,SmallArmadillo,RockLance,50
SmallArmadillo070,SmallArmadillo,RockBeat,70
BOSS_SmallArmadillo001,BOSS_SmallArmadillo,PowerShot,1
BOSS_SmallArmadillo007,BOSS_SmallArmadillo,MudShot,7
BOSS_SmallArmadillo015,BOSS_SmallArmadillo,StoneShotgun,15
BOSS_SmallArmadillo022,BOSS_SmallArmadillo,PowerBall,22
BOSS_SmallArmadillo030,BOSS_SmallArmadillo,SandTornado,30
BOSS_SmallArmadillo040,BOSS_SmallArmadillo,Tremor,40
BOSS_SmallArmadillo050,BOSS_SmallArmadillo,RockLance,50
BOSS_SmallArmadillo070,BOSS_SmallArmadillo,RockBeat,70
KendoFrog001,KendoFrog,WaterGun,1
KendoFrog007,KendoFrog,BubbleShot,7
KendoFrog015,KendoFrog,AcidRain,15
KendoFrog022,KendoFrog,WaterBall,22
KendoFrog030,KendoFrog,LineGeyser,30
KendoFrog040,KendoFrog,WallSplash,40
KendoFrog050,KendoFrog,HydroPump,50
KendoFrog070,KendoFrog,SeaGush,70
BOSS_KendoFrog001,BOSS_KendoFrog,WaterGun,1
BOSS_KendoFrog007,BOSS_KendoFrog,BubbleShot,7
BOSS_KendoFrog015,BOSS_KendoFrog,AcidRain,15
BOSS_KendoFrog022,BOSS_KendoFrog,WaterBall,22
BOSS_KendoFrog030,BOSS_KendoFrog,LineGeyser,30
BOSS_KendoFrog040,BOSS_KendoFrog,WallSplash,40
BOSS_KendoFrog050,BOSS_KendoFrog,HydroPump,50
BOSS_KendoFrog070,BOSS_KendoFrog,SeaGush,70
KendoFrog_Dark001,KendoFrog_Dark,PoisonShot,1
KendoFrog_Dark007,KendoFrog_Dark,GravityShot,7
KendoFrog_Dark015,KendoFrog_Dark,DarkArrow,15
KendoFrog_Dark022,KendoFrog_Dark,AcidRain,22
KendoFrog_Dark030,KendoFrog_Dark,ShadowBall,30
KendoFrog_Dark040,KendoFrog_Dark,HydroSlicer,40
KendoFrog_Dark050,KendoFrog_Dark,DarkLaser,50
KendoFrog_Dark070,KendoFrog_Dark,DarkLegion,70
BOSS_KendoFrog_Dark001,BOSS_KendoFrog_Dark,PoisonShot,1
BOSS_KendoFrog_Dark007,BOSS_KendoFrog_Dark,GravityShot,7
BOSS_KendoFrog_Dark015,BOSS_KendoFrog_Dark,DarkArrow,15
BOSS_KendoFrog_Dark022,BOSS_KendoFrog_Dark,AcidRain,22
BOSS_KendoFrog_Dark030,BOSS_KendoFrog_Dark,ShadowBall,30
BOSS_KendoFrog_Dark040,BOSS_KendoFrog_Dark,HydroSlicer,40
BOSS_KendoFrog_Dark050,BOSS_KendoFrog_Dark,DarkLaser,50
BOSS_KendoFrog_Dark070,BOSS_KendoFrog_Dark,DarkLegion,70
MimicDog001,MimicDog,PowerShot,1
MimicDog007,MimicDog,DarkCanon,7
MimicDog015,MimicDog,GhostFlame,15
MimicDog022,MimicDog,PowerBall,22
MimicDog030,MimicDog,AirBlade,30
MimicDog040,MimicDog,HolyBlast,40
MimicDog050,MimicDog,HyperBeam,50
MimicDog070,MimicDog,DarkLegion,70
BOSS_MimicDog001,BOSS_MimicDog,PowerShot,1
BOSS_MimicDog007,BOSS_MimicDog,DarkCanon,7
BOSS_MimicDog015,BOSS_MimicDog,GhostFlame,15
BOSS_MimicDog022,BOSS_MimicDog,PowerBall,22
BOSS_MimicDog030,BOSS_MimicDog,AirBlade,30
BOSS_MimicDog040,BOSS_MimicDog,HolyBlast,40
BOSS_MimicDog050,BOSS_MimicDog,HyperBeam,50
BOSS_MimicDog070,BOSS_MimicDog,DarkLegion,70
GuardianDog001,GuardianDog,Unique_GuardianDog_BiteV2,1
GuardianDog002,GuardianDog,Unique_GuardianDog_Bite,2
GuardianDog003,GuardianDog,MudShot,3
GuardianDog007,GuardianDog,PowerShot,7
GuardianDog015,GuardianDog,StoneShotgun,15
GuardianDog022,GuardianDog,PowerBall,22
GuardianDog030,GuardianDog,AirBlade,30
GuardianDog040,GuardianDog,HolyBlast,40
GuardianDog050,GuardianDog,HyperBeam,50
GuardianDog070,GuardianDog,RockBeat,70
BOSS_GuardianDog001,BOSS_GuardianDog,Unique_GuardianDog_BiteV2,1
BOSS_GuardianDog002,BOSS_GuardianDog,Unique_GuardianDog_Bite,2
BOSS_GuardianDog003,BOSS_GuardianDog,MudShot,3
BOSS_GuardianDog007,BOSS_GuardianDog,PowerShot,7
BOSS_GuardianDog015,BOSS_GuardianDog,StoneShotgun,15
BOSS_GuardianDog022,BOSS_GuardianDog,PowerBall,22
BOSS_GuardianDog030,BOSS_GuardianDog,AirBlade,30
BOSS_GuardianDog040,BOSS_GuardianDog,HolyBlast,40
BOSS_GuardianDog050,BOSS_GuardianDog,HyperBeam,50
BOSS_GuardianDog070,BOSS_GuardianDog,RockBeat,70
Gorilla_Ground001,Gorilla_Ground,PowerShot,1
Gorilla_Ground007,Gorilla_Ground,MudShot,7
Gorilla_Ground015,Gorilla_Ground,StoneShotgun,15
Gorilla_Ground022,Gorilla_Ground,ThrowRock,22
Gorilla_Ground030,Gorilla_Ground,Unique_Gorilla_GroundPunch,30
Gorilla_Ground035,Gorilla_Ground,Unique_Gorilla_Ground_EarthPunch,35
Gorilla_Ground040,Gorilla_Ground,Tremor,40
Gorilla_Ground050,Gorilla_Ground,RockLance,50
Gorilla_Ground070,Gorilla_Ground,RockBeat,70
BOSS_Gorilla_Ground001,BOSS_Gorilla_Ground,PowerShot,1
BOSS_Gorilla_Ground007,BOSS_Gorilla_Ground,MudShot,7
BOSS_Gorilla_Ground015,BOSS_Gorilla_Ground,StoneShotgun,15
BOSS_Gorilla_Ground022,BOSS_Gorilla_Ground,ThrowRock,22
BOSS_Gorilla_Ground030,BOSS_Gorilla_Ground,Unique_Gorilla_GroundPunch,30
BOSS_Gorilla_Ground035,BOSS_Gorilla_Ground,Unique_Gorilla_Ground_EarthPunch,35
BOSS_Gorilla_Ground040,BOSS_Gorilla_Ground,Tremor,40
BOSS_Gorilla_Ground050,BOSS_Gorilla_Ground,RockLance,50
BOSS_Gorilla_Ground070,BOSS_Gorilla_Ground,RockBeat,70
HadesBird_Electric001,HadesBird_Electric,SpreadPulse,1
HadesBird_Electric007,HadesBird_Electric,ElecWave,7
HadesBird_Electric015,HadesBird_Electric,DarkArrow,15
HadesBird_Electric022,HadesBird_Electric,ShadowBall,22
HadesBird_Electric030,HadesBird_Electric,TriSpark,30
HadesBird_Electric040,HadesBird_Electric,ThunderRain,40
HadesBird_Electric050,HadesBird_Electric,ThunderStorm,50
HadesBird_Electric070,HadesBird_Electric,Railbolt,70
BOSS_HadesBird_Electric001,BOSS_HadesBird_Electric,SpreadPulse,1
BOSS_HadesBird_Electric007,BOSS_HadesBird_Electric,ElecWave,7
BOSS_HadesBird_Electric015,BOSS_HadesBird_Electric,DarkArrow,15
BOSS_HadesBird_Electric022,BOSS_HadesBird_Electric,ShadowBall,22
BOSS_HadesBird_Electric030,BOSS_HadesBird_Electric,TriSpark,30
BOSS_HadesBird_Electric040,BOSS_HadesBird_Electric,ThunderRain,40
BOSS_HadesBird_Electric050,BOSS_HadesBird_Electric,ThunderStorm,50
BOSS_HadesBird_Electric070,BOSS_HadesBird_Electric,Railbolt,70
PREDATOR_HadesBird_Electric001,PREDATOR_HadesBird_Electric,SpreadPulse,1
PREDATOR_HadesBird_Electric010,PREDATOR_HadesBird_Electric,PredatorWave,10
PREDATOR_HadesBird_Electric015,PREDATOR_HadesBird_Electric,DarkArrow,15
PREDATOR_HadesBird_Electric020,PREDATOR_HadesBird_Electric,PredatorLockon,20
PREDATOR_HadesBird_Electric022,PREDATOR_HadesBird_Electric,ShadowBall,22
PREDATOR_HadesBird_Electric029,PREDATOR_HadesBird_Electric,TriSpark,29
PREDATOR_HadesBird_Electric030,PREDATOR_HadesBird_Electric,PredatorBeam,30
PREDATOR_HadesBird_Electric040,PREDATOR_HadesBird_Electric,ThunderRain,40
PREDATOR_HadesBird_Electric050,PREDATOR_HadesBird_Electric,ThunderStorm,50
PREDATOR_HadesBird_Electric070,PREDATOR_HadesBird_Electric,Railbolt,70
Ronin_Dark001,Ronin_Dark,FireSeed,1
Ronin_Dark007,Ronin_Dark,DarkPulse,7
Ronin_Dark015,Ronin_Dark,DarkCanon,15
Ronin_Dark018,Ronin_Dark,Unique_Ronin_Iai,18
Ronin_Dark022,Ronin_Dark,DarkArrow,22
Ronin_Dark030,Ronin_Dark,GhostFlame,30
Ronin_Dark040,Ronin_Dark,FlameWall,40
Ronin_Dark050,Ronin_Dark,Apocalypse,50
Ronin_Dark070,Ronin_Dark,DarkLegion,70
BOSS_Ronin_Dark001,BOSS_Ronin_Dark,FireSeed,1
BOSS_Ronin_Dark007,BOSS_Ronin_Dark,DarkPulse,7
BOSS_Ronin_Dark015,BOSS_Ronin_Dark,DarkCanon,15
BOSS_Ronin_Dark018,BOSS_Ronin_Dark,Unique_Ronin_Iai,18
BOSS_Ronin_Dark022,BOSS_Ronin_Dark,DarkArrow,22
BOSS_Ronin_Dark030,BOSS_Ronin_Dark,GhostFlame,30
BOSS_Ronin_Dark040,BOSS_Ronin_Dark,FlameWall,40
BOSS_Ronin_Dark050,BOSS_Ronin_Dark,Apocalypse,50
BOSS_Ronin_Dark070,BOSS_Ronin_Dark,DarkLegion,70
PREDATOR_Ronin_Dark001,PREDATOR_Ronin_Dark,FireSeed,1
PREDATOR_Ronin_Dark007,PREDATOR_Ronin_Dark,DarkPulse,7
PREDATOR_Ronin_Dark010,PREDATOR_Ronin_Dark,PredatorWave,10
PREDATOR_Ronin_Dark015,PREDATOR_Ronin_Dark,DarkCanon,15
PREDATOR_Ronin_Dark018,PREDATOR_Ronin_Dark,Unique_Ronin_Iai,18
PREDATOR_Ronin_Dark020,PREDATOR_Ronin_Dark,PredatorLockon,20
PREDATOR_Ronin_Dark022,PREDATOR_Ronin_Dark,DarkArrow,22
PREDATOR_Ronin_Dark029,PREDATOR_Ronin_Dark,GhostFlame,29
PREDATOR_Ronin_Dark030,PREDATOR_Ronin_Dark,PredatorBeam,30
PREDATOR_Ronin_Dark040,PREDATOR_Ronin_Dark,FlameWall,40
PREDATOR_Ronin_Dark050,PREDATOR_Ronin_Dark,Apocalypse,50
PREDATOR_Ronin_Dark070,PREDATOR_Ronin_Dark,DarkLegion,70
CatMage_Fire001,CatMage_Fire,FireBlast,1
CatMage_Fire007,CatMage_Fire,DarkCanon,7
CatMage_Fire015,CatMage_Fire,FlareArrow,15
CatMage_Fire022,CatMage_Fire,FlareTornado,22
CatMage_Fire030,CatMage_Fire,FlameWall,30
CatMage_Fire040,CatMage_Fire,FlameFunnel,40
CatMage_Fire050,CatMage_Fire,FireBall,50
CatMage_Fire070,CatMage_Fire,DarkLegion,70
BOSS_CatMage_Fire001,BOSS_CatMage_Fire,FireBlast,1
BOSS_CatMage_Fire007,BOSS_CatMage_Fire,DarkCanon,7
BOSS_CatMage_Fire015,BOSS_CatMage_Fire,FlareArrow,15
BOSS_CatMage_Fire022,BOSS_CatMage_Fire,FlareTornado,22
BOSS_CatMage_Fire030,BOSS_CatMage_Fire,FlameWall,30
BOSS_CatMage_Fire040,BOSS_CatMage_Fire,FlameFunnel,40
BOSS_CatMage_Fire050,BOSS_CatMage_Fire,FireBall,50
BOSS_CatMage_Fire070,BOSS_CatMage_Fire,DarkLegion,70
FoxMage_Dark001,FoxMage_Dark,DarkPulse,1
FoxMage_Dark007,FoxMage_Dark,DarkCanon,7
FoxMage_Dark015,FoxMage_Dark,DarkArrow,15
FoxMage_Dark022,FoxMage_Dark,FlareTornado,22
FoxMage_Dark030,FoxMage_Dark,GhostFlame,30
FoxMage_Dark040,FoxMage_Dark,FlameWall,40
FoxMage_Dark050,FoxMage_Dark,Apocalypse,50
FoxMage_Dark070,FoxMage_Dark,DarkLegion,70
BOSS_FoxMage_Dark001,BOSS_FoxMage_Dark,DarkPulse,1
BOSS_FoxMage_Dark007,BOSS_FoxMage_Dark,DarkCanon,7
BOSS_FoxMage_Dark015,BOSS_FoxMage_Dark,DarkArrow,15
BOSS_FoxMage_Dark022,BOSS_FoxMage_Dark,FlareTornado,22
BOSS_FoxMage_Dark030,BOSS_FoxMage_Dark,GhostFlame,30
BOSS_FoxMage_Dark040,BOSS_FoxMage_Dark,FlameWall,40
BOSS_FoxMage_Dark050,BOSS_FoxMage_Dark,Apocalypse,50
BOSS_FoxMage_Dark070,BOSS_FoxMage_Dark,DarkLegion,70
WhiteAlienDragon001,WhiteAlienDragon,DragonCanon,1
WhiteAlienDragon007,WhiteAlienDragon,DragonWave,7
WhiteAlienDragon015,WhiteAlienDragon,AirBlade,15
WhiteAlienDragon022,WhiteAlienDragon,DragonBreath,22
WhiteAlienDragon030,WhiteAlienDragon,IcicleLine,30
WhiteAlienDragon040,WhiteAlienDragon,Commet,40
WhiteAlienDragon050,WhiteAlienDragon,BeamSlicer,50
WhiteAlienDragon070,WhiteAlienDragon,DragonMeteor,70
BOSS_WhiteAlienDragon001,BOSS_WhiteAlienDragon,DragonCanon,1
BOSS_WhiteAlienDragon007,BOSS_WhiteAlienDragon,DragonWave,7
BOSS_WhiteAlienDragon015,BOSS_WhiteAlienDragon,AirBlade,15
BOSS_WhiteAlienDragon022,BOSS_WhiteAlienDragon,DragonBreath,22
BOSS_WhiteAlienDragon030,BOSS_WhiteAlienDragon,IcicleLine,30
BOSS_WhiteAlienDragon040,BOSS_WhiteAlienDragon,Commet,40
BOSS_WhiteAlienDragon050,BOSS_WhiteAlienDragon,BeamSlicer,50
BOSS_WhiteAlienDragon070,BOSS_WhiteAlienDragon,DragonMeteor,70
SUMMON_WhiteAlienDragon001,SUMMON_WhiteAlienDragon,DragonBreath,1
SUMMON_WhiteAlienDragon002,SUMMON_WhiteAlienDragon,Commet,2
SUMMON_WhiteAlienDragon003,SUMMON_WhiteAlienDragon,DragonCanon,3
SUMMON_WhiteAlienDragon_MAX001,SUMMON_WhiteAlienDragon_MAX,DragonCanon,1
SUMMON_WhiteAlienDragon_MAX002,SUMMON_WhiteAlienDragon_MAX,Commet,2
SUMMON_WhiteAlienDragon_MAX003,SUMMON_WhiteAlienDragon_MAX,BeamSlicer,3
GYM_ElecPanda_2001,GYM_ElecPanda_2,Unique_ElecPanda_GatlingAttack,1
GYM_ElecPanda_2002,GYM_ElecPanda_2,ThunderRain,2
GYM_ElecPanda_2004,GYM_ElecPanda_2,LightningStrike,4
GYM_ElecPanda_2006,GYM_ElecPanda_2,ShokeiLaser,6
GYM_ElecPanda_2007,GYM_ElecPanda_2,TriSpark,7
GYM_ElecPanda_2008,GYM_ElecPanda_2,RootAttack,8
GYM_ElecPanda_2009,GYM_ElecPanda_2,SeedMine,9
GYM_ElecPanda_2010,GYM_ElecPanda_2,WindEdge,10
GYM_ElecPanda_2011,GYM_ElecPanda_2,ReflectiveShuriken,11
GYM_LilyQueen_2001,GYM_LilyQueen_2,Unique_LilyQueen_LilyHealing_Boss,1
GYM_LilyQueen_2002,GYM_LilyQueen_2,Unique_LilyQueen_GYM_Act,2
GYM_LilyQueen_2003,GYM_LilyQueen_2,SolarBeam,3
GYM_LilyQueen_2004,GYM_LilyQueen_2,RaidCutter,4
GYM_LilyQueen_2005,GYM_LilyQueen_2,WindBurst,5
GYM_LilyQueen_2006,GYM_LilyQueen_2,RootLance,6
GYM_LilyQueen_2007,GYM_LilyQueen_2,CrossWind,7
GYM_LilyQueen_2008,GYM_LilyQueen_2,DiversionLaser,8
GYM_LilyQueen_2009,GYM_LilyQueen_2,WallSplash,9
GYM_LilyQueen_2011,GYM_LilyQueen_2,SeaGush,11
GYM_LilyQueen_2012,GYM_LilyQueen_2,BubbleShower,12
GYM_ThunderDragonMan_2001,GYM_ThunderDragonMan_2,Unique_ThunderDragonMan_GYM_Act,1
GYM_ThunderDragonMan_2002,GYM_ThunderDragonMan_2,Unique_ThunderDragonMan_NumerousSwordAttack,2
GYM_ThunderDragonMan_2003,GYM_ThunderDragonMan_2,RangeThunder,3
GYM_ThunderDragonMan_2004,GYM_ThunderDragonMan_2,Railbolt,4
GYM_ThunderDragonMan_2005,GYM_ThunderDragonMan_2,Commet,5
GYM_ThunderDragonMan_2006,GYM_ThunderDragonMan_2,BeamSlicer,6
GYM_ThunderDragonMan_2007,GYM_ThunderDragonMan_2,ChargeCanon,7
GYM_ThunderDragonMan_2008,GYM_ThunderDragonMan_2,CrossWind,8
GYM_ThunderDragonMan_2009,GYM_ThunderDragonMan_2,ReflectiveShuriken,9
GYM_ThunderDragonMan_2010,GYM_ThunderDragonMan_2,WindEdge,10
GYM_Horus_2001,GYM_Horus_2,Unique_Horus_PerfectStorm,1
GYM_Horus_2002,GYM_Horus_2,FlameFunnel,2
GYM_Horus_2003,GYM_Horus_2,FireBall,3
GYM_Horus_2004,GYM_Horus_2,FlameWall,4
GYM_Horus_2005,GYM_Horus_2,Eruption,5
GYM_Horus_2006,GYM_Horus_2,Railbolt,6
GYM_Horus_2007,GYM_Horus_2,ThunderRain,7
GYM_Horus_2008,GYM_Horus_2,ThunderStorm,8
GYM_Horus_2009,GYM_Horus_2,RangeThunder,9
GYM_Horus_2010,GYM_Horus_2,AirBlade,10
GYM_BlackGriffon_2001,GYM_BlackGriffon_2,Unique_BlackGriffon_TackleLaser,1
GYM_BlackGriffon_2002,GYM_BlackGriffon_2,Unique_BlackGriffon_TackleLaser2,2
GYM_BlackGriffon_2003,GYM_BlackGriffon_2,DarkLaser,3
GYM_BlackGriffon_2004,GYM_BlackGriffon_2,Apocalypse,4
GYM_BlackGriffon_2005,GYM_BlackGriffon_2,ShokeiLaser,5
GYM_BlackGriffon_2006,GYM_BlackGriffon_2,DiamondFall,6
GYM_BlackGriffon_2007,GYM_BlackGriffon_2,IcicleThrow,7
GYM_BlackGriffon_2008,GYM_BlackGriffon_2,IcicleLine,8
GYM_BlackGriffon_2009,GYM_BlackGriffon_2,IceWall,9
GYM_BlackGriffon_2_Avatar001,GYM_BlackGriffon_2_Avatar,Unique_BlackGriffon_TackleLaser,1
GYM_BlackGriffon_2_Avatar002,GYM_BlackGriffon_2_Avatar,Unique_BlackGriffon_TackleLaser2,2
GYM_BlackGriffon_2_Avatar003,GYM_BlackGriffon_2_Avatar,DarkLaser,3
GYM_BlackGriffon_2_Avatar004,GYM_BlackGriffon_2_Avatar,Apocalypse,4
GYM_BlackGriffon_2_Avatar005,GYM_BlackGriffon_2_Avatar,ShokeiLaser,5
GYM_BlackGriffon_2_Avatar006,GYM_BlackGriffon_2_Avatar,DiamondFall,6
GYM_BlackGriffon_2_Avatar007,GYM_BlackGriffon_2_Avatar,IcicleThrow,7
GYM_BlackGriffon_2_Avatar008,GYM_BlackGriffon_2_Avatar,IcicleLine,8
GYM_BlackGriffon_2_Avatar009,GYM_BlackGriffon_2_Avatar,IceWall,9
GYM_MoonQueen_2001,GYM_MoonQueen_2,Unique_MoonQueen_MoonBeam,1
GYM_MoonQueen_2002,GYM_MoonQueen_2,Unique_MoonQueen_IceMoonBlade,2
GYM_MoonQueen_2003,GYM_MoonQueen_2,Unique_MoonQueen_GYM_Hard_Act,3
GYM_MoonQueen_2004,GYM_MoonQueen_2,StarMine,4
GYM_MoonQueen_2005,GYM_MoonQueen_2,AirBlade,5
GYM_MoonQueen_2006,GYM_MoonQueen_2,HolyBlast,6
GYM_MoonQueen_2007,GYM_MoonQueen_2,DarkLegion,7
GYM_MoonQueen_2008,GYM_MoonQueen_2,ShadowBall,8
GYM_MoonQueen_2009,GYM_MoonQueen_2,IceWall,9
GYM_MoonQueen_2010,GYM_MoonQueen_2,IcicleThrow,10
GYM_MoonQueen_2011,GYM_MoonQueen_2,DiamondFall,11
GYM_MoonQueen_2012,GYM_MoonQueen_2,ThreeCommet,12
GYM_MoonQueen_2_Servant001,GYM_MoonQueen_2_Servant,PowerBall,1
GYM_MoonQueen_2_Servant002,GYM_MoonQueen_2_Servant,AirBlade,2
GYM_MoonQueen_2_Servant003,GYM_MoonQueen_2_Servant,HolyBlast,3
GYM_MoonQueen_2_Servant004,GYM_MoonQueen_2_Servant,DarkArrow,4
GYM_MoonQueen_2_Servant005,GYM_MoonQueen_2_Servant,GhostFlame,5
GYM_MoonQueen_2_Servant006,GYM_MoonQueen_2_Servant,ShadowBall,6
GYM_MoonQueen_2_Servant007,GYM_MoonQueen_2_Servant,IceWall,7
GYM_MoonQueen_2_Servant008,GYM_MoonQueen_2_Servant,Commet,8
GoldenHorse001,GoldenHorse,Unique_GoldenHorse_BiteV2,1
GoldenHorse002,GoldenHorse,Unique_GoldenHorse_Bite,2
GoldenHorse003,GoldenHorse,PowerShot,3
GoldenHorse007,GoldenHorse,MudShot,7
GoldenHorse015,GoldenHorse,StoneShotgun,15
GoldenHorse022,GoldenHorse,PowerBall,22
GoldenHorse030,GoldenHorse,Tremor,30
GoldenHorse040,GoldenHorse,Unique_GoldenHorse_StoneDash,40
GoldenHorse050,GoldenHorse,RockBeat,50
GoldenHorse070,GoldenHorse,HolyBlast,70
BOSS_GoldenHorse001,BOSS_GoldenHorse,Unique_GoldenHorse_BiteV2,1
BOSS_GoldenHorse002,BOSS_GoldenHorse,Unique_GoldenHorse_Bite,2
BOSS_GoldenHorse003,BOSS_GoldenHorse,PowerShot,3
BOSS_GoldenHorse007,BOSS_GoldenHorse,MudShot,7
BOSS_GoldenHorse015,BOSS_GoldenHorse,StoneShotgun,15
BOSS_GoldenHorse022,BOSS_GoldenHorse,PowerBall,22
BOSS_GoldenHorse030,BOSS_GoldenHorse,Tremor,30
BOSS_GoldenHorse040,BOSS_GoldenHorse,Unique_GoldenHorse_StoneDash,40
BOSS_GoldenHorse050,BOSS_GoldenHorse,RockBeat,50
BOSS_GoldenHorse070,BOSS_GoldenHorse,HolyBlast,70
PREDATOR_GoldenHorse001,PREDATOR_GoldenHorse,Unique_GoldenHorse_BiteV2,1
PREDATOR_GoldenHorse002,PREDATOR_GoldenHorse,Unique_GoldenHorse_Bite,2
PREDATOR_GoldenHorse003,PREDATOR_GoldenHorse,PowerShot,3
PREDATOR_GoldenHorse007,PREDATOR_GoldenHorse,MudShot,7
PREDATOR_GoldenHorse010,PREDATOR_GoldenHorse,PredatorWave,10
PREDATOR_GoldenHorse015,PREDATOR_GoldenHorse,StoneShotgun,15
PREDATOR_GoldenHorse020,PREDATOR_GoldenHorse,PredatorLockon,20
PREDATOR_GoldenHorse022,PREDATOR_GoldenHorse,PowerBall,22
PREDATOR_GoldenHorse029,PREDATOR_GoldenHorse,Tremor,29
PREDATOR_GoldenHorse030,PREDATOR_GoldenHorse,PredatorBeam,30
PREDATOR_GoldenHorse040,PREDATOR_GoldenHorse,Unique_GoldenHorse_StoneDash,40
PREDATOR_GoldenHorse050,PREDATOR_GoldenHorse,RockBeat,50
PREDATOR_GoldenHorse070,PREDATOR_GoldenHorse,HolyBlast,70
PurpleSpider001,PurpleSpider,PoisonFog,1
PurpleSpider007,PurpleSpider,PoisonShot,7
PurpleSpider015,PurpleSpider,DarkPulse,15
PurpleSpider022,PurpleSpider,DarkArrow,22
PurpleSpider030,PurpleSpider,Unique_PurpleSpider_SpiderRaid,30
PurpleSpider040,PurpleSpider,BubbleShower,40
PurpleSpider050,PurpleSpider,Apocalypse,50
PurpleSpider070,PurpleSpider,DarkLegion,70
BOSS_PurpleSpider001,BOSS_PurpleSpider,PoisonFog,1
BOSS_PurpleSpider007,BOSS_PurpleSpider,PoisonShot,7
BOSS_PurpleSpider015,BOSS_PurpleSpider,DarkPulse,15
BOSS_PurpleSpider022,BOSS_PurpleSpider,DarkArrow,22
BOSS_PurpleSpider030,BOSS_PurpleSpider,Unique_PurpleSpider_SpiderRaid,30
BOSS_PurpleSpider040,BOSS_PurpleSpider,BubbleShower,40
BOSS_PurpleSpider050,BOSS_PurpleSpider,Apocalypse,50
BOSS_PurpleSpider070,BOSS_PurpleSpider,DarkLegion,70
PREDATOR_PurpleSpider001,PREDATOR_PurpleSpider,PoisonFog,1
PREDATOR_PurpleSpider007,PREDATOR_PurpleSpider,PoisonShot,7
PREDATOR_PurpleSpider010,PREDATOR_PurpleSpider,PredatorWave,10
PREDATOR_PurpleSpider015,PREDATOR_PurpleSpider,DarkPulse,15
PREDATOR_PurpleSpider020,PREDATOR_PurpleSpider,PredatorLockon,20
PREDATOR_PurpleSpider022,PREDATOR_PurpleSpider,DarkArrow,22
PREDATOR_PurpleSpider029,PREDATOR_PurpleSpider,Unique_PurpleSpider_SpiderRaid,29
PREDATOR_PurpleSpider030,PREDATOR_PurpleSpider,PredatorBeam,30
PREDATOR_PurpleSpider040,PREDATOR_PurpleSpider,BubbleShower,40
PREDATOR_PurpleSpider050,PREDATOR_PurpleSpider,Apocalypse,50
PREDATOR_PurpleSpider070,PREDATOR_PurpleSpider,DarkLegion,70
GrimGirl001,GrimGirl,DarkBall,1
GrimGirl007,GrimGirl,DarkPulse,7
GrimGirl015,GrimGirl,DarkCanon,15
GrimGirl022,GrimGirl,DarkWave,22
GrimGirl030,GrimGirl,ShadowBall,30
GrimGirl040,GrimGirl,Unique_GrimGirl_BrutalMachete,40
GrimGirl050,GrimGirl,DarkLegion,50
GrimGirl070,GrimGirl,FireBall,70
BOSS_GrimGirl001,BOSS_GrimGirl,DarkBall,1
BOSS_GrimGirl007,BOSS_GrimGirl,DarkPulse,7
BOSS_GrimGirl015,BOSS_GrimGirl,DarkCanon,15
BOSS_GrimGirl022,BOSS_GrimGirl,DarkWave,22
BOSS_GrimGirl030,BOSS_GrimGirl,ShadowBall,30
BOSS_GrimGirl040,BOSS_GrimGirl,Unique_GrimGirl_BrutalMachete,40
BOSS_GrimGirl050,BOSS_GrimGirl,DarkLegion,50
BOSS_GrimGirl070,BOSS_GrimGirl,FireBall,70
PREDATOR_GrimGirl001,PREDATOR_GrimGirl,DarkBall,1
PREDATOR_GrimGirl007,PREDATOR_GrimGirl,DarkPulse,7
PREDATOR_GrimGirl010,PREDATOR_GrimGirl,PredatorWave,10
PREDATOR_GrimGirl015,PREDATOR_GrimGirl,DarkCanon,15
PREDATOR_GrimGirl020,PREDATOR_GrimGirl,PredatorLockon,20
PREDATOR_GrimGirl029,PREDATOR_GrimGirl,ShadowBall,29
PREDATOR_GrimGirl030,PREDATOR_GrimGirl,PredatorBeam,30
PREDATOR_GrimGirl040,PREDATOR_GrimGirl,Unique_GrimGirl_BrutalMachete,40
PREDATOR_GrimGirl050,PREDATOR_GrimGirl,DarkLegion,50
PREDATOR_GrimGirl070,PREDATOR_GrimGirl,FireBall,70
MysteryMask001,MysteryMask,DarkBall,1
MysteryMask007,MysteryMask,DarkPulse,7
MysteryMask015,MysteryMask,DarkCanon,15
MysteryMask022,MysteryMask,DarkWave,22
MysteryMask030,MysteryMask,ShadowBall,30
MysteryMask040,MysteryMask,Unique_MysteryMask_LifeSteal,40
MysteryMask050,MysteryMask,DarkLaser,50
MysteryMask070,MysteryMask,DarkLegion,70
BOSS_MysteryMask001,BOSS_MysteryMask,DarkBall,1
BOSS_MysteryMask007,BOSS_MysteryMask,DarkPulse,7
BOSS_MysteryMask015,BOSS_MysteryMask,DarkCanon,15
BOSS_MysteryMask022,BOSS_MysteryMask,DarkWave,22
BOSS_MysteryMask030,BOSS_MysteryMask,ShadowBall,30
BOSS_MysteryMask040,BOSS_MysteryMask,Unique_MysteryMask_LifeSteal,40
BOSS_MysteryMask050,BOSS_MysteryMask,DarkLaser,50
BOSS_MysteryMask070,BOSS_MysteryMask,DarkLegion,70
PREDATOR_MysteryMask001,PREDATOR_MysteryMask,DarkBall,1
PREDATOR_MysteryMask007,PREDATOR_MysteryMask,DarkPulse,7
PREDATOR_MysteryMask010,PREDATOR_MysteryMask,PredatorWave,10
PREDATOR_MysteryMask015,PREDATOR_MysteryMask,DarkCanon,15
PREDATOR_MysteryMask020,PREDATOR_MysteryMask,PredatorLockon,20
PREDATOR_MysteryMask029,PREDATOR_MysteryMask,ShadowBall,29
PREDATOR_MysteryMask030,PREDATOR_MysteryMask,PredatorBeam,30
PREDATOR_MysteryMask040,PREDATOR_MysteryMask,Unique_MysteryMask_LifeSteal,40
PREDATOR_MysteryMask070,PREDATOR_MysteryMask,DarkLegion,70
BlackPuppy001,BlackPuppy,Unique_BlackPuppy_BiteV2,1
BlackPuppy002,BlackPuppy,Unique_BlackPuppy_Bite,2
BlackPuppy003,BlackPuppy,MudShot,3
BlackPuppy007,BlackPuppy,DarkPulse,7
BlackPuppy015,BlackPuppy,DarkCanon,15
BlackPuppy022,BlackPuppy,DarkWave,22
BlackPuppy030,BlackPuppy,ShadowBall,30
BlackPuppy040,BlackPuppy,Commet,40
BlackPuppy050,BlackPuppy,DarkLaser,50
BlackPuppy070,BlackPuppy,DarkLegion,70
BOSS_BlackPuppy001,BOSS_BlackPuppy,Unique_BlackPuppy_BiteV2,1
BOSS_BlackPuppy002,BOSS_BlackPuppy,Unique_BlackPuppy_Bite,2
BOSS_BlackPuppy003,BOSS_BlackPuppy,MudShot,3
BOSS_BlackPuppy007,BOSS_BlackPuppy,DarkPulse,7
BOSS_BlackPuppy015,BOSS_BlackPuppy,DarkCanon,15
BOSS_BlackPuppy022,BOSS_BlackPuppy,DarkWave,22
BOSS_BlackPuppy030,BOSS_BlackPuppy,ShadowBall,30
BOSS_BlackPuppy040,BOSS_BlackPuppy,Commet,40
BOSS_BlackPuppy050,BOSS_BlackPuppy,DarkLaser,50
BOSS_BlackPuppy070,BOSS_BlackPuppy,DarkLegion,70
BlackPuppy_Ice001,BlackPuppy_Ice,Unique_BlackPuppy_BiteV2,1
BlackPuppy_Ice002,BlackPuppy_Ice,Unique_BlackPuppy_Bite,2
BlackPuppy_Ice007,BlackPuppy_Ice,IceBlade,7
BlackPuppy_Ice015,BlackPuppy_Ice,FrostBreath,15
BlackPuppy_Ice022,BlackPuppy_Ice,IciclePierce,22
BlackPuppy_Ice030,BlackPuppy_Ice,IcicleLine,30
BlackPuppy_Ice040,BlackPuppy_Ice,IcicleThrow,40
BlackPuppy_Ice050,BlackPuppy_Ice,DarkLaser,50
BlackPuppy_Ice070,BlackPuppy_Ice,DiamondFall,70
BOSS_BlackPuppy_Ice001,BOSS_BlackPuppy_Ice,Unique_BlackPuppy_BiteV2,1
BOSS_BlackPuppy_Ice002,BOSS_BlackPuppy_Ice,Unique_BlackPuppy_Bite,2
BOSS_BlackPuppy_Ice007,BOSS_BlackPuppy_Ice,IceBlade,7
BOSS_BlackPuppy_Ice015,BOSS_BlackPuppy_Ice,FrostBreath,15
BOSS_BlackPuppy_Ice022,BOSS_BlackPuppy_Ice,IciclePierce,22
BOSS_BlackPuppy_Ice030,BOSS_BlackPuppy_Ice,IcicleLine,30
BOSS_BlackPuppy_Ice040,BOSS_BlackPuppy_Ice,IcicleThrow,40
BOSS_BlackPuppy_Ice050,BOSS_BlackPuppy_Ice,DarkLaser,50
BOSS_BlackPuppy_Ice070,BOSS_BlackPuppy_Ice,DiamondFall,70
WhiteShieldDragon001,WhiteShieldDragon,DragonCanon,1
WhiteShieldDragon007,WhiteShieldDragon,IceBlade,7
WhiteShieldDragon015,WhiteShieldDragon,BlizzardLance,15
WhiteShieldDragon022,WhiteShieldDragon,DragonBreath,22
WhiteShieldDragon030,WhiteShieldDragon,BlastCanon,30
WhiteShieldDragon040,WhiteShieldDragon,ChargeCanon,40
WhiteShieldDragon050,WhiteShieldDragon,Unique_WhiteShieldDragon_ShieldTackle,50
WhiteShieldDragon070,WhiteShieldDragon,DragonMeteor,70
BOSS_WhiteShieldDragon001,BOSS_WhiteShieldDragon,DragonCanon,1
BOSS_WhiteShieldDragon007,BOSS_WhiteShieldDragon,IceBlade,7
BOSS_WhiteShieldDragon015,BOSS_WhiteShieldDragon,BlizzardLance,15
BOSS_WhiteShieldDragon022,BOSS_WhiteShieldDragon,DragonBreath,22
BOSS_WhiteShieldDragon030,BOSS_WhiteShieldDragon,BlastCanon,30
BOSS_WhiteShieldDragon040,BOSS_WhiteShieldDragon,ChargeCanon,40
BOSS_WhiteShieldDragon050,BOSS_WhiteShieldDragon,Unique_WhiteShieldDragon_ShieldTackle,50
BOSS_WhiteShieldDragon070,BOSS_WhiteShieldDragon,DragonMeteor,70
NightBlueHorse001,NightBlueHorse,MudShot,1
NightBlueHorse007,NightBlueHorse,DarkBall,7
NightBlueHorse015,NightBlueHorse,GhostFlame,15
NightBlueHorse022,NightBlueHorse,ShadowBall,22
NightBlueHorse030,NightBlueHorse,Inferno,30
NightBlueHorse040,NightBlueHorse,Apocalypse,40
NightBlueHorse045,NightBlueHorse,Unique_NightBlueHorse_Tossin,45
NightBlueHorse050,NightBlueHorse,Unique_NightBlueHorse_DeathStep,50
NightBlueHorse070,NightBlueHorse,DarkLegion,70
BOSS_NightBlueHorse001,BOSS_NightBlueHorse,MudShot,1
BOSS_NightBlueHorse007,BOSS_NightBlueHorse,DarkBall,7
BOSS_NightBlueHorse015,BOSS_NightBlueHorse,GhostFlame,15
BOSS_NightBlueHorse022,BOSS_NightBlueHorse,ShadowBall,22
BOSS_NightBlueHorse030,BOSS_NightBlueHorse,Inferno,30
BOSS_NightBlueHorse040,BOSS_NightBlueHorse,Apocalypse,40
BOSS_NightBlueHorse045,BOSS_NightBlueHorse,Unique_NightBlueHorse_Tossin,45
BOSS_NightBlueHorse050,BOSS_NightBlueHorse,Unique_NightBlueHorse_DeathStep,50
BOSS_NightBlueHorse070,BOSS_NightBlueHorse,DarkLegion,70
PREDATOR_NightBlueHorse001,PREDATOR_NightBlueHorse,MudShot,1
PREDATOR_NightBlueHorse007,PREDATOR_NightBlueHorse,DarkBall,7
PREDATOR_NightBlueHorse010,PREDATOR_NightBlueHorse,PredatorWave,10
PREDATOR_NightBlueHorse015,PREDATOR_NightBlueHorse,GhostFlame,15
PREDATOR_NightBlueHorse020,PREDATOR_NightBlueHorse,PredatorLockon,20
PREDATOR_NightBlueHorse022,PREDATOR_NightBlueHorse,ShadowBall,22
PREDATOR_NightBlueHorse029,PREDATOR_NightBlueHorse,Inferno,29
PREDATOR_NightBlueHorse030,PREDATOR_NightBlueHorse,PredatorBeam,30
PREDATOR_NightBlueHorse040,PREDATOR_NightBlueHorse,Apocalypse,40
PREDATOR_NightBlueHorse045,PREDATOR_NightBlueHorse,Unique_NightBlueHorse_Tossin,45
PREDATOR_NightBlueHorse050,PREDATOR_NightBlueHorse,Unique_NightBlueHorse_DeathStep,50
PREDATOR_NightBlueHorse070,PREDATOR_NightBlueHorse,DarkLegion,70
NightBlueHorse_Neutral001,NightBlueHorse_Neutral,MudShot,1
NightBlueHorse_Neutral007,NightBlueHorse_Neutral,PowerShot,7
NightBlueHorse_Neutral015,NightBlueHorse_Neutral,PowerBall,15
NightBlueHorse_Neutral022,NightBlueHorse_Neutral,AirBlade,22
NightBlueHorse_Neutral030,NightBlueHorse_Neutral,HyperBeam,30
NightBlueHorse_Neutral040,NightBlueHorse_Neutral,Unique_NightBlueHorse_Neutral_Tossin,40
NightBlueHorse_Neutral050,NightBlueHorse_Neutral,HolyBlast,50
NightBlueHorse_Neutral070,NightBlueHorse_Neutral,Unique_NightBlueHorse_Neutral_AirStep,70
BOSS_NightBlueHorse_Neutral001,BOSS_NightBlueHorse_Neutral,MudShot,1
BOSS_NightBlueHorse_Neutral007,BOSS_NightBlueHorse_Neutral,PowerShot,7
BOSS_NightBlueHorse_Neutral015,BOSS_NightBlueHorse_Neutral,PowerBall,15
BOSS_NightBlueHorse_Neutral022,BOSS_NightBlueHorse_Neutral,AirBlade,22
BOSS_NightBlueHorse_Neutral030,BOSS_NightBlueHorse_Neutral,HyperBeam,30
BOSS_NightBlueHorse_Neutral040,BOSS_NightBlueHorse_Neutral,Unique_NightBlueHorse_Neutral_Tossin,40
BOSS_NightBlueHorse_Neutral050,BOSS_NightBlueHorse_Neutral,HolyBlast,50
BOSS_NightBlueHorse_Neutral070,BOSS_NightBlueHorse_Neutral,Unique_NightBlueHorse_Neutral_AirStep,70
BlueThunderHorse001,BlueThunderHorse,SpreadPulse,1
BlueThunderHorse007,BlueThunderHorse,ElecWave,7
BlueThunderHorse015,BlueThunderHorse,LineThunder,15
BlueThunderHorse022,BlueThunderHorse,TriSpark,22
BlueThunderHorse030,BlueThunderHorse,RangeThunder,30
BlueThunderHorse040,BlueThunderHorse,Railbolt,40
BlueThunderHorse045,BlueThunderHorse,Unique_BlueThunderHorse_Tossin,45
BlueThunderHorse050,BlueThunderHorse,Unique_BlueThunderHorse_FlashDash,50
BlueThunderHorse070,BlueThunderHorse,ThunderStorm,70
BOSS_BlueThunderHorse001,BOSS_BlueThunderHorse,SpreadPulse,1
BOSS_BlueThunderHorse007,BOSS_BlueThunderHorse,ElecWave,7
BOSS_BlueThunderHorse015,BOSS_BlueThunderHorse,LineThunder,15
BOSS_BlueThunderHorse022,BOSS_BlueThunderHorse,TriSpark,22
BOSS_BlueThunderHorse030,BOSS_BlueThunderHorse,RangeThunder,30
BOSS_BlueThunderHorse040,BOSS_BlueThunderHorse,Railbolt,40
BOSS_BlueThunderHorse045,BOSS_BlueThunderHorse,Unique_BlueThunderHorse_Tossin,45
BOSS_BlueThunderHorse050,BOSS_BlueThunderHorse,Unique_BlueThunderHorse_FlashDash,50
BOSS_BlueThunderHorse070,BOSS_BlueThunderHorse,ThunderStorm,70
WhiteDeer001,WhiteDeer,PowerShot,1
WhiteDeer007,WhiteDeer,PowerBall,7
WhiteDeer015,WhiteDeer,AirBlade,15
WhiteDeer022,WhiteDeer,Commet,22
WhiteDeer030,WhiteDeer,HolyBlast,30
WhiteDeer040,WhiteDeer,HyperBeam,40
WhiteDeer050,WhiteDeer,Unique_WhiteDeer_HolyPillar,50
WhiteDeer070,WhiteDeer,RadiantBarrage,70
BOSS_WhiteDeer001,BOSS_WhiteDeer,PowerShot,1
BOSS_WhiteDeer007,BOSS_WhiteDeer,PowerBall,7
BOSS_WhiteDeer015,BOSS_WhiteDeer,AirBlade,15
BOSS_WhiteDeer022,BOSS_WhiteDeer,Commet,22
BOSS_WhiteDeer030,BOSS_WhiteDeer,HolyBlast,30
BOSS_WhiteDeer040,BOSS_WhiteDeer,HyperBeam,40
BOSS_WhiteDeer050,BOSS_WhiteDeer,Unique_WhiteDeer_HolyPillar,50
BOSS_WhiteDeer070,BOSS_WhiteDeer,RadiantBarrage,70
WhiteDeer_Dark001,WhiteDeer_Dark,DarkCanon,1
WhiteDeer_Dark007,WhiteDeer_Dark,DarkArrow,7
WhiteDeer_Dark015,WhiteDeer_Dark,GhostFlame,15
WhiteDeer_Dark022,WhiteDeer_Dark,ShadowBall,22
WhiteDeer_Dark030,WhiteDeer_Dark,Apocalypse,30
WhiteDeer_Dark040,WhiteDeer_Dark,DarkLaser,40
WhiteDeer_Dark050,WhiteDeer_Dark,DarkLegion,50
WhiteDeer_Dark070,WhiteDeer_Dark,Unique_WhiteDeer_Dark_DarkPillar,70
BOSS_WhiteDeer_Dark001,BOSS_WhiteDeer_Dark,DarkCanon,1
BOSS_WhiteDeer_Dark007,BOSS_WhiteDeer_Dark,DarkArrow,7
BOSS_WhiteDeer_Dark015,BOSS_WhiteDeer_Dark,GhostFlame,15
BOSS_WhiteDeer_Dark022,BOSS_WhiteDeer_Dark,ShadowBall,22
BOSS_WhiteDeer_Dark030,BOSS_WhiteDeer_Dark,Apocalypse,30
BOSS_WhiteDeer_Dark040,BOSS_WhiteDeer_Dark,DarkLaser,40
BOSS_WhiteDeer_Dark050,BOSS_WhiteDeer_Dark,DarkLegion,50
BOSS_WhiteDeer_Dark070,BOSS_WhiteDeer_Dark,Unique_WhiteDeer_Dark_DarkPillar,70
GhostRabbit001,GhostRabbit,DarkBall,1
GhostRabbit007,GhostRabbit,DarkPulse,7
GhostRabbit015,GhostRabbit,DarkCanon,15
GhostRabbit022,GhostRabbit,DarkArrow,22
GhostRabbit030,GhostRabbit,GhostFlame,30
GhostRabbit040,GhostRabbit,ShadowBall,40
GhostRabbit050,GhostRabbit,DarkLegion,50
GhostRabbit070,GhostRabbit,FireBall,70
BOSS_GhostRabbit001,BOSS_GhostRabbit,DarkBall,1
BOSS_GhostRabbit007,BOSS_GhostRabbit,DarkPulse,7
BOSS_GhostRabbit015,BOSS_GhostRabbit,DarkCanon,15
BOSS_GhostRabbit022,BOSS_GhostRabbit,DarkArrow,22
BOSS_GhostRabbit030,BOSS_GhostRabbit,GhostFlame,30
BOSS_GhostRabbit040,BOSS_GhostRabbit,ShadowBall,40
BOSS_GhostRabbit050,BOSS_GhostRabbit,DarkLegion,50
BOSS_GhostRabbit070,BOSS_GhostRabbit,FireBall,70
GhostRabbit_Grass001,GhostRabbit_Grass,WindCutter,1
GhostRabbit_Grass007,GhostRabbit_Grass,SeedMine,7
GhostRabbit_Grass015,GhostRabbit_Grass,GrassTornado,15
GhostRabbit_Grass022,GhostRabbit_Grass,RootLance,22
GhostRabbit_Grass030,GhostRabbit_Grass,ReflectiveShuriken,30
GhostRabbit_Grass040,GhostRabbit_Grass,SolarBeam,40
GhostRabbit_Grass050,GhostRabbit_Grass,CrossWind,50
GhostRabbit_Grass070,GhostRabbit_Grass,WindBurst,70
BOSS_GhostRabbit_Grass001,BOSS_GhostRabbit_Grass,WindCutter,1
BOSS_GhostRabbit_Grass007,BOSS_GhostRabbit_Grass,SeedMine,7
BOSS_GhostRabbit_Grass015,BOSS_GhostRabbit_Grass,GrassTornado,15
BOSS_GhostRabbit_Grass022,BOSS_GhostRabbit_Grass,RootLance,22
BOSS_GhostRabbit_Grass030,BOSS_GhostRabbit_Grass,ReflectiveShuriken,30
BOSS_GhostRabbit_Grass040,BOSS_GhostRabbit_Grass,SolarBeam,40
BOSS_GhostRabbit_Grass050,BOSS_GhostRabbit_Grass,CrossWind,50
BOSS_GhostRabbit_Grass070,BOSS_GhostRabbit_Grass,WindBurst,70
BlueberryFairy001,BlueberryFairy,PoisonFog,1
BlueberryFairy007,BlueberryFairy,WindCutter,7
BlueberryFairy015,BlueberryFairy,PoisonShot,15
BlueberryFairy022,BlueberryFairy,SeedMine,22
BlueberryFairy030,BlueberryFairy,BubbleShower,30
BlueberryFairy040,BlueberryFairy,RootAttack,40
BlueberryFairy050,BlueberryFairy,SolarBeam,50
BlueberryFairy070,BlueberryFairy,WindBurst,70
BOSS_BlueberryFairy001,BOSS_BlueberryFairy,PoisonFog,1
BOSS_BlueberryFairy007,BOSS_BlueberryFairy,WindCutter,7
BOSS_BlueberryFairy015,BOSS_BlueberryFairy,PoisonShot,15
BOSS_BlueberryFairy022,BOSS_BlueberryFairy,SeedMine,22
BOSS_BlueberryFairy030,BOSS_BlueberryFairy,BubbleShower,30
BOSS_BlueberryFairy040,BOSS_BlueberryFairy,RootAttack,40
BOSS_BlueberryFairy050,BOSS_BlueberryFairy,SolarBeam,50
BOSS_BlueberryFairy070,BOSS_BlueberryFairy,WindBurst,70
BadCatgirl001,BadCatgirl,PoisonFog,1
BadCatgirl007,BadCatgirl,PoisonShot,7
BadCatgirl015,BadCatgirl,StoneShotgun,15
BadCatgirl022,BadCatgirl,DarkWave,22
BadCatgirl030,BadCatgirl,BubbleShower,30
BadCatgirl040,BadCatgirl,ShadowBall,40
BadCatgirl050,BadCatgirl,DarkLaser,50
BadCatgirl070,BadCatgirl,DarkLegion,70
BOSS_BadCatgirl001,BOSS_BadCatgirl,PoisonFog,1
BOSS_BadCatgirl007,BOSS_BadCatgirl,PoisonShot,7
BOSS_BadCatgirl015,BOSS_BadCatgirl,StoneShotgun,15
BOSS_BadCatgirl022,BOSS_BadCatgirl,DarkWave,22
BOSS_BadCatgirl030,BOSS_BadCatgirl,BubbleShower,30
BOSS_BadCatgirl040,BOSS_BadCatgirl,ShadowBall,40
BOSS_BadCatgirl050,BOSS_BadCatgirl,DarkLaser,50
BOSS_BadCatgirl070,BOSS_BadCatgirl,DarkLegion,70
DarkMechaDragon001,DarkMechaDragon,DragonCanon,1
DarkMechaDragon007,DarkMechaDragon,DarkPulse,7
DarkMechaDragon015,DarkMechaDragon,Unique_DarkMechaDragon_SetFunnel,15
DarkMechaDragon022,DarkMechaDragon,Unique_DarkMechaDragon_BeamSlash,22
DarkMechaDragon030,DarkMechaDragon,Unique_DarkMechaDragon_ConvergentBeam,30
DarkMechaDragon040,DarkMechaDragon,Unique_DarkMechaDragon_WarpComet,40
DarkMechaDragon050,DarkMechaDragon,Unique_DarkMechaDragon_FunnelLaser,50
DarkMechaDragon070,DarkMechaDragon,CommetRain,70
BOSS_DarkMechaDragon001,BOSS_DarkMechaDragon,DragonCanon,1
BOSS_DarkMechaDragon007,BOSS_DarkMechaDragon,DarkPulse,7
BOSS_DarkMechaDragon015,BOSS_DarkMechaDragon,Unique_DarkMechaDragon_SetFunnel,15
BOSS_DarkMechaDragon022,BOSS_DarkMechaDragon,Unique_DarkMechaDragon_BeamSlash,22
BOSS_DarkMechaDragon030,BOSS_DarkMechaDragon,Unique_DarkMechaDragon_ConvergentBeam,30
BOSS_DarkMechaDragon040,BOSS_DarkMechaDragon,Unique_DarkMechaDragon_WarpComet,40
BOSS_DarkMechaDragon050,BOSS_DarkMechaDragon,Unique_DarkMechaDragon_FunnelLaser,50
BOSS_DarkMechaDragon070,BOSS_DarkMechaDragon,CommetRain,70
RAID_DarkMechaDragon001,RAID_DarkMechaDragon,Unique_DarkMechaDragon_SetFunnel,1
RAID_DarkMechaDragon002,RAID_DarkMechaDragon,Unique_DarkMechaDragon_ConvergentBeam,2
RAID_DarkMechaDragon003,RAID_DarkMechaDragon,Unique_DarkMechaDragon_BeamSlash,3
RAID_DarkMechaDragon004,RAID_DarkMechaDragon,Unique_DarkMechaDragon_WarpComet,4
RAID_DarkMechaDragon005,RAID_DarkMechaDragon,BlastCanon,5
RAID_DarkMechaDragon006,RAID_DarkMechaDragon,DragonMeteor,6
RAID_DarkMechaDragon007,RAID_DarkMechaDragon,BeamSlicer,7
RAID_DarkMechaDragon008,RAID_DarkMechaDragon,ThreeCommet,8
RAID_DarkMechaDragon009,RAID_DarkMechaDragon,ChargeCanon,9
RAID_DarkMechaDragon010,RAID_DarkMechaDragon,DarkLegion,10
RAID_DarkMechaDragon011,RAID_DarkMechaDragon,ShadowBall,11
RAID_DarkMechaDragon012,RAID_DarkMechaDragon,Unique_DarkMechaDragon_FunnelLaser,12
RAID_DarkMechaDragon_2001,RAID_DarkMechaDragon_2,Unique_DarkMechaDragon_SetFunnel,1
RAID_DarkMechaDragon_2002,RAID_DarkMechaDragon_2,Unique_DarkMechaDragon_ConvergentBeam,2
RAID_DarkMechaDragon_2003,RAID_DarkMechaDragon_2,Unique_DarkMechaDragon_FunnelLaser,3
RAID_DarkMechaDragon_2004,RAID_DarkMechaDragon_2,Unique_DarkMechaDragon_BeamSlash,4
RAID_DarkMechaDragon_2005,RAID_DarkMechaDragon_2,Unique_DarkMechaDragon_WarpComet,5
RAID_DarkMechaDragon_2006,RAID_DarkMechaDragon_2,BlastCanon,6
RAID_DarkMechaDragon_2007,RAID_DarkMechaDragon_2,FireBall,7
RAID_DarkMechaDragon_2008,RAID_DarkMechaDragon_2,DragonMeteor,8
RAID_DarkMechaDragon_2009,RAID_DarkMechaDragon_2,BeamSlicer,9
RAID_DarkMechaDragon_2010,RAID_DarkMechaDragon_2,CommetRain,10
RAID_DarkMechaDragon_2011,RAID_DarkMechaDragon_2,ChargeCanon,11
RAID_DarkMechaDragon_2012,RAID_DarkMechaDragon_2,DarkLegion,12
RAID_DarkMechaDragon_2013,RAID_DarkMechaDragon_2,ShadowBall,13
RAID_DarkMechaDragon_2014,RAID_DarkMechaDragon_2,FlameWall,14
RAID_DarkMechaDragon_2015,RAID_DarkMechaDragon_2,FlameFunnel,15
RAID_DarkMechaDragon_2016,RAID_DarkMechaDragon_2,Inferno,16
RAID_DarkMechaDragon_2017,RAID_DarkMechaDragon_2,RockBeat,17
RAID_DarkMechaDragon_2018,RAID_DarkMechaDragon_2,HolyBlast,18
SnowTigerBeastman001,SnowTigerBeastman,ThrowRock,1
SnowTigerBeastman007,SnowTigerBeastman,BlizzardLance,7
SnowTigerBeastman015,SnowTigerBeastman,FrostBreath,15
SnowTigerBeastman022,SnowTigerBeastman,Unique_SnowTigerBeastman_TrampleSlash,22
SnowTigerBeastman030,SnowTigerBeastman,Tremor,30
SnowTigerBeastman040,SnowTigerBeastman,RockBeat,40
SnowTigerBeastman050,SnowTigerBeastman,DiamondFall,50
SnowTigerBeastman055,SnowTigerBeastman,Unique_SnowTigerBeastman_SnowImpact,55
SnowTigerBeastman070,SnowTigerBeastman,DoubleIcicleThrow,70
BOSS_SnowTigerBeastman001,BOSS_SnowTigerBeastman,ThrowRock,1
BOSS_SnowTigerBeastman007,BOSS_SnowTigerBeastman,BlizzardLance,7
BOSS_SnowTigerBeastman015,BOSS_SnowTigerBeastman,FrostBreath,15
BOSS_SnowTigerBeastman022,BOSS_SnowTigerBeastman,Unique_SnowTigerBeastman_TrampleSlash,22
BOSS_SnowTigerBeastman030,BOSS_SnowTigerBeastman,Tremor,30
BOSS_SnowTigerBeastman040,BOSS_SnowTigerBeastman,RockBeat,40
BOSS_SnowTigerBeastman050,BOSS_SnowTigerBeastman,DiamondFall,50
BOSS_SnowTigerBeastman055,BOSS_SnowTigerBeastman,Unique_SnowTigerBeastman_SnowImpact,55
BOSS_SnowTigerBeastman070,BOSS_SnowTigerBeastman,DoubleIcicleThrow,70
GYM_SnowTigerBeastman001,GYM_SnowTigerBeastman,Unique_SnowTigerBeastman_TrampleSlash,1
GYM_SnowTigerBeastman002,GYM_SnowTigerBeastman,Unique_SnowTigerBeastman_SnowImpact,2
GYM_SnowTigerBeastman003,GYM_SnowTigerBeastman,IceWall,3
GYM_SnowTigerBeastman004,GYM_SnowTigerBeastman,IciclePierce,4
GYM_SnowTigerBeastman005,GYM_SnowTigerBeastman,IcicleThrow,5
GYM_SnowTigerBeastman006,GYM_SnowTigerBeastman,DiamondFall,6
GYM_SnowTigerBeastman007,GYM_SnowTigerBeastman,FrostBreath,7
GYM_SnowTigerBeastman008,GYM_SnowTigerBeastman,Tremor,8
GYM_SnowTigerBeastman009,GYM_SnowTigerBeastman,RockBeat,9
GYM_SnowTigerBeastman_2001,GYM_SnowTigerBeastman_2,Unique_SnowTigerBeastman_TrampleSlash,1
GYM_SnowTigerBeastman_2002,GYM_SnowTigerBeastman_2,Unique_SnowTigerBeastman_SnowImpact,2
GYM_SnowTigerBeastman_2003,GYM_SnowTigerBeastman_2,DiamondFall,3
GYM_SnowTigerBeastman_2004,GYM_SnowTigerBeastman_2,DoubleIcicleThrow,4
GYM_SnowTigerBeastman_2005,GYM_SnowTigerBeastman_2,IceAge,5
GYM_SnowTigerBeastman_2006,GYM_SnowTigerBeastman_2,SeaGush,6
GYM_SnowTigerBeastman_2007,GYM_SnowTigerBeastman_2,HydroPump,7
GYM_SnowTigerBeastman_2008,GYM_SnowTigerBeastman_2,RipTide,8
GYM_SnowTigerBeastman_2009,GYM_SnowTigerBeastman_2,RockBeat,9
GYM_SnowTigerBeastman_2010,GYM_SnowTigerBeastman_2,GhostFlame,10
TentacleTurtle001,TentacleTurtle,AquaJet,1
TentacleTurtle007,TentacleTurtle,BubbleShot,7
TentacleTurtle015,TentacleTurtle,Unique_TentacleTurtle_HydroSpin,15
TentacleTurtle022,TentacleTurtle,WaterBall,22
TentacleTurtle030,TentacleTurtle,DiversionLaser,30
TentacleTurtle040,TentacleTurtle,HydroSlicer,40
TentacleTurtle050,TentacleTurtle,HydroPump,50
TentacleTurtle070,TentacleTurtle,SeaGush,70
BOSS_TentacleTurtle001,BOSS_TentacleTurtle,AquaJet,1
BOSS_TentacleTurtle007,BOSS_TentacleTurtle,BubbleShot,7
BOSS_TentacleTurtle015,BOSS_TentacleTurtle,Unique_TentacleTurtle_HydroSpin,15
BOSS_TentacleTurtle022,BOSS_TentacleTurtle,WaterBall,22
BOSS_TentacleTurtle030,BOSS_TentacleTurtle,DiversionLaser,30
BOSS_TentacleTurtle040,BOSS_TentacleTurtle,HydroSlicer,40
BOSS_TentacleTurtle050,BOSS_TentacleTurtle,HydroPump,50
BOSS_TentacleTurtle070,BOSS_TentacleTurtle,SeaGush,70
TentacleTurtle_Ground001,TentacleTurtle_Ground,MudShot,1
TentacleTurtle_Ground007,TentacleTurtle_Ground,BubbleShot,7
TentacleTurtle_Ground015,TentacleTurtle_Ground,Unique_TentacleTurtle_HydroSpin,15
TentacleTurtle_Ground022,TentacleTurtle_Ground,WaterBall,22
TentacleTurtle_Ground030,TentacleTurtle_Ground,Tremor,30
TentacleTurtle_Ground040,TentacleTurtle_Ground,RockLance,40
TentacleTurtle_Ground050,TentacleTurtle_Ground,RockBeat,50
TentacleTurtle_Ground070,TentacleTurtle_Ground,SeaGush,70
BOSS_TentacleTurtle_Ground001,BOSS_TentacleTurtle_Ground,MudShot,1
BOSS_TentacleTurtle_Ground007,BOSS_TentacleTurtle_Ground,BubbleShot,7
BOSS_TentacleTurtle_Ground015,BOSS_TentacleTurtle_Ground,Unique_TentacleTurtle_HydroSpin,15
BOSS_TentacleTurtle_Ground022,BOSS_TentacleTurtle_Ground,WaterBall,22
BOSS_TentacleTurtle_Ground030,BOSS_TentacleTurtle_Ground,Tremor,30
BOSS_TentacleTurtle_Ground040,BOSS_TentacleTurtle_Ground,RockLance,40
BOSS_TentacleTurtle_Ground050,BOSS_TentacleTurtle_Ground,RockBeat,50
BOSS_TentacleTurtle_Ground070,BOSS_TentacleTurtle_Ground,SeaGush,70
IceNarwhal001,IceNarwhal,IceMissile,1
IceNarwhal007,IceNarwhal,IceBlade,7
IceNarwhal015,IceNarwhal,BlizzardLance,15
IceNarwhal022,IceNarwhal,LineGeyser,22
IceNarwhal030,IceNarwhal,IceWall,30
IceNarwhal040,IceNarwhal,Unique_IceNarwhal_JumpingHorn,40
IceNarwhal050,IceNarwhal,SeaGush,50
IceNarwhal070,IceNarwhal,DiamondFall,70
BOSS_IceNarwhal001,BOSS_IceNarwhal,IceMissile,1
BOSS_IceNarwhal007,BOSS_IceNarwhal,IceBlade,7
BOSS_IceNarwhal015,BOSS_IceNarwhal,BlizzardLance,15
BOSS_IceNarwhal022,BOSS_IceNarwhal,LineGeyser,22
BOSS_IceNarwhal030,BOSS_IceNarwhal,IceWall,30
BOSS_IceNarwhal040,BOSS_IceNarwhal,Unique_IceNarwhal_JumpingHorn,40
BOSS_IceNarwhal050,BOSS_IceNarwhal,SeaGush,50
BOSS_IceNarwhal070,BOSS_IceNarwhal,DiamondFall,70
IceNarwhal_Fire001,IceNarwhal_Fire,FireBlast,1
IceNarwhal_Fire007,IceNarwhal_Fire,FlareArrow,7
IceNarwhal_Fire015,IceNarwhal_Fire,BlizzardLance,15
IceNarwhal_Fire022,IceNarwhal_Fire,FlameWall,22
IceNarwhal_Fire030,IceNarwhal_Fire,IceWall,30
IceNarwhal_Fire040,IceNarwhal_Fire,Eruption,40
IceNarwhal_Fire050,IceNarwhal_Fire,Unique_IceNarwhal_JumpingHorn,50
IceNarwhal_Fire070,IceNarwhal_Fire,FireBall,70
BOSS_IceNarwhal_Fire001,BOSS_IceNarwhal_Fire,FireBlast,1
BOSS_IceNarwhal_Fire007,BOSS_IceNarwhal_Fire,FlareArrow,7
BOSS_IceNarwhal_Fire015,BOSS_IceNarwhal_Fire,BlizzardLance,15
BOSS_IceNarwhal_Fire022,BOSS_IceNarwhal_Fire,FlameWall,22
BOSS_IceNarwhal_Fire030,BOSS_IceNarwhal_Fire,IceWall,30
BOSS_IceNarwhal_Fire040,BOSS_IceNarwhal_Fire,Eruption,40
BOSS_IceNarwhal_Fire050,BOSS_IceNarwhal_Fire,Unique_IceNarwhal_JumpingHorn,50
BOSS_IceNarwhal_Fire070,BOSS_IceNarwhal_Fire,FireBall,70
GhostAnglerFish001,GhostAnglerFish,WaterGun,1
GhostAnglerFish007,GhostAnglerFish,DarkBall,7
GhostAnglerFish015,GhostAnglerFish,DarkArrow,15
GhostAnglerFish022,GhostAnglerFish,GhostFlame,22
GhostAnglerFish030,GhostAnglerFish,Unique_GhostAnglerfish_SweepBait,30
GhostAnglerFish040,GhostAnglerFish,DarkLaser,40
GhostAnglerFish050,GhostAnglerFish,RipTide,50
GhostAnglerFish070,GhostAnglerFish,SeaGush,70
BOSS_GhostAnglerFish001,BOSS_GhostAnglerFish,WaterGun,1
BOSS_GhostAnglerFish007,BOSS_GhostAnglerFish,DarkBall,7
BOSS_GhostAnglerFish015,BOSS_GhostAnglerFish,DarkArrow,15
BOSS_GhostAnglerFish022,BOSS_GhostAnglerFish,GhostFlame,22
BOSS_GhostAnglerFish030,BOSS_GhostAnglerFish,Unique_GhostAnglerfish_SweepBait,30
BOSS_GhostAnglerFish040,BOSS_GhostAnglerFish,DarkLaser,40
BOSS_GhostAnglerFish050,BOSS_GhostAnglerFish,RipTide,50
BOSS_GhostAnglerFish070,BOSS_GhostAnglerFish,SeaGush,70
GhostAnglerFish_Fire001,GhostAnglerfish_Fire,FireBlast,1
GhostAnglerFish_Fire007,GhostAnglerfish_Fire,FlareArrow,7
GhostAnglerFish_Fire015,GhostAnglerfish_Fire,BubbleShot,15
GhostAnglerFish_Fire022,GhostAnglerfish_Fire,FlameWall,22
GhostAnglerFish_Fire030,GhostAnglerfish_Fire,Unique_GhostAnglerfish_Fire_SweepBait_Fire,30
GhostAnglerFish_Fire040,GhostAnglerfish_Fire,FireBall,40
GhostAnglerFish_Fire050,GhostAnglerfish_Fire,RipTide,50
GhostAnglerFish_Fire070,GhostAnglerfish_Fire,SeaGush,70
BOSS_GhostAnglerFish_Fire001,BOSS_GhostAnglerFish_Fire,FireBlast,1
BOSS_GhostAnglerFish_Fire007,BOSS_GhostAnglerFish_Fire,FlareArrow,7
BOSS_GhostAnglerFish_Fire015,BOSS_GhostAnglerFish_Fire,BubbleShot,15
BOSS_GhostAnglerFish_Fire022,BOSS_GhostAnglerFish_Fire,FlameWall,22
BOSS_GhostAnglerFish_Fire030,BOSS_GhostAnglerFish_Fire,Unique_GhostAnglerfish_Fire_SweepBait_Fire,30
BOSS_GhostAnglerFish_Fire040,BOSS_GhostAnglerFish_Fire,FireBall,40
BOSS_GhostAnglerFish_Fire050,BOSS_GhostAnglerFish_Fire,RipTide,50
BOSS_GhostAnglerFish_Fire070,BOSS_GhostAnglerFish_Fire,SeaGush,70
OctopusGirl001,OctopusGirl,AquaJet,1
OctopusGirl007,OctopusGirl,DarkWave,7
OctopusGirl015,OctopusGirl,Unique_OctopursGirl_InkJet,15
OctopusGirl022,OctopusGirl,LineGeyser,22
OctopusGirl030,OctopusGirl,ShadowBall,30
OctopusGirl040,OctopusGirl,DiversionLaser,40
OctopusGirl050,OctopusGirl,HydroSlicer,50
OctopusGirl070,OctopusGirl,DarkLegion,70
BOSS_OctopusGirl001,BOSS_OctopusGirl,AquaJet,1
BOSS_OctopusGirl007,BOSS_OctopusGirl,DarkWave,7
BOSS_OctopusGirl015,BOSS_OctopusGirl,Unique_OctopursGirl_InkJet,15
BOSS_OctopusGirl022,BOSS_OctopusGirl,LineGeyser,22
BOSS_OctopusGirl030,BOSS_OctopusGirl,ShadowBall,30
BOSS_OctopusGirl040,BOSS_OctopusGirl,DiversionLaser,40
BOSS_OctopusGirl050,BOSS_OctopusGirl,HydroSlicer,50
BOSS_OctopusGirl070,BOSS_OctopusGirl,DarkLegion,70
OctopusGirl_Neutral001,OctopusGirl_Neutral,AquaJet,1
OctopusGirl_Neutral007,OctopusGirl_Neutral,PowerShot,7
OctopusGirl_Neutral015,OctopusGirl_Neutral,Unique_OctopursGirl_InkJet,15
OctopusGirl_Neutral022,OctopusGirl_Neutral,AirBlade,22
OctopusGirl_Neutral030,OctopusGirl_Neutral,HydroSlicer,30
OctopusGirl_Neutral040,OctopusGirl_Neutral,HydroPump,40
OctopusGirl_Neutral050,OctopusGirl_Neutral,SeaGush,50
OctopusGirl_Neutral070,OctopusGirl_Neutral,HolyBlast,70
BOSS_OctopusGirl_Neutral001,BOSS_OctopusGirl_Neutral,AquaJet,1
BOSS_OctopusGirl_Neutral007,BOSS_OctopusGirl_Neutral,PowerShot,7
BOSS_OctopusGirl_Neutral015,BOSS_OctopusGirl_Neutral,Unique_OctopursGirl_InkJet,15
BOSS_OctopusGirl_Neutral022,BOSS_OctopusGirl_Neutral,AirBlade,22
BOSS_OctopusGirl_Neutral030,BOSS_OctopusGirl_Neutral,HydroSlicer,30
BOSS_OctopusGirl_Neutral040,BOSS_OctopusGirl_Neutral,HydroPump,40
BOSS_OctopusGirl_Neutral050,BOSS_OctopusGirl_Neutral,SeaGush,50
BOSS_OctopusGirl_Neutral070,BOSS_OctopusGirl_Neutral,HolyBlast,70
StuffedShark001,StuffedShark,WaterGun,1
StuffedShark007,StuffedShark,BubbleShot,7
StuffedShark015,StuffedShark,PowerBall,15
StuffedShark022,StuffedShark,DiversionLaser,22
StuffedShark030,StuffedShark,Unique_StuffedShark_HiddenWeapon,30
StuffedShark040,StuffedShark,WallSplash,40
StuffedShark050,StuffedShark,HydroPump,50
StuffedShark070,StuffedShark,SeaGush,70
BOSS_StuffedShark001,BOSS_StuffedShark,WaterGun,1
BOSS_StuffedShark007,BOSS_StuffedShark,BubbleShot,7
BOSS_StuffedShark015,BOSS_StuffedShark,PowerBall,15
BOSS_StuffedShark022,BOSS_StuffedShark,DiversionLaser,22
BOSS_StuffedShark030,BOSS_StuffedShark,Unique_StuffedShark_HiddenWeapon,30
BOSS_StuffedShark040,BOSS_StuffedShark,WallSplash,40
BOSS_StuffedShark050,BOSS_StuffedShark,HydroPump,50
BOSS_StuffedShark070,BOSS_StuffedShark,SeaGush,70
StuffedShark_Fire001,StuffedShark_Fire,FireBlast,1
StuffedShark_Fire007,StuffedShark_Fire,FireSeed,7
StuffedShark_Fire015,StuffedShark_Fire,Flamethrower,15
StuffedShark_Fire022,StuffedShark_Fire,LineGeyser,22
StuffedShark_Fire030,StuffedShark_Fire,Unique_StuffedShark_HiddenWeapon,30
StuffedShark_Fire040,StuffedShark_Fire,FlameFunnel,40
StuffedShark_Fire050,StuffedShark_Fire,FireBall,50
StuffedShark_Fire070,StuffedShark_Fire,SeaGush,70
BOSS_StuffedShark_Fire001,BOSS_StuffedShark_Fire,FireBlast,1
BOSS_StuffedShark_Fire007,BOSS_StuffedShark_Fire,FireSeed,7
BOSS_StuffedShark_Fire015,BOSS_StuffedShark_Fire,Flamethrower,15
BOSS_StuffedShark_Fire022,BOSS_StuffedShark_Fire,LineGeyser,22
BOSS_StuffedShark_Fire030,BOSS_StuffedShark_Fire,Unique_StuffedShark_HiddenWeapon,30
BOSS_StuffedShark_Fire040,BOSS_StuffedShark_Fire,FlameFunnel,40
BOSS_StuffedShark_Fire050,BOSS_StuffedShark_Fire,FireBall,50
BOSS_StuffedShark_Fire070,BOSS_StuffedShark_Fire,SeaGush,70
IceCrocodile001,IceCrocodile,WaterGun,1
IceCrocodile007,IceCrocodile,IceBlade,7
IceCrocodile015,IceCrocodile,FrostBreath,15
IceCrocodile022,IceCrocodile,Unique_IceCrocodile_SpitAttack,22
IceCrocodile030,IceCrocodile,IceWall,30
IceCrocodile040,IceCrocodile,DiversionLaser,40
IceCrocodile050,IceCrocodile,DiamondFall,50
IceCrocodile070,IceCrocodile,SeaGush,70
BOSS_IceCrocodile001,BOSS_IceCrocodile,WaterGun,1
BOSS_IceCrocodile007,BOSS_IceCrocodile,IceBlade,7
BOSS_IceCrocodile015,BOSS_IceCrocodile,FrostBreath,15
BOSS_IceCrocodile022,BOSS_IceCrocodile,Unique_IceCrocodile_SpitAttack,22
BOSS_IceCrocodile030,BOSS_IceCrocodile,IceWall,30
BOSS_IceCrocodile040,BOSS_IceCrocodile,DiversionLaser,40
BOSS_IceCrocodile050,BOSS_IceCrocodile,DiamondFall,50
BOSS_IceCrocodile070,BOSS_IceCrocodile,SeaGush,70
LeafMomonga001,LeafMomonga,WindCutter,1
LeafMomonga007,LeafMomonga,SeedMachinegun,7
LeafMomonga015,LeafMomonga,GrassTornado,15
LeafMomonga022,LeafMomonga,AirBlade,22
LeafMomonga030,LeafMomonga,Unique_LeafMomonga_SomerSault,30
LeafMomonga040,LeafMomonga,ReflectiveShuriken,40
LeafMomonga050,LeafMomonga,CrossWind,50
LeafMomonga070,LeafMomonga,WindBurst,70
BOSS_LeafMomonga001,BOSS_LeafMomonga,WindCutter,1
BOSS_LeafMomonga007,BOSS_LeafMomonga,SeedMachinegun,7
BOSS_LeafMomonga015,BOSS_LeafMomonga,GrassTornado,15
BOSS_LeafMomonga022,BOSS_LeafMomonga,AirBlade,22
BOSS_LeafMomonga030,BOSS_LeafMomonga,Unique_LeafMomonga_SomerSault,30
BOSS_LeafMomonga040,BOSS_LeafMomonga,ReflectiveShuriken,40
BOSS_LeafMomonga050,BOSS_LeafMomonga,CrossWind,50
BOSS_LeafMomonga070,BOSS_LeafMomonga,WindBurst,70
Plesiosaur001,Plesiosaur,MudShot,1
Plesiosaur007,Plesiosaur,SeedMine,7
Plesiosaur015,Plesiosaur,GrassTornado,15
Plesiosaur022,Plesiosaur,RootAttack,22
Plesiosaur030,Plesiosaur,Unique_Plesiosaur_LongBreath,30
Plesiosaur040,Plesiosaur,SolarBeam,40
Plesiosaur050,Plesiosaur,RockBeat,50
Plesiosaur070,Plesiosaur,WindBurst,70
BOSS_Plesiosaur001,BOSS_Plesiosaur,MudShot,1
BOSS_Plesiosaur007,BOSS_Plesiosaur,SeedMine,7
BOSS_Plesiosaur015,BOSS_Plesiosaur,GrassTornado,15
BOSS_Plesiosaur022,BOSS_Plesiosaur,RootAttack,22
BOSS_Plesiosaur030,BOSS_Plesiosaur,Unique_Plesiosaur_LongBreath,30
BOSS_Plesiosaur040,BOSS_Plesiosaur,SolarBeam,40
BOSS_Plesiosaur050,BOSS_Plesiosaur,RockBeat,50
BOSS_Plesiosaur070,BOSS_Plesiosaur,WindBurst,70
TropicalOstrich001,TropicalOstrich,SeedMachinegun,1
TropicalOstrich007,TropicalOstrich,SeedMine,7
TropicalOstrich015,TropicalOstrich,GrassTornado,15
TropicalOstrich022,TropicalOstrich,WindEdge,22
TropicalOstrich030,TropicalOstrich,Unique_TropicalOstrich_DashKick,30
TropicalOstrich040,TropicalOstrich,ReflectiveShuriken,40
TropicalOstrich050,TropicalOstrich,CrossWind,50
TropicalOstrich070,TropicalOstrich,WindBurst,70
BOSS_TropicalOstrich001,BOSS_TropicalOstrich,SeedMachinegun,1
BOSS_TropicalOstrich007,BOSS_TropicalOstrich,SeedMine,7
BOSS_TropicalOstrich015,BOSS_TropicalOstrich,GrassTornado,15
BOSS_TropicalOstrich022,BOSS_TropicalOstrich,WindEdge,22
BOSS_TropicalOstrich030,BOSS_TropicalOstrich,Unique_TropicalOstrich_DashKick,30
BOSS_TropicalOstrich040,BOSS_TropicalOstrich,ReflectiveShuriken,40
BOSS_TropicalOstrich050,BOSS_TropicalOstrich,CrossWind,50
BOSS_TropicalOstrich070,BOSS_TropicalOstrich,WindBurst,70
PoseidonOrca001,PoseidonOrca,WaterGun,1
PoseidonOrca007,PoseidonOrca,BubbleShot,7
PoseidonOrca015,PoseidonOrca,LineGeyser,15
PoseidonOrca022,PoseidonOrca,DiversionLaser,22
PoseidonOrca030,PoseidonOrca,WallSplash,30
PoseidonOrca040,PoseidonOrca,RipTide,40
PoseidonOrca050,PoseidonOrca,SeaGush,50
PoseidonOrca060,PoseidonOrca,Unique_PoseidonOrca_TorrentLaser,60
PoseidonOrca070,PoseidonOrca,ThunderStorm,70
BOSS_PoseidonOrca001,BOSS_PoseidonOrca,WaterGun,1
BOSS_PoseidonOrca007,BOSS_PoseidonOrca,BubbleShot,7
BOSS_PoseidonOrca015,BOSS_PoseidonOrca,LineGeyser,15
BOSS_PoseidonOrca022,BOSS_PoseidonOrca,DiversionLaser,22
BOSS_PoseidonOrca030,BOSS_PoseidonOrca,WallSplash,30
BOSS_PoseidonOrca040,BOSS_PoseidonOrca,RipTide,40
BOSS_PoseidonOrca050,BOSS_PoseidonOrca,SeaGush,50
BOSS_PoseidonOrca060,BOSS_PoseidonOrca,Unique_PoseidonOrca_TorrentLaser,60
BOSS_PoseidonOrca070,BOSS_PoseidonOrca,ThunderStorm,70
JellyfishFairy001,JellyfishFairy,AquaJet,1
JellyfishFairy007,JellyfishFairy,WaterGun,7
JellyfishFairy015,JellyfishFairy,BubbleShot,15
JellyfishFairy022,JellyfishFairy,WaterBall,22
JellyfishFairy030,JellyfishFairy,WallSplash,30
JellyfishFairy040,JellyfishFairy,HydroSlicer,40
JellyfishFairy050,JellyfishFairy,RipTide,50
JellyfishFairy070,JellyfishFairy,SeaGush,70
BOSS_JellyfishFairy001,BOSS_JellyfishFairy,AquaJet,1
BOSS_JellyfishFairy007,BOSS_JellyfishFairy,WaterGun,7
BOSS_JellyfishFairy015,BOSS_JellyfishFairy,BubbleShot,15
BOSS_JellyfishFairy022,BOSS_JellyfishFairy,WaterBall,22
BOSS_JellyfishFairy030,BOSS_JellyfishFairy,WallSplash,30
BOSS_JellyfishFairy040,BOSS_JellyfishFairy,HydroSlicer,40
BOSS_JellyfishFairy050,BOSS_JellyfishFairy,RipTide,50
BOSS_JellyfishFairy070,BOSS_JellyfishFairy,SeaGush,70
JellyfishGhost001,JellyfishGhost,PoisonShot,1
JellyfishGhost007,JellyfishGhost,DarkPulse,7
JellyfishGhost015,JellyfishGhost,BubbleShot,15
JellyfishGhost022,JellyfishGhost,GhostFlame,22
JellyfishGhost030,JellyfishGhost,BubbleShower,30
JellyfishGhost040,JellyfishGhost,HydroSlicer,40
JellyfishGhost050,JellyfishGhost,DarkLegion,50
JellyfishGhost070,JellyfishGhost,SeaGush,70
BOSS_JellyfishGhost001,BOSS_JellyfishGhost,PoisonShot,1
BOSS_JellyfishGhost007,BOSS_JellyfishGhost,DarkPulse,7
BOSS_JellyfishGhost015,BOSS_JellyfishGhost,BubbleShot,15
BOSS_JellyfishGhost022,BOSS_JellyfishGhost,GhostFlame,22
BOSS_JellyfishGhost030,BOSS_JellyfishGhost,BubbleShower,30
BOSS_JellyfishGhost040,BOSS_JellyfishGhost,HydroSlicer,40
BOSS_JellyfishGhost050,BOSS_JellyfishGhost,DarkLegion,50
BOSS_JellyfishGhost070,BOSS_JellyfishGhost,SeaGush,70
IceWitch001,IceWitch,IceMissile,1
IceWitch007,IceWitch,IceBlade,7
IceWitch015,IceWitch,BlizzardLance,15
IceWitch022,IceWitch,FrostBreath,22
IceWitch030,IceWitch,IceWall,30
IceWitch040,IceWitch,IcicleThrow,40
IceWitch050,IceWitch,DiamondFall,50
IceWitch070,IceWitch,IceAge,70
BOSS_IceWitch001,BOSS_IceWitch,IceMissile,1
BOSS_IceWitch007,BOSS_IceWitch,IceBlade,7
BOSS_IceWitch015,BOSS_IceWitch,BlizzardLance,15
BOSS_IceWitch022,BOSS_IceWitch,FrostBreath,22
BOSS_IceWitch030,BOSS_IceWitch,IceWall,30
BOSS_IceWitch040,BOSS_IceWitch,IcicleThrow,40
BOSS_IceWitch050,BOSS_IceWitch,DiamondFall,50
BOSS_IceWitch070,BOSS_IceWitch,IceAge,70
IceSeal001,IceSeal,IceMissile,1
IceSeal007,IceSeal,WaterGun,7
IceSeal015,IceSeal,BlizzardLance,15
IceSeal022,IceSeal,LineGeyser,22
IceSeal030,IceSeal,IceWall,30
IceSeal040,IceSeal,IcicleLine,40
IceSeal050,IceSeal,RipTide,50
IceSeal070,IceSeal,DiamondFall,70
BOSS_IceSeal001,BOSS_IceSeal,IceMissile,1
BOSS_IceSeal007,BOSS_IceSeal,WaterGun,7
BOSS_IceSeal015,BOSS_IceSeal,BlizzardLance,15
BOSS_IceSeal022,BOSS_IceSeal,LineGeyser,22
BOSS_IceSeal030,BOSS_IceSeal,IceWall,30
BOSS_IceSeal040,BOSS_IceSeal,IcicleLine,40
BOSS_IceSeal050,BOSS_IceSeal,RipTide,50
BOSS_IceSeal070,BOSS_IceSeal,DiamondFall,70
IceSeal_Ground001,IceSeal_Ground,IceMissile,1
IceSeal_Ground007,IceSeal_Ground,StoneShotgun,7
IceSeal_Ground015,IceSeal_Ground,BlizzardLance,15
IceSeal_Ground022,IceSeal_Ground,Tremor,22
IceSeal_Ground030,IceSeal_Ground,IcicleThrow,30
IceSeal_Ground040,IceSeal_Ground,SandTwister,40
IceSeal_Ground050,IceSeal_Ground,RockBeat,50
IceSeal_Ground070,IceSeal_Ground,DiamondFall,70
BOSS_IceSeal_Ground001,BOSS_IceSeal_Ground,IceMissile,1
BOSS_IceSeal_Ground007,BOSS_IceSeal_Ground,StoneShotgun,7
BOSS_IceSeal_Ground015,BOSS_IceSeal_Ground,BlizzardLance,15
BOSS_IceSeal_Ground022,BOSS_IceSeal_Ground,Tremor,22
BOSS_IceSeal_Ground030,BOSS_IceSeal_Ground,IcicleThrow,30
BOSS_IceSeal_Ground040,BOSS_IceSeal_Ground,SandTwister,40
BOSS_IceSeal_Ground050,BOSS_IceSeal_Ground,RockBeat,50
BOSS_IceSeal_Ground070,BOSS_IceSeal_Ground,DiamondFall,70
SnowPeafowl001,SnowPeafowl,IceMissile,1
SnowPeafowl007,SnowPeafowl,IceBlade,7
SnowPeafowl015,SnowPeafowl,BlizzardLance,15
SnowPeafowl022,SnowPeafowl,FrostBreath,22
SnowPeafowl030,SnowPeafowl,IceWall,30
SnowPeafowl040,SnowPeafowl,IciclePierce,40
SnowPeafowl050,SnowPeafowl,DiamondFall,50
SnowPeafowl070,SnowPeafowl,IceAge,70
BOSS_SnowPeafowl001,BOSS_SnowPeafowl,IceMissile,1
BOSS_SnowPeafowl007,BOSS_SnowPeafowl,IceBlade,7
BOSS_SnowPeafowl015,BOSS_SnowPeafowl,BlizzardLance,15
BOSS_SnowPeafowl022,BOSS_SnowPeafowl,FrostBreath,22
BOSS_SnowPeafowl030,BOSS_SnowPeafowl,IceWall,30
BOSS_SnowPeafowl040,BOSS_SnowPeafowl,IciclePierce,40
BOSS_SnowPeafowl050,BOSS_SnowPeafowl,DiamondFall,50
BOSS_SnowPeafowl070,BOSS_SnowPeafowl,IceAge,70
YakushimaBoss001001,YakushimaBoss001,Unique_Yakushima_EyeTossin,1
YakushimaBoss001002,YakushimaBoss001,Unique_Yakushima_SummonServant,2
BOSS_YakushimaBoss001001,BOSS_YakushimaBoss001,Unique_Yakushima_EyeTossin,1
BOSS_YakushimaBoss001002,BOSS_YakushimaBoss001,Unique_Yakushima_SummonServant,2
RAID_YakushimaBoss002001,RAID_YakushimaBoss002,Unique_YakushimaBoss002_PhantasmalDeathray,1
RAID_YakushimaBoss002002,RAID_YakushimaBoss002,Unique_YakushimaBoss002_PhantasmalBolt,2
RAID_YakushimaBoss002_Hand_Left001,RAID_YakushimaBoss002_Hand_Left,Unique_YakushimaBoss002_PhantasmalEye,1
RAID_YakushimaBoss002_Hand_Left002,RAID_YakushimaBoss002_Hand_Left,Unique_YakushimaBoss002_PhantasmalBolt,2
RAID_YakushimaBoss002_Hand_Left003,RAID_YakushimaBoss002_Hand_Left,Unique_YakushimaBoss002_PhantasmalSphere,3
RAID_YakushimaBoss002_Hand_Right001,RAID_YakushimaBoss002_Hand_Right,Unique_YakushimaBoss002_PhantasmalEye,1
RAID_YakushimaBoss002_Hand_Right002,RAID_YakushimaBoss002_Hand_Right,Unique_YakushimaBoss002_PhantasmalBolt,2
RAID_YakushimaBoss002_Hand_Right003,RAID_YakushimaBoss002_Hand_Right,Unique_YakushimaBoss002_PhantasmalSphere,3
RAID_YakushimaBoss001_Green001,RAID_YakushimaBoss001_Green,Unique_YakushimaBoss001_Green_PhantasmalBolt,1
RAID_YakushimaBoss001_Green002,RAID_YakushimaBoss001_Green,Unique_YakushimaBoss001_Green_PhantasmalEye,2
RAID_YakushimaBoss001_Green003,RAID_YakushimaBoss001_Green,Unique_YakushimaBoss001_Green_PhantasmalSphere,3
RAID_YakushimaBoss001_Green004,RAID_YakushimaBoss001_Green,Unique_YakushimaBoss001_Green_PhantasmalDeathray,4
YakushimaMonster001001,YakushimaMonster001,Unique_YakushimaMonster001_SlimePress_Leaf,1
BOSS_YakushimaMonster001001,BOSS_YakushimaMonster001,Unique_YakushimaMonster001_SlimePress_Leaf,1
YakushimaMonster001_Blue001,YakushimaMonster001_Blue,Unique_YakushimaMonster001_SlimePress_Water,1
BOSS_YakushimaMonster001_Blue001,BOSS_YakushimaMonster001_Blue,Unique_YakushimaMonster001_SlimePress_Water,1
YakushimaMonster001_Red001,YakushimaMonster001_Red,Unique_YakushimaMonster001_SlimePress_Fire,1
BOSS_YakushimaMonster001_Red001,BOSS_YakushimaMonster001_Red,Unique_YakushimaMonster001_SlimePress_Fire,1
YakushimaMonster001_Purple001,YakushimaMonster001_Purple,Unique_YakushimaMonster001_SlimePress_Dark,1
BOSS_YakushimaMonster001_Purple001,BOSS_YakushimaMonster001_Purple,Unique_YakushimaMonster001_SlimePress_Dark,1
YakushimaMonster001_Pink001,YakushimaMonster001_Pink,Unique_YakushimaMonster001_SlimePress_Normal,1
BOSS_YakushimaMonster001_Pink001,BOSS_YakushimaMonster001_Pink,Unique_YakushimaMonster001_SlimePress_Normal,1
YakushimaMonster001_Rainbow001,YakushimaMonster001_Rainbow,Unique_YakushimaMonster001_SlimePress_Rainbow,1
BOSS_YakushimaMonster001_Rainbow001,BOSS_YakushimaMonster001_Rainbow,Unique_YakushimaMonster001_SlimePress_Rainbow,1
YakushimaMonster002001,YakushimaMonster002,Unique_YakushimaMonster002_SwordCharge,1
BOSS_YakushimaMonster002001,BOSS_YakushimaMonster002,Unique_YakushimaMonster002_SwordCharge,1
YakushimaMonster003001,YakushimaMonster003,Unique_YakushimaMonster003_BatCharge,1
BOSS_YakushimaMonster003001,BOSS_YakushimaMonster003,Unique_YakushimaMonster003_BatCharge,1
YakushimaMonster003_Purple001,YakushimaMonster003_Purple,Unique_YakushimaMonster003_BatCharge,1
BOSS_YakushimaMonster003_Purple001,BOSS_YakushimaMonster003_Purple,Unique_YakushimaMonster003_BatCharge,1
YakushimaBoss001_Small001,YakushimaBoss001_Small,Unique_YakushimaBoss001_Small_DemonEyeCharge,1
BOSS_YakushimaBoss001_Small001,BOSS_YakushimaBoss001_Small,Unique_YakushimaBoss001_Small_DemonEyeCharge,1
Quest_Farmer03_SheepBall001,Quest_Farmer03_SheepBall,Unique_SheepBall_Roll,1
Quest_Farmer03_SheepBall007,Quest_Farmer03_SheepBall,AirCanon,7
Quest_Farmer03_SheepBall015,Quest_Farmer03_SheepBall,PowerShot,15
Quest_Farmer03_SheepBall022,Quest_Farmer03_SheepBall,SelfDestruct,22
Quest_Farmer03_SheepBall030,Quest_Farmer03_SheepBall,ThunderBall,30
Quest_Farmer03_SheepBall040,Quest_Farmer03_SheepBall,PowerBall,40
Quest_Farmer03_SheepBall050,Quest_Farmer03_SheepBall,HyperBeam,50
Quest_Farmer03_SheepBall070,Quest_Farmer03_SheepBall,HolyBlast,70
Quest_Farmer03_PinkCat001,Quest_Farmer03_PinkCat,Unique_PinkCat_CatPunch,1
Quest_Farmer03_PinkCat007,Quest_Farmer03_PinkCat,AirCanon,7
Quest_Farmer03_PinkCat015,Quest_Farmer03_PinkCat,MudShot,15
Quest_Farmer03_PinkCat022,Quest_Farmer03_PinkCat,PowerShot,22
Quest_Farmer03_PinkCat030,Quest_Farmer03_PinkCat,WindCutter,30
Quest_Farmer03_PinkCat040,Quest_Farmer03_PinkCat,SeedMachinegun,40
Quest_Farmer03_PinkCat050,Quest_Farmer03_PinkCat,HyperBeam,50
Quest_Farmer03_PinkCat070,Quest_Farmer03_PinkCat,HolyBlast,70
GrassBoss001,GrassBoss,Weapon_Use,1
RAID_YakushimaBoss002_2001,RAID_YakushimaBoss002_2,Unique_YakushimaBoss002_2_PhantasmalDeathray,1
RAID_YakushimaBoss002_2002,RAID_YakushimaBoss002_2,Unique_YakushimaBoss002_2_PhantasmalBolt,2
RAID_YakushimaBoss002_Hand_Left_2001,RAID_YakushimaBoss002_Hand_Left_2,Unique_YakushimaBoss002_2_PhantasmalEye,1
RAID_YakushimaBoss002_Hand_Left_2002,RAID_YakushimaBoss002_Hand_Left_2,Unique_YakushimaBoss002_2_PhantasmalBolt,2
RAID_YakushimaBoss002_Hand_Left_2003,RAID_YakushimaBoss002_Hand_Left_2,Unique_YakushimaBoss002_2_PhantasmalSphere,3
RAID_YakushimaBoss002_Hand_Right_2001,RAID_YakushimaBoss002_Hand_Right_2,Unique_YakushimaBoss002_2_PhantasmalEye,1
RAID_YakushimaBoss002_Hand_Right_2002,RAID_YakushimaBoss002_Hand_Right_2,Unique_YakushimaBoss002_2_PhantasmalBolt,2
RAID_YakushimaBoss002_Hand_Right_2003,RAID_YakushimaBoss002_Hand_Right_2,Unique_YakushimaBoss002_2_PhantasmalSphere,3
RAID_YakushimaBoss001_Green_2001,RAID_YakushimaBoss001_Green_2,Unique_YakushimaBoss001_Green_2_PhantasmalBolt,1
RAID_YakushimaBoss001_Green_2002,RAID_YakushimaBoss001_Green_2,Unique_YakushimaBoss001_Green_2_PhantasmalEye,2
RAID_YakushimaBoss001_Green_2003,RAID_YakushimaBoss001_Green_2,Unique_YakushimaBoss001_Green_2_PhantasmalSphere,3
RAID_YakushimaBoss001_Green_2004,RAID_YakushimaBoss001_Green_2,Unique_YakushimaBoss001_Green_2_PhantasmalDeathray,4
KingWhale001,KingWhale,Unique_KingWhale_HomingBubble,1
KingWhale007,KingWhale,CreepingBubble,7
KingWhale015,KingWhale,Unique_KingWhale_AquaBlade,15
KingWhale022,KingWhale,Unique_KingWhale_WaveTackle,22
KingWhale030,KingWhale,Unique_KingWhale_Maelstrom,30
KingWhale040,KingWhale,Unique_KingWhale_Breaching,40
KingWhale050,KingWhale,HolyBlast,50
KingWhale060,KingWhale,Unique_KingWhale_AquaTornado,60
BOSS_KingWhale001,BOSS_KingWhale,Unique_KingWhale_HomingBubble,1
BOSS_KingWhale007,BOSS_KingWhale,CreepingBubble,7
BOSS_KingWhale015,BOSS_KingWhale,Unique_KingWhale_AquaBlade,15
BOSS_KingWhale022,BOSS_KingWhale,Unique_KingWhale_WaveTackle,22
BOSS_KingWhale030,BOSS_KingWhale,Unique_KingWhale_Maelstrom,30
BOSS_KingWhale040,BOSS_KingWhale,Unique_KingWhale_Breaching,40
BOSS_KingWhale050,BOSS_KingWhale,HolyBlast,50
BOSS_KingWhale060,BOSS_KingWhale,Unique_KingWhale_AquaTornado,60
BOSS_KingWhale_otomo001,BOSS_KingWhale_otomo,Unique_KingWhale_HomingBubble,1
BOSS_KingWhale_otomo007,BOSS_KingWhale_otomo,CreepingBubble,7
BOSS_KingWhale_otomo015,BOSS_KingWhale_otomo,Unique_KingWhale_AquaBlade,15
BOSS_KingWhale_otomo022,BOSS_KingWhale_otomo,Unique_KingWhale_WaveTackle,22
BOSS_KingWhale_otomo030,BOSS_KingWhale_otomo,Unique_KingWhale_Maelstrom,30
BOSS_KingWhale_otomo040,BOSS_KingWhale_otomo,Unique_KingWhale_Breaching,40
BOSS_KingWhale_otomo050,BOSS_KingWhale_otomo,HolyBlast,50
BOSS_KingWhale_otomo060,BOSS_KingWhale_otomo,Unique_KingWhale_AquaTornado,60
RAID_LegendDeer001,RAID_LegendDeer,RootLance,1
RAID_LegendDeer002,RAID_LegendDeer,CrossWind,2
RAID_LegendDeer003,RAID_LegendDeer,SolarBeam,3
RAID_LegendDeer004,RAID_LegendDeer,SeaGush,4
RAID_LegendDeer005,RAID_LegendDeer,WallSplash,5
RAID_LegendDeer006,RAID_LegendDeer,RipTide,6
RAID_LegendDeer007,RAID_LegendDeer,WindBurst,7
RAID_LegendDeer_2001,RAID_LegendDeer_2,RootLance,1
RAID_LegendDeer_2002,RAID_LegendDeer_2,CrossWind,2
RAID_LegendDeer_2003,RAID_LegendDeer_2,SolarBeam,3
RAID_LegendDeer_2004,RAID_LegendDeer_2,SeaGush,4
RAID_LegendDeer_2005,RAID_LegendDeer_2,WallSplash,5
RAID_LegendDeer_2006,RAID_LegendDeer_2,RipTide,6
RAID_LegendDeer_2007,RAID_LegendDeer_2,WindBurst,7
LegendDeer001,LegendDeer,PowerShot,1
LegendDeer007,LegendDeer,PowerBall,7
LegendDeer015,LegendDeer,HolyBlast,15
LegendDeer022,LegendDeer,RadiantBarrage,22
LegendDeer030,LegendDeer,Unique_LegendDeer_RadiantWingRush,30
LegendDeer040,LegendDeer,Unique_LegendDeer_WarpPillarBurst,40
LegendDeer050,LegendDeer,Unique_LegendDeer_RadiantPurge_Otomo,50
LegendDeer070,LegendDeer,WindBurst,70
BOSS_LegendDeer001,BOSS_LegendDeer,PowerShot,1
BOSS_LegendDeer007,BOSS_LegendDeer,PowerBall,7
BOSS_LegendDeer015,BOSS_LegendDeer,HolyBlast,15
BOSS_LegendDeer022,BOSS_LegendDeer,RadiantBarrage,22
BOSS_LegendDeer030,BOSS_LegendDeer,Unique_LegendDeer_RadiantWingRush,30
BOSS_LegendDeer040,BOSS_LegendDeer,Unique_LegendDeer_WarpPillarBurst,40
BOSS_LegendDeer050,BOSS_LegendDeer,Unique_LegendDeer_RadiantPurge_Otomo,50
BOSS_LegendDeer070,BOSS_LegendDeer,WindBurst,70
BrownRabbit001,BrownRabbit,MudShot,1
BrownRabbit007,BrownRabbit,StoneShotgun,7
BrownRabbit015,BrownRabbit,ThrowRock,15
BrownRabbit022,BrownRabbit,SandTornado,22
BrownRabbit030,BrownRabbit,Tremor,30
BrownRabbit040,BrownRabbit,RockLance,40
BrownRabbit050,BrownRabbit,SandTwister,50
BrownRabbit070,BrownRabbit,RockBeat,70
BOSS_BrownRabbit001,BOSS_BrownRabbit,MudShot,1
BOSS_BrownRabbit007,BOSS_BrownRabbit,StoneShotgun,7
BOSS_BrownRabbit015,BOSS_BrownRabbit,ThrowRock,15
BOSS_BrownRabbit022,BOSS_BrownRabbit,SandTornado,22
BOSS_BrownRabbit030,BOSS_BrownRabbit,Tremor,30
BOSS_BrownRabbit040,BOSS_BrownRabbit,RockLance,40
BOSS_BrownRabbit050,BOSS_BrownRabbit,SandTwister,50
BOSS_BrownRabbit070,BOSS_BrownRabbit,RockBeat,70
VolcanoDragon001,VolcanoDragon,FireSeed,1
VolcanoDragon007,VolcanoDragon,Flamethrower,7
VolcanoDragon015,VolcanoDragon,FlameWall,15
VolcanoDragon022,VolcanoDragon,Tremor,22
VolcanoDragon030,VolcanoDragon,Eruption,30
VolcanoDragon040,VolcanoDragon,RockBeat,40
VolcanoDragon050,VolcanoDragon,Unique_VolcanoDragon_MagmaSpit,50
VolcanoDragon070,VolcanoDragon,Unique_VolcanoDragon_VolcanicLaser,70
BOSS_VolcanoDragon001,BOSS_VolcanoDragon,FireSeed,1
BOSS_VolcanoDragon007,BOSS_VolcanoDragon,Flamethrower,7
BOSS_VolcanoDragon015,BOSS_VolcanoDragon,FlameWall,15
BOSS_VolcanoDragon022,BOSS_VolcanoDragon,Tremor,22
BOSS_VolcanoDragon030,BOSS_VolcanoDragon,Eruption,30
BOSS_VolcanoDragon040,BOSS_VolcanoDragon,RockBeat,40
BOSS_VolcanoDragon050,BOSS_VolcanoDragon,Unique_VolcanoDragon_MagmaSpit,50
BOSS_VolcanoDragon070,BOSS_VolcanoDragon,Unique_VolcanoDragon_VolcanicLaser,70
PREDATOR_VolcanoDragon001,PREDATOR_VolcanoDragon,FireSeed,1
PREDATOR_VolcanoDragon007,PREDATOR_VolcanoDragon,Flamethrower,7
PREDATOR_VolcanoDragon010,PREDATOR_VolcanoDragon,PredatorWave,10
PREDATOR_VolcanoDragon015,PREDATOR_VolcanoDragon,FlameWall,15
PREDATOR_VolcanoDragon020,PREDATOR_VolcanoDragon,PredatorLockon,20
PREDATOR_VolcanoDragon022,PREDATOR_VolcanoDragon,Tremor,22
PREDATOR_VolcanoDragon029,PREDATOR_VolcanoDragon,Eruption,29
PREDATOR_VolcanoDragon030,PREDATOR_VolcanoDragon,PredatorBeam,30
PREDATOR_VolcanoDragon040,PREDATOR_VolcanoDragon,RockBeat,40
PREDATOR_VolcanoDragon050,PREDATOR_VolcanoDragon,Unique_VolcanoDragon_MagmaSpit,50
PREDATOR_VolcanoDragon070,PREDATOR_VolcanoDragon,Unique_VolcanoDragon_VolcanicLaser,70
VolcanoDragon_Ice001,VolcanoDragon_Ice,BlizzardLance,1
VolcanoDragon_Ice007,VolcanoDragon_Ice,FrostBreath,7
VolcanoDragon_Ice015,VolcanoDragon_Ice,IcicleLine,15
VolcanoDragon_Ice022,VolcanoDragon_Ice,Tremor,22
VolcanoDragon_Ice030,VolcanoDragon_Ice,IcicleThrow,30
VolcanoDragon_Ice040,VolcanoDragon_Ice,RockBeat,40
VolcanoDragon_Ice050,VolcanoDragon_Ice,Unique_VolcanoDragon_Ice_IcicleSpit,50
VolcanoDragon_Ice070,VolcanoDragon_Ice,Unique_VolcanoDragon_Ice_IceLaser,70
BOSS_VolcanoDragon_Ice001,BOSS_VolcanoDragon_Ice,BlizzardLance,1
BOSS_VolcanoDragon_Ice007,BOSS_VolcanoDragon_Ice,FrostBreath,7
BOSS_VolcanoDragon_Ice015,BOSS_VolcanoDragon_Ice,IcicleLine,15
BOSS_VolcanoDragon_Ice022,BOSS_VolcanoDragon_Ice,Tremor,22
BOSS_VolcanoDragon_Ice030,BOSS_VolcanoDragon_Ice,IcicleThrow,30
BOSS_VolcanoDragon_Ice040,BOSS_VolcanoDragon_Ice,RockBeat,40
BOSS_VolcanoDragon_Ice050,BOSS_VolcanoDragon_Ice,Unique_VolcanoDragon_Ice_IcicleSpit,50
BOSS_VolcanoDragon_Ice070,BOSS_VolcanoDragon_Ice,Unique_VolcanoDragon_Ice_IceLaser,70
HoodGhost001,HoodGhost,DarkBall,1
HoodGhost007,HoodGhost,DarkCanon,7
HoodGhost015,HoodGhost,DarkWave,15
HoodGhost022,HoodGhost,GhostFlame,22
HoodGhost030,HoodGhost,ShadowBall,30
HoodGhost040,HoodGhost,Apocalypse,40
HoodGhost050,HoodGhost,DarkLaser,50
HoodGhost070,HoodGhost,DarkLegion,70
BOSS_HoodGhost001,BOSS_HoodGhost,DarkBall,1
BOSS_HoodGhost007,BOSS_HoodGhost,DarkCanon,7
BOSS_HoodGhost015,BOSS_HoodGhost,DarkWave,15
BOSS_HoodGhost022,BOSS_HoodGhost,GhostFlame,22
BOSS_HoodGhost030,BOSS_HoodGhost,ShadowBall,30
BOSS_HoodGhost040,BOSS_HoodGhost,Apocalypse,40
BOSS_HoodGhost050,BOSS_HoodGhost,DarkLaser,50
BOSS_HoodGhost070,BOSS_HoodGhost,DarkLegion,70
Sekhmet001,Sekhmet,MudShot,1
Sekhmet007,Sekhmet,PowerShot,7
Sekhmet015,Sekhmet,StoneShotgun,15
Sekhmet022,Sekhmet,AirBlade,22
Sekhmet030,Sekhmet,Unique_Sekhmet_SomersaultScratch,30
Sekhmet040,Sekhmet,Unique_Sekhmet_RollingScratch,40
Sekhmet050,Sekhmet,SandTwister,50
Sekhmet070,Sekhmet,RockBeat,70
BOSS_Sekhmet001,BOSS_Sekhmet,MudShot,1
BOSS_Sekhmet007,BOSS_Sekhmet,PowerShot,7
BOSS_Sekhmet015,BOSS_Sekhmet,StoneShotgun,15
BOSS_Sekhmet022,BOSS_Sekhmet,AirBlade,22
BOSS_Sekhmet030,BOSS_Sekhmet,Unique_Sekhmet_SomersaultScratch,30
BOSS_Sekhmet040,BOSS_Sekhmet,Unique_Sekhmet_RollingScratch,40
BOSS_Sekhmet050,BOSS_Sekhmet,SandTwister,50
BOSS_Sekhmet070,BOSS_Sekhmet,RockBeat,70
ElecLizard001,ElecLizard,ThunderSpear,1
ElecLizard007,ElecLizard,ElecWave,7
ElecLizard015,ElecLizard,ThunderFunnel,15
ElecLizard022,ElecLizard,LineThunder,22
ElecLizard030,ElecLizard,TriSpark,30
ElecLizard040,ElecLizard,Thunderbolt,40
ElecLizard050,ElecLizard,RangeThunder,50
ElecLizard070,ElecLizard,Railbolt,70
BOSS_ElecLizard001,BOSS_ElecLizard,ThunderSpear,1
BOSS_ElecLizard007,BOSS_ElecLizard,ElecWave,7
BOSS_ElecLizard015,BOSS_ElecLizard,ThunderFunnel,15
BOSS_ElecLizard022,BOSS_ElecLizard,LineThunder,22
BOSS_ElecLizard030,BOSS_ElecLizard,TriSpark,30
BOSS_ElecLizard040,BOSS_ElecLizard,Thunderbolt,40
BOSS_ElecLizard050,BOSS_ElecLizard,RangeThunder,50
BOSS_ElecLizard070,BOSS_ElecLizard,Railbolt,70
RockBeast001,RockBeast,MudShot,1
RockBeast007,RockBeast,StoneShotgun,7
RockBeast015,RockBeast,ThrowRock,15
RockBeast022,RockBeast,Tremor,22
RockBeast030,RockBeast,RockLance,30
RockBeast040,RockBeast,SandTwister,40
RockBeast050,RockBeast,Unique_RockBeast_RockHorn,50
RockBeast070,RockBeast,RockBeat,70
BOSS_RockBeast001,BOSS_RockBeast,MudShot,1
BOSS_RockBeast007,BOSS_RockBeast,StoneShotgun,7
BOSS_RockBeast015,BOSS_RockBeast,ThrowRock,15
BOSS_RockBeast022,BOSS_RockBeast,Tremor,22
BOSS_RockBeast030,BOSS_RockBeast,RockLance,30
BOSS_RockBeast040,BOSS_RockBeast,SandTwister,40
BOSS_RockBeast050,BOSS_RockBeast,Unique_RockBeast_RockHorn,50
BOSS_RockBeast070,BOSS_RockBeast,RockBeat,70
RockBeast_Ice001,RockBeast_Ice,IceMissile,1
RockBeast_Ice007,RockBeast_Ice,IceBlade,7
RockBeast_Ice015,RockBeast_Ice,BlizzardLance,15
RockBeast_Ice022,RockBeast_Ice,IcicleLine,22
RockBeast_Ice030,RockBeast_Ice,IcicleThrow,30
RockBeast_Ice040,RockBeast_Ice,DiamondFall,40
RockBeast_Ice050,RockBeast_Ice,Unique_RockBeast_Ice_IceHorn,50
RockBeast_Ice070,RockBeast_Ice,IceAge,70
BOSS_RockBeast_Ice001,BOSS_RockBeast_Ice,IceMissile,1
BOSS_RockBeast_Ice007,BOSS_RockBeast_Ice,IceBlade,7
BOSS_RockBeast_Ice015,BOSS_RockBeast_Ice,BlizzardLance,15
BOSS_RockBeast_Ice022,BOSS_RockBeast_Ice,IcicleLine,22
BOSS_RockBeast_Ice030,BOSS_RockBeast_Ice,IcicleThrow,30
BOSS_RockBeast_Ice040,BOSS_RockBeast_Ice,DiamondFall,40
BOSS_RockBeast_Ice050,BOSS_RockBeast_Ice,Unique_RockBeast_Ice_IceHorn,50
BOSS_RockBeast_Ice070,BOSS_RockBeast_Ice,IceAge,70
ThunderFluffyBird001,ThunderFluffyBird,SpreadPulse,1
ThunderFluffyBird007,ThunderFluffyBird,ElecWave,7
ThunderFluffyBird015,ThunderFluffyBird,ThunderBall,15
ThunderFluffyBird022,ThunderFluffyBird,AirBlade,22
ThunderFluffyBird030,ThunderFluffyBird,ThreeThunder,30
ThunderFluffyBird040,ThunderFluffyBird,LightningStrike,40
ThunderFluffyBird050,ThunderFluffyBird,ThunderRain,50
ThunderFluffyBird070,ThunderFluffyBird,ThunderStorm,70
BOSS_ThunderFluffyBird001,BOSS_ThunderFluffyBird,SpreadPulse,1
BOSS_ThunderFluffyBird007,BOSS_ThunderFluffyBird,ElecWave,7
BOSS_ThunderFluffyBird015,BOSS_ThunderFluffyBird,ThunderBall,15
BOSS_ThunderFluffyBird022,BOSS_ThunderFluffyBird,AirBlade,22
BOSS_ThunderFluffyBird030,BOSS_ThunderFluffyBird,ThreeThunder,30
BOSS_ThunderFluffyBird040,BOSS_ThunderFluffyBird,LightningStrike,40
BOSS_ThunderFluffyBird050,BOSS_ThunderFluffyBird,ThunderRain,50
BOSS_ThunderFluffyBird070,BOSS_ThunderFluffyBird,ThunderStorm,70
MoonChild001,MoonChild,DarkCanon,1
MoonChild007,MoonChild,DarkArrow,7
MoonChild015,MoonChild,Commet,15
MoonChild022,MoonChild,ShadowBall,22
MoonChild030,MoonChild,ThreeCommet,30
MoonChild040,MoonChild,StarMine,40
MoonChild050,MoonChild,DragonMeteor,50
MoonChild070,MoonChild,DarkLegion,70
BOSS_MoonChild001,BOSS_MoonChild,DarkCanon,1
BOSS_MoonChild007,BOSS_MoonChild,DarkArrow,7
BOSS_MoonChild015,BOSS_MoonChild,Commet,15
BOSS_MoonChild022,BOSS_MoonChild,ShadowBall,22
BOSS_MoonChild030,BOSS_MoonChild,ThreeCommet,30
BOSS_MoonChild040,BOSS_MoonChild,StarMine,40
BOSS_MoonChild050,BOSS_MoonChild,DragonMeteor,50
BOSS_MoonChild070,BOSS_MoonChild,DarkLegion,70
SnakeGirl001,SnakeGirl,PoisonFog,1
SnakeGirl007,SnakeGirl,PoisonShot,7
SnakeGirl015,SnakeGirl,DarkWave,15
SnakeGirl022,SnakeGirl,GhostFlame,22
SnakeGirl030,SnakeGirl,BubbleShower,30
SnakeGirl040,SnakeGirl,DarkLaser,40
SnakeGirl050,SnakeGirl,DarkLegion,50
SnakeGirl070,SnakeGirl,Unique_SnakeGirl_SnakeShot,70
BOSS_SnakeGirl001,BOSS_SnakeGirl,PoisonFog,1
BOSS_SnakeGirl007,BOSS_SnakeGirl,PoisonShot,7
BOSS_SnakeGirl015,BOSS_SnakeGirl,DarkWave,15
BOSS_SnakeGirl022,BOSS_SnakeGirl,GhostFlame,22
BOSS_SnakeGirl030,BOSS_SnakeGirl,BubbleShower,30
BOSS_SnakeGirl040,BOSS_SnakeGirl,DarkLaser,40
BOSS_SnakeGirl050,BOSS_SnakeGirl,DarkLegion,50
BOSS_SnakeGirl070,BOSS_SnakeGirl,Unique_SnakeGirl_SnakeShot,70
PREDATOR_SnakeGirl001,PREDATOR_SnakeGirl,PoisonFog,1
PREDATOR_SnakeGirl007,PREDATOR_SnakeGirl,PoisonShot,7
PREDATOR_SnakeGirl010,PREDATOR_SnakeGirl,PredatorWave,10
PREDATOR_SnakeGirl020,PREDATOR_SnakeGirl,PredatorLockon,20
PREDATOR_SnakeGirl022,PREDATOR_SnakeGirl,GhostFlame,22
PREDATOR_SnakeGirl029,PREDATOR_SnakeGirl,BubbleShower,29
PREDATOR_SnakeGirl030,PREDATOR_SnakeGirl,PredatorBeam,30
PREDATOR_SnakeGirl050,PREDATOR_SnakeGirl,DarkLegion,50
PREDATOR_SnakeGirl070,PREDATOR_SnakeGirl,Unique_SnakeGirl_SnakeShot,70
ClownRabbit001,ClownRabbit,FireSeed,1
ClownRabbit007,ClownRabbit,Flamethrower,7
ClownRabbit015,ClownRabbit,FlameWall,15
ClownRabbit022,ClownRabbit,FlameFunnel,22
ClownRabbit030,ClownRabbit,Eruption,30
ClownRabbit040,ClownRabbit,Inferno,40
ClownRabbit050,ClownRabbit,FireBall,50
ClownRabbit070,ClownRabbit,Unique_ClownRabbit_TrickShow,70
BOSS_ClownRabbit001,BOSS_ClownRabbit,FireSeed,1
BOSS_ClownRabbit007,BOSS_ClownRabbit,Flamethrower,7
BOSS_ClownRabbit015,BOSS_ClownRabbit,FlameWall,15
BOSS_ClownRabbit022,BOSS_ClownRabbit,FlameFunnel,22
BOSS_ClownRabbit030,BOSS_ClownRabbit,Eruption,30
BOSS_ClownRabbit040,BOSS_ClownRabbit,Inferno,40
BOSS_ClownRabbit050,BOSS_ClownRabbit,FireBall,50
BOSS_ClownRabbit070,BOSS_ClownRabbit,Unique_ClownRabbit_TrickShow,70
SmallYeti001,SmallYeti,IceMissile,1
SmallYeti007,SmallYeti,IceBlade,7
SmallYeti015,SmallYeti,BlizzardLance,15
SmallYeti022,SmallYeti,FrostBreath,22
SmallYeti030,SmallYeti,IciclePierce,30
SmallYeti040,SmallYeti,IcicleLine,40
SmallYeti050,SmallYeti,IcicleThrow,50
SmallYeti070,SmallYeti,DiamondFall,70
BOSS_SmallYeti001,BOSS_SmallYeti,IceMissile,1
BOSS_SmallYeti007,BOSS_SmallYeti,IceBlade,7
BOSS_SmallYeti015,BOSS_SmallYeti,BlizzardLance,15
BOSS_SmallYeti022,BOSS_SmallYeti,FrostBreath,22
BOSS_SmallYeti030,BOSS_SmallYeti,IciclePierce,30
BOSS_SmallYeti040,BOSS_SmallYeti,IcicleLine,40
BOSS_SmallYeti050,BOSS_SmallYeti,IcicleThrow,50
BOSS_SmallYeti070,BOSS_SmallYeti,DiamondFall,70
CactusDoll001,CactusDoll,SeedMachinegun,1
CactusDoll007,CactusDoll,SeedMine,7
CactusDoll015,CactusDoll,RootAttack,15
CactusDoll022,CactusDoll,RootLance,22
CactusDoll030,CactusDoll,ReflectiveShuriken,30
CactusDoll040,CactusDoll,SolarBeam,40
CactusDoll050,CactusDoll,CrossWind,50
CactusDoll070,CactusDoll,WindBurst,70
BOSS_CactusDoll001,BOSS_CactusDoll,SeedMachinegun,1
BOSS_CactusDoll007,BOSS_CactusDoll,SeedMine,7
BOSS_CactusDoll015,BOSS_CactusDoll,RootAttack,15
BOSS_CactusDoll022,BOSS_CactusDoll,RootLance,22
BOSS_CactusDoll030,BOSS_CactusDoll,ReflectiveShuriken,30
BOSS_CactusDoll040,BOSS_CactusDoll,SolarBeam,40
BOSS_CactusDoll050,BOSS_CactusDoll,CrossWind,50
BOSS_CactusDoll070,BOSS_CactusDoll,WindBurst,70
CactusDoll_Dark001,CactusDoll_Dark,PoisonShot,1
CactusDoll_Dark007,CactusDoll_Dark,SeedMine,7
CactusDoll_Dark015,CactusDoll_Dark,BubbleShower,15
CactusDoll_Dark022,CactusDoll_Dark,RootLance,22
CactusDoll_Dark030,CactusDoll_Dark,DarkLaser,30
CactusDoll_Dark040,CactusDoll_Dark,CrossWind,40
CactusDoll_Dark050,CactusDoll_Dark,DarkLegion,50
CactusDoll_Dark070,CactusDoll_Dark,WindBurst,70
BOSS_CactusDoll_Dark001,BOSS_CactusDoll_Dark,PoisonShot,1
BOSS_CactusDoll_Dark007,BOSS_CactusDoll_Dark,SeedMine,7
BOSS_CactusDoll_Dark015,BOSS_CactusDoll_Dark,BubbleShower,15
BOSS_CactusDoll_Dark022,BOSS_CactusDoll_Dark,RootLance,22
BOSS_CactusDoll_Dark030,BOSS_CactusDoll_Dark,DarkLaser,30
BOSS_CactusDoll_Dark040,BOSS_CactusDoll_Dark,CrossWind,40
BOSS_CactusDoll_Dark050,BOSS_CactusDoll_Dark,DarkLegion,50
BOSS_CactusDoll_Dark070,BOSS_CactusDoll_Dark,WindBurst,70
MushroomLady001,MushroomLady,WindCutter,1
MushroomLady007,MushroomLady,PoisonShot,7
MushroomLady015,MushroomLady,GrassTornado,15
MushroomLady022,MushroomLady,WindEdge,22
MushroomLady030,MushroomLady,BubbleShower,30
MushroomLady040,MushroomLady,SolarBeam,40
MushroomLady050,MushroomLady,CrossWind,50
MushroomLady070,MushroomLady,WindBurst,70
BOSS_MushroomLady001,BOSS_MushroomLady,WindCutter,1
BOSS_MushroomLady007,BOSS_MushroomLady,PoisonShot,7
BOSS_MushroomLady015,BOSS_MushroomLady,GrassTornado,15
BOSS_MushroomLady022,BOSS_MushroomLady,WindEdge,22
BOSS_MushroomLady030,BOSS_MushroomLady,BubbleShower,30
BOSS_MushroomLady040,BOSS_MushroomLady,SolarBeam,40
BOSS_MushroomLady050,BOSS_MushroomLady,CrossWind,50
BOSS_MushroomLady070,BOSS_MushroomLady,WindBurst,70
FoxExorcist001,FoxExorcist,FireBlast,1
FoxExorcist007,FoxExorcist,FlareArrow,7
FoxExorcist015,FoxExorcist,Flamethrower,15
FoxExorcist022,FoxExorcist,FlameWall,22
FoxExorcist030,FoxExorcist,FlameFunnel,30
FoxExorcist040,FoxExorcist,DarkLaser,40
FoxExorcist050,FoxExorcist,Eruption,50
FoxExorcist070,FoxExorcist,FireBall,70
BOSS_FoxExorcist001,BOSS_FoxExorcist,FireBlast,1
BOSS_FoxExorcist007,BOSS_FoxExorcist,FlareArrow,7
BOSS_FoxExorcist015,BOSS_FoxExorcist,Flamethrower,15
BOSS_FoxExorcist022,BOSS_FoxExorcist,FlameWall,22
BOSS_FoxExorcist030,BOSS_FoxExorcist,FlameFunnel,30
BOSS_FoxExorcist040,BOSS_FoxExorcist,DarkLaser,40
BOSS_FoxExorcist050,BOSS_FoxExorcist,Eruption,50
BOSS_FoxExorcist070,BOSS_FoxExorcist,FireBall,70
CloverFairy001,CloverFairy,AirCanon,1
CloverFairy007,CloverFairy,SeedMachinegun,7
CloverFairy015,CloverFairy,SeedMine,15
CloverFairy022,CloverFairy,AirBlade,22
CloverFairy030,CloverFairy,GrassTornado,30
CloverFairy040,CloverFairy,SolarBeam,40
CloverFairy050,CloverFairy,CrossWind,50
CloverFairy070,CloverFairy,WindBurst,70
BOSS_CloverFairy001,BOSS_CloverFairy,AirCanon,1
BOSS_CloverFairy007,BOSS_CloverFairy,SeedMachinegun,7
BOSS_CloverFairy015,BOSS_CloverFairy,SeedMine,15
BOSS_CloverFairy022,BOSS_CloverFairy,AirBlade,22
BOSS_CloverFairy030,BOSS_CloverFairy,GrassTornado,30
BOSS_CloverFairy040,BOSS_CloverFairy,SolarBeam,40
BOSS_CloverFairy050,BOSS_CloverFairy,CrossWind,50
BOSS_CloverFairy070,BOSS_CloverFairy,WindBurst,70
ElecPomeranian001,ElecPomeranian,Unique_ElecPomeranian_BiteV2,1
ElecPomeranian002,ElecPomeranian,Unique_ElecPomeranian_Bite,2
ElecPomeranian007,ElecPomeranian,ElecWave,7
ElecPomeranian015,ElecPomeranian,ThunderBall,15
ElecPomeranian022,ElecPomeranian,TriSpark,22
ElecPomeranian030,ElecPomeranian,LightningStrike,30
ElecPomeranian040,ElecPomeranian,Thunderbolt,40
ElecPomeranian050,ElecPomeranian,RangeThunder,50
ElecPomeranian070,ElecPomeranian,Railbolt,70
BOSS_ElecPomeranian001,BOSS_ElecPomeranian,Unique_ElecPomeranian_BiteV2,1
BOSS_ElecPomeranian002,BOSS_ElecPomeranian,Unique_ElecPomeranian_Bite,2
BOSS_ElecPomeranian007,BOSS_ElecPomeranian,ElecWave,7
BOSS_ElecPomeranian015,BOSS_ElecPomeranian,ThunderBall,15
BOSS_ElecPomeranian022,BOSS_ElecPomeranian,TriSpark,22
BOSS_ElecPomeranian030,BOSS_ElecPomeranian,LightningStrike,30
BOSS_ElecPomeranian040,BOSS_ElecPomeranian,Thunderbolt,40
BOSS_ElecPomeranian050,BOSS_ElecPomeranian,RangeThunder,50
BOSS_ElecPomeranian070,BOSS_ElecPomeranian,Railbolt,70
GhostBlackCat001,GhostBlackCat,DarkBall,1
GhostBlackCat007,GhostBlackCat,DarkWave,7
GhostBlackCat015,GhostBlackCat,GhostFlame,15
GhostBlackCat022,GhostBlackCat,ShadowBall,22
GhostBlackCat030,GhostBlackCat,IcicleThrow,30
GhostBlackCat040,GhostBlackCat,Apocalypse,40
GhostBlackCat050,GhostBlackCat,DarkLaser,50
GhostBlackCat070,GhostBlackCat,DarkLegion,70
BOSS_GhostBlackCat001,BOSS_GhostBlackCat,DarkBall,1
BOSS_GhostBlackCat007,BOSS_GhostBlackCat,DarkWave,7
BOSS_GhostBlackCat015,BOSS_GhostBlackCat,GhostFlame,15
BOSS_GhostBlackCat022,BOSS_GhostBlackCat,ShadowBall,22
BOSS_GhostBlackCat030,BOSS_GhostBlackCat,IcicleThrow,30
BOSS_GhostBlackCat040,BOSS_GhostBlackCat,Apocalypse,40
BOSS_GhostBlackCat050,BOSS_GhostBlackCat,DarkLaser,50
BOSS_GhostBlackCat070,BOSS_GhostBlackCat,DarkLegion,70
ThiefBird001,ThiefBird,DarkPulse,1
ThiefBird007,ThiefBird,DarkCanon,7
ThiefBird015,ThiefBird,DarkArrow,15
ThiefBird022,ThiefBird,AirBlade,22
ThiefBird030,ThiefBird,ShadowBall,30
ThiefBird040,ThiefBird,Apocalypse,40
ThiefBird050,ThiefBird,DarkLaser,50
ThiefBird070,ThiefBird,DarkLegion,70
BOSS_ThiefBird001,BOSS_ThiefBird,DarkPulse,1
BOSS_ThiefBird007,BOSS_ThiefBird,DarkCanon,7
BOSS_ThiefBird015,BOSS_ThiefBird,DarkArrow,15
BOSS_ThiefBird022,BOSS_ThiefBird,AirBlade,22
BOSS_ThiefBird030,BOSS_ThiefBird,ShadowBall,30
BOSS_ThiefBird040,BOSS_ThiefBird,Apocalypse,40
BOSS_ThiefBird050,BOSS_ThiefBird,DarkLaser,50
BOSS_ThiefBird070,BOSS_ThiefBird,DarkLegion,70
OniGhostGirl001,OniGhostGirl,DarkBall,1
OniGhostGirl007,OniGhostGirl,DarkWave,7
OniGhostGirl015,OniGhostGirl,GhostFlame,15
OniGhostGirl022,OniGhostGirl,ShadowBall,22
OniGhostGirl030,OniGhostGirl,Apocalypse,30
OniGhostGirl040,OniGhostGirl,DarkLaser,40
OniGhostGirl050,OniGhostGirl,FireBall,50
OniGhostGirl070,OniGhostGirl,DarkLegion,70
BOSS_OniGhostGirl001,BOSS_OniGhostGirl,DarkBall,1
BOSS_OniGhostGirl007,BOSS_OniGhostGirl,DarkWave,7
BOSS_OniGhostGirl015,BOSS_OniGhostGirl,GhostFlame,15
BOSS_OniGhostGirl022,BOSS_OniGhostGirl,ShadowBall,22
BOSS_OniGhostGirl030,BOSS_OniGhostGirl,Apocalypse,30
BOSS_OniGhostGirl040,BOSS_OniGhostGirl,DarkLaser,40
BOSS_OniGhostGirl050,BOSS_OniGhostGirl,FireBall,50
BOSS_OniGhostGirl070,BOSS_OniGhostGirl,DarkLegion,70
GrassGolem001,GrassGolem,MudShot,1
GrassGolem007,GrassGolem,StoneShotgun,7
GrassGolem015,GrassGolem,SeedMine,15
GrassGolem022,GrassGolem,Tremor,22
GrassGolem030,GrassGolem,SolarBeam,30
GrassGolem040,GrassGolem,Unique_GrassGolem_RocketPunch,40
GrassGolem050,GrassGolem,WindBurst,50
GrassGolem070,GrassGolem,Unique_GrassGolem_ArmCannon,70
BOSS_GrassGolem001,BOSS_GrassGolem,MudShot,1
BOSS_GrassGolem007,BOSS_GrassGolem,StoneShotgun,7
BOSS_GrassGolem015,BOSS_GrassGolem,SeedMine,15
BOSS_GrassGolem022,BOSS_GrassGolem,Tremor,22
BOSS_GrassGolem030,BOSS_GrassGolem,SolarBeam,30
BOSS_GrassGolem040,BOSS_GrassGolem,Unique_GrassGolem_RocketPunch,40
BOSS_GrassGolem050,BOSS_GrassGolem,WindBurst,50
BOSS_GrassGolem070,BOSS_GrassGolem,Unique_GrassGolem_ArmCannon,70
GrassGolem_Dark001,GrassGolem_Dark,DarkPulse,1
GrassGolem_Dark007,GrassGolem_Dark,DarkCanon,7
GrassGolem_Dark015,GrassGolem_Dark,DarkArrow,15
GrassGolem_Dark022,GrassGolem_Dark,Tremor,22
GrassGolem_Dark030,GrassGolem_Dark,DarkLaser,30
GrassGolem_Dark040,GrassGolem_Dark,Unique_GrassGolem_RocketPunch,40
GrassGolem_Dark050,GrassGolem_Dark,DarkLegion,50
GrassGolem_Dark070,GrassGolem_Dark,Unique_GrassGolem_Dark_DarkArmCannon,70
BOSS_GrassGolem_Dark001,BOSS_GrassGolem_Dark,DarkPulse,1
BOSS_GrassGolem_Dark007,BOSS_GrassGolem_Dark,DarkCanon,7
BOSS_GrassGolem_Dark015,BOSS_GrassGolem_Dark,DarkArrow,15
BOSS_GrassGolem_Dark022,BOSS_GrassGolem_Dark,Tremor,22
BOSS_GrassGolem_Dark030,BOSS_GrassGolem_Dark,DarkLaser,30
BOSS_GrassGolem_Dark040,BOSS_GrassGolem_Dark,Unique_GrassGolem_RocketPunch,40
BOSS_GrassGolem_Dark050,BOSS_GrassGolem_Dark,DarkLegion,50
BOSS_GrassGolem_Dark070,BOSS_GrassGolem_Dark,Unique_GrassGolem_Dark_DarkArmCannon,70
CubeTurtle001,CubeTurtle,StoneShotgun,1
CubeTurtle007,CubeTurtle,ThrowRock,7
CubeTurtle015,CubeTurtle,SandTornado,15
CubeTurtle022,CubeTurtle,Tremor,22
CubeTurtle030,CubeTurtle,RockLance,30
CubeTurtle040,CubeTurtle,SandTwister,40
CubeTurtle050,CubeTurtle,Unique_CubeTurtle_CubePress,50
CubeTurtle070,CubeTurtle,RockBeat,70
BOSS_CubeTurtle001,BOSS_CubeTurtle,StoneShotgun,1
BOSS_CubeTurtle007,BOSS_CubeTurtle,ThrowRock,7
BOSS_CubeTurtle015,BOSS_CubeTurtle,SandTornado,15
BOSS_CubeTurtle022,BOSS_CubeTurtle,Tremor,22
BOSS_CubeTurtle030,BOSS_CubeTurtle,RockLance,30
BOSS_CubeTurtle040,BOSS_CubeTurtle,SandTwister,40
BOSS_CubeTurtle050,BOSS_CubeTurtle,Unique_CubeTurtle_CubePress,50
BOSS_CubeTurtle070,BOSS_CubeTurtle,RockBeat,70
CubeTurtle_Neutral001,CubeTurtle_Neutral,PowerShot,1
CubeTurtle_Neutral007,CubeTurtle_Neutral,PowerBall,7
CubeTurtle_Neutral015,CubeTurtle_Neutral,AirBlade,15
CubeTurtle_Neutral022,CubeTurtle_Neutral,IcicleLine,22
CubeTurtle_Neutral030,CubeTurtle_Neutral,HyperBeam,30
CubeTurtle_Neutral040,CubeTurtle_Neutral,DiamondFall,40
CubeTurtle_Neutral050,CubeTurtle_Neutral,HolyBlast,50
CubeTurtle_Neutral070,CubeTurtle_Neutral,Unique_CubeTurtle_Neutral_HolyPress,70
BOSS_CubeTurtle_Neutral001,BOSS_CubeTurtle_Neutral,PowerShot,1
BOSS_CubeTurtle_Neutral007,BOSS_CubeTurtle_Neutral,PowerBall,7
BOSS_CubeTurtle_Neutral015,BOSS_CubeTurtle_Neutral,AirBlade,15
BOSS_CubeTurtle_Neutral022,BOSS_CubeTurtle_Neutral,IcicleLine,22
BOSS_CubeTurtle_Neutral030,BOSS_CubeTurtle_Neutral,HyperBeam,30
BOSS_CubeTurtle_Neutral040,BOSS_CubeTurtle_Neutral,DiamondFall,40
BOSS_CubeTurtle_Neutral050,BOSS_CubeTurtle_Neutral,HolyBlast,50
BOSS_CubeTurtle_Neutral070,BOSS_CubeTurtle_Neutral,Unique_CubeTurtle_Neutral_HolyPress,70
LongCat001,LongCat,MudShot,1
LongCat007,LongCat,AirCanon,7
LongCat015,LongCat,PowerShot,15
LongCat022,LongCat,PowerBall,22
LongCat030,LongCat,AirBlade,30
LongCat040,LongCat,SandTornado,40
LongCat050,LongCat,HyperBeam,50
LongCat070,LongCat,HolyBlast,70
BOSS_LongCat001,BOSS_LongCat,MudShot,1
BOSS_LongCat007,BOSS_LongCat,AirCanon,7
BOSS_LongCat015,BOSS_LongCat,PowerShot,15
BOSS_LongCat022,BOSS_LongCat,PowerBall,22
BOSS_LongCat030,BOSS_LongCat,AirBlade,30
BOSS_LongCat040,BOSS_LongCat,SandTornado,40
BOSS_LongCat050,BOSS_LongCat,HyperBeam,50
BOSS_LongCat070,BOSS_LongCat,HolyBlast,70
SamuraiDog001,SamuraiDog,Unique_SamuraiDog_BiteV2,1
SamuraiDog002,SamuraiDog,Unique_SamuraiDog_Bite,2
SamuraiDog007,SamuraiDog,StoneShotgun,7
SamuraiDog015,SamuraiDog,Unique_SamuraiDog_DashSlash,15
SamuraiDog022,SamuraiDog,ThrowRock,22
SamuraiDog030,SamuraiDog,SandTornado,30
SamuraiDog040,SamuraiDog,RockLance,40
SamuraiDog050,SamuraiDog,SandTwister,50
SamuraiDog070,SamuraiDog,RockBeat,70
BOSS_SamuraiDog001,BOSS_SamuraiDog,Unique_SamuraiDog_BiteV2,1
BOSS_SamuraiDog002,BOSS_SamuraiDog,Unique_SamuraiDog_Bite,2
BOSS_SamuraiDog007,BOSS_SamuraiDog,StoneShotgun,7
BOSS_SamuraiDog015,BOSS_SamuraiDog,Unique_SamuraiDog_DashSlash,15
BOSS_SamuraiDog022,BOSS_SamuraiDog,ThrowRock,22
BOSS_SamuraiDog030,BOSS_SamuraiDog,SandTornado,30
BOSS_SamuraiDog040,BOSS_SamuraiDog,RockLance,40
BOSS_SamuraiDog050,BOSS_SamuraiDog,SandTwister,50
BOSS_SamuraiDog070,BOSS_SamuraiDog,RockBeat,70
SwordCutlassfish001,SwordCutlassfish,AquaJet,1
SwordCutlassfish007,SwordCutlassfish,BubbleShot,7
SwordCutlassfish015,SwordCutlassfish,LineGeyser,15
SwordCutlassfish022,SwordCutlassfish,DiversionLaser,22
SwordCutlassfish030,SwordCutlassfish,HydroSlicer,30
SwordCutlassfish040,SwordCutlassfish,HydroPump,40
SwordCutlassfish050,SwordCutlassfish,RipTide,50
SwordCutlassfish070,SwordCutlassfish,SeaGush,70
BOSS_SwordCutlassfish001,BOSS_SwordCutlassfish,AquaJet,1
BOSS_SwordCutlassfish007,BOSS_SwordCutlassfish,BubbleShot,7
BOSS_SwordCutlassfish015,BOSS_SwordCutlassfish,LineGeyser,15
BOSS_SwordCutlassfish022,BOSS_SwordCutlassfish,DiversionLaser,22
BOSS_SwordCutlassfish030,BOSS_SwordCutlassfish,HydroSlicer,30
BOSS_SwordCutlassfish040,BOSS_SwordCutlassfish,HydroPump,40
BOSS_SwordCutlassfish050,BOSS_SwordCutlassfish,RipTide,50
BOSS_SwordCutlassfish070,BOSS_SwordCutlassfish,SeaGush,70
SwordCutlassfish_Fire001,SwordCutlassfish_Fire,AquaJet,1
SwordCutlassfish_Fire007,SwordCutlassfish_Fire,FlareArrow,7
SwordCutlassfish_Fire015,SwordCutlassfish_Fire,FlareTornado,15
SwordCutlassfish_Fire022,SwordCutlassfish_Fire,DiversionLaser,22
SwordCutlassfish_Fire030,SwordCutlassfish_Fire,HydroSlicer,30
SwordCutlassfish_Fire040,SwordCutlassfish_Fire,HydroPump,40
SwordCutlassfish_Fire050,SwordCutlassfish_Fire,FireBall,50
SwordCutlassfish_Fire070,SwordCutlassfish_Fire,SeaGush,70
BOSS_SwordCutlassfish_Fire001,BOSS_SwordCutlassfish_Fire,AquaJet,1
BOSS_SwordCutlassfish_Fire007,BOSS_SwordCutlassfish_Fire,FlareArrow,7
BOSS_SwordCutlassfish_Fire015,BOSS_SwordCutlassfish_Fire,FlareTornado,15
BOSS_SwordCutlassfish_Fire022,BOSS_SwordCutlassfish_Fire,DiversionLaser,22
BOSS_SwordCutlassfish_Fire030,BOSS_SwordCutlassfish_Fire,HydroSlicer,30
BOSS_SwordCutlassfish_Fire040,BOSS_SwordCutlassfish_Fire,HydroPump,40
BOSS_SwordCutlassfish_Fire050,BOSS_SwordCutlassfish_Fire,FireBall,50
BOSS_SwordCutlassfish_Fire070,BOSS_SwordCutlassfish_Fire,SeaGush,70
RedFlowerBird001,RedFlowerBird,WindCutter,1
RedFlowerBird007,RedFlowerBird,SeedMachinegun,7
RedFlowerBird015,RedFlowerBird,GrassTornado,15
RedFlowerBird022,RedFlowerBird,WindEdge,22
RedFlowerBird030,RedFlowerBird,ReflectiveShuriken,30
RedFlowerBird040,RedFlowerBird,CrossWind,40
RedFlowerBird050,RedFlowerBird,Unique_RedFlowerBird_JumpKick,50
RedFlowerBird070,RedFlowerBird,WindBurst,70
BOSS_RedFlowerBird001,BOSS_RedFlowerBird,WindCutter,1
BOSS_RedFlowerBird007,BOSS_RedFlowerBird,SeedMachinegun,7
BOSS_RedFlowerBird015,BOSS_RedFlowerBird,GrassTornado,15
BOSS_RedFlowerBird022,BOSS_RedFlowerBird,WindEdge,22
BOSS_RedFlowerBird030,BOSS_RedFlowerBird,ReflectiveShuriken,30
BOSS_RedFlowerBird040,BOSS_RedFlowerBird,CrossWind,40
BOSS_RedFlowerBird050,BOSS_RedFlowerBird,Unique_RedFlowerBird_JumpKick,50
BOSS_RedFlowerBird070,BOSS_RedFlowerBird,WindBurst,70
PREDATOR_RedFlowerBird001,PREDATOR_RedFlowerBird,WindCutter,1
PREDATOR_RedFlowerBird007,PREDATOR_RedFlowerBird,SeedMachinegun,7
PREDATOR_RedFlowerBird010,PREDATOR_RedFlowerBird,PredatorWave,10
PREDATOR_RedFlowerBird015,PREDATOR_RedFlowerBird,GrassTornado,15
PREDATOR_RedFlowerBird020,PREDATOR_RedFlowerBird,PredatorLockon,20
PREDATOR_RedFlowerBird022,PREDATOR_RedFlowerBird,WindEdge,22
PREDATOR_RedFlowerBird029,PREDATOR_RedFlowerBird,ReflectiveShuriken,29
PREDATOR_RedFlowerBird030,PREDATOR_RedFlowerBird,PredatorBeam,30
PREDATOR_RedFlowerBird040,PREDATOR_RedFlowerBird,CrossWind,40
PREDATOR_RedFlowerBird050,PREDATOR_RedFlowerBird,Unique_RedFlowerBird_JumpKick,50
PREDATOR_RedFlowerBird070,PREDATOR_RedFlowerBird,WindBurst,70
SleeveRabbit001,SleeveRabbit,PowerShot,1
SleeveRabbit007,SleeveRabbit,BubbleShot,7
SleeveRabbit015,SleeveRabbit,PowerBall,15
SleeveRabbit022,SleeveRabbit,AirBlade,22
SleeveRabbit030,SleeveRabbit,WallSplash,30
SleeveRabbit040,SleeveRabbit,HydroSlicer,40
SleeveRabbit050,SleeveRabbit,HyperBeam,50
SleeveRabbit070,SleeveRabbit,HolyBlast,70
BOSS_SleeveRabbit001,BOSS_SleeveRabbit,PowerShot,1
BOSS_SleeveRabbit007,BOSS_SleeveRabbit,BubbleShot,7
BOSS_SleeveRabbit015,BOSS_SleeveRabbit,PowerBall,15
BOSS_SleeveRabbit022,BOSS_SleeveRabbit,AirBlade,22
BOSS_SleeveRabbit030,BOSS_SleeveRabbit,WallSplash,30
BOSS_SleeveRabbit040,BOSS_SleeveRabbit,HydroSlicer,40
BOSS_SleeveRabbit050,BOSS_SleeveRabbit,HyperBeam,50
BOSS_SleeveRabbit070,BOSS_SleeveRabbit,HolyBlast,70
DarkFlameFox001,DarkFlameFox,GravityShot,1
DarkFlameFox007,DarkFlameFox,FireSeed,7
DarkFlameFox015,DarkFlameFox,DarkArrow,15
DarkFlameFox022,DarkFlameFox,FlameWall,22
DarkFlameFox030,DarkFlameFox,Eruption,30
DarkFlameFox040,DarkFlameFox,DarkLaser,40
DarkFlameFox050,DarkFlameFox,FireBall,50
DarkFlameFox070,DarkFlameFox,DarkLegion,70
BOSS_DarkFlameFox001,BOSS_DarkFlameFox,GravityShot,1
BOSS_DarkFlameFox007,BOSS_DarkFlameFox,FireSeed,7
BOSS_DarkFlameFox015,BOSS_DarkFlameFox,DarkArrow,15
BOSS_DarkFlameFox022,BOSS_DarkFlameFox,FlameWall,22
BOSS_DarkFlameFox030,BOSS_DarkFlameFox,Eruption,30
BOSS_DarkFlameFox040,BOSS_DarkFlameFox,DarkLaser,40
BOSS_DarkFlameFox050,BOSS_DarkFlameFox,FireBall,50
BOSS_DarkFlameFox070,BOSS_DarkFlameFox,DarkLegion,70
ClioneTwins001,ClioneTwins,AquaJet,1
ClioneTwins007,ClioneTwins,BubbleShot,7
ClioneTwins015,ClioneTwins,LineGeyser,15
ClioneTwins022,ClioneTwins,DiversionLaser,22
ClioneTwins030,ClioneTwins,HydroSlicer,30
ClioneTwins040,ClioneTwins,HydroPump,40
ClioneTwins050,ClioneTwins,RipTide,50
ClioneTwins070,ClioneTwins,SeaGush,70
BOSS_ClioneTwins001,BOSS_ClioneTwins,AquaJet,1
BOSS_ClioneTwins007,BOSS_ClioneTwins,BubbleShot,7
BOSS_ClioneTwins015,BOSS_ClioneTwins,LineGeyser,15
BOSS_ClioneTwins022,BOSS_ClioneTwins,DiversionLaser,22
BOSS_ClioneTwins030,BOSS_ClioneTwins,HydroSlicer,30
BOSS_ClioneTwins040,BOSS_ClioneTwins,HydroPump,40
BOSS_ClioneTwins050,BOSS_ClioneTwins,RipTide,50
BOSS_ClioneTwins070,BOSS_ClioneTwins,SeaGush,70
MummyPal001,MummyPal,DarkBall,1
MummyPal007,MummyPal,GhostFlame,7
MummyPal015,MummyPal,SandTornado,15
MummyPal022,MummyPal,ShadowBall,22
MummyPal030,MummyPal,SandTwister,30
MummyPal040,MummyPal,Unique_MummyPal_MummyAttack,40
MummyPal050,MummyPal,DarkLegion,50
MummyPal070,MummyPal,RockBeat,70
BOSS_MummyPal001,BOSS_MummyPal,DarkBall,1
BOSS_MummyPal007,BOSS_MummyPal,GhostFlame,7
BOSS_MummyPal015,BOSS_MummyPal,SandTornado,15
BOSS_MummyPal022,BOSS_MummyPal,ShadowBall,22
BOSS_MummyPal030,BOSS_MummyPal,SandTwister,30
BOSS_MummyPal040,BOSS_MummyPal,Unique_MummyPal_MummyAttack,40
BOSS_MummyPal050,BOSS_MummyPal,DarkLegion,50
BOSS_MummyPal070,BOSS_MummyPal,RockBeat,70
PREDATOR_MummyPal001,PREDATOR_MummyPal,GhostFlame,1
PREDATOR_MummyPal010,PREDATOR_MummyPal,PredatorWave,10
PREDATOR_MummyPal015,PREDATOR_MummyPal,SandTornado,15
PREDATOR_MummyPal020,PREDATOR_MummyPal,PredatorLockon,20
PREDATOR_MummyPal022,PREDATOR_MummyPal,ShadowBall,22
PREDATOR_MummyPal029,PREDATOR_MummyPal,SandTwister,29
PREDATOR_MummyPal030,PREDATOR_MummyPal,PredatorBeam,30
PREDATOR_MummyPal040,PREDATOR_MummyPal,Unique_MummyPal_MummyAttack,40
PREDATOR_MummyPal050,PREDATOR_MummyPal,DarkLegion,50
PREDATOR_MummyPal070,PREDATOR_MummyPal,RockBeat,70
KingSunfish001,KingSunfish,BubbleShot,1
KingSunfish007,KingSunfish,LineGeyser,7
KingSunfish015,KingSunfish,DiversionLaser,15
KingSunfish022,KingSunfish,WallSplash,22
KingSunfish030,KingSunfish,HydroSlicer,30
KingSunfish040,KingSunfish,HydroPump,40
KingSunfish050,KingSunfish,RipTide,50
KingSunfish070,KingSunfish,SeaGush,70
BOSS_KingSunfish001,BOSS_KingSunfish,BubbleShot,1
BOSS_KingSunfish007,BOSS_KingSunfish,LineGeyser,7
BOSS_KingSunfish015,BOSS_KingSunfish,DiversionLaser,15
BOSS_KingSunfish022,BOSS_KingSunfish,WallSplash,22
BOSS_KingSunfish030,BOSS_KingSunfish,HydroSlicer,30
BOSS_KingSunfish040,BOSS_KingSunfish,HydroPump,40
BOSS_KingSunfish050,BOSS_KingSunfish,RipTide,50
BOSS_KingSunfish070,BOSS_KingSunfish,SeaGush,70
KingSunfish_Thunder001,KingSunfish_Thunder,WaterGun,1
KingSunfish_Thunder007,KingSunfish_Thunder,ElecWave,7
KingSunfish_Thunder015,KingSunfish_Thunder,DiversionLaser,15
KingSunfish_Thunder022,KingSunfish_Thunder,TriSpark,22
KingSunfish_Thunder030,KingSunfish_Thunder,ThunderRain,30
KingSunfish_Thunder040,KingSunfish_Thunder,RipTide,40
KingSunfish_Thunder050,KingSunfish_Thunder,ThunderStorm,50
KingSunfish_Thunder070,KingSunfish_Thunder,SeaGush,70
BOSS_KingSunfish_Thunder001,BOSS_KingSunfish_Thunder,WaterGun,1
BOSS_KingSunfish_Thunder007,BOSS_KingSunfish_Thunder,ElecWave,7
BOSS_KingSunfish_Thunder015,BOSS_KingSunfish_Thunder,DiversionLaser,15
BOSS_KingSunfish_Thunder022,BOSS_KingSunfish_Thunder,TriSpark,22
BOSS_KingSunfish_Thunder030,BOSS_KingSunfish_Thunder,ThunderRain,30
BOSS_KingSunfish_Thunder040,BOSS_KingSunfish_Thunder,RipTide,40
BOSS_KingSunfish_Thunder050,BOSS_KingSunfish_Thunder,ThunderStorm,50
BOSS_KingSunfish_Thunder070,BOSS_KingSunfish_Thunder,SeaGush,70
MonochromeQueen001,MonochromeQueen,GravityShot,1
MonochromeQueen007,MonochromeQueen,DarkCanon,7
MonochromeQueen015,MonochromeQueen,AirBlade,15
MonochromeQueen022,MonochromeQueen,ShadowBall,22
MonochromeQueen030,MonochromeQueen,DarkLaser,30
MonochromeQueen040,MonochromeQueen,Unique_MonochromeQueen_BalletJump,40
MonochromeQueen050,MonochromeQueen,DarkLegion,50
MonochromeQueen070,MonochromeQueen,HolyBlast,70
BOSS_MonochromeQueen001,BOSS_MonochromeQueen,GravityShot,1
BOSS_MonochromeQueen007,BOSS_MonochromeQueen,DarkCanon,7
BOSS_MonochromeQueen015,BOSS_MonochromeQueen,AirBlade,15
BOSS_MonochromeQueen022,BOSS_MonochromeQueen,ShadowBall,22
BOSS_MonochromeQueen030,BOSS_MonochromeQueen,DarkLaser,30
BOSS_MonochromeQueen040,BOSS_MonochromeQueen,Unique_MonochromeQueen_BalletJump,40
BOSS_MonochromeQueen050,BOSS_MonochromeQueen,DarkLegion,50
BOSS_MonochromeQueen070,BOSS_MonochromeQueen,HolyBlast,70
PREDATOR_MonochromeQueen001,PREDATOR_MonochromeQueen,DarkCanon,1
PREDATOR_MonochromeQueen010,PREDATOR_MonochromeQueen,PredatorWave,10
PREDATOR_MonochromeQueen015,PREDATOR_MonochromeQueen,AirBlade,15
PREDATOR_MonochromeQueen020,PREDATOR_MonochromeQueen,PredatorLockon,20
PREDATOR_MonochromeQueen022,PREDATOR_MonochromeQueen,ShadowBall,22
PREDATOR_MonochromeQueen030,PREDATOR_MonochromeQueen,PredatorBeam,30
PREDATOR_MonochromeQueen040,PREDATOR_MonochromeQueen,Unique_MonochromeQueen_BalletJump,40
PREDATOR_MonochromeQueen050,PREDATOR_MonochromeQueen,DarkLegion,50
PREDATOR_MonochromeQueen070,PREDATOR_MonochromeQueen,HolyBlast,70
ElecSnail001,ElecSnail,ElecWave,1
ElecSnail007,ElecSnail,LineThunder,7
ElecSnail015,ElecSnail,TriSpark,15
ElecSnail022,ElecSnail,LightningStrike,22
ElecSnail030,ElecSnail,Thunderbolt,30
ElecSnail040,ElecSnail,RangeThunder,40
ElecSnail050,ElecSnail,Unique_ElecSnail_ShellCharge,50
ElecSnail070,ElecSnail,Railbolt,70
BOSS_ElecSnail001,BOSS_ElecSnail,ElecWave,1
BOSS_ElecSnail007,BOSS_ElecSnail,LineThunder,7
BOSS_ElecSnail015,BOSS_ElecSnail,TriSpark,15
BOSS_ElecSnail022,BOSS_ElecSnail,LightningStrike,22
BOSS_ElecSnail030,BOSS_ElecSnail,Thunderbolt,30
BOSS_ElecSnail040,BOSS_ElecSnail,RangeThunder,40
BOSS_ElecSnail050,BOSS_ElecSnail,Unique_ElecSnail_ShellCharge,50
BOSS_ElecSnail070,BOSS_ElecSnail,Railbolt,70
ElecSnail_Ground001,ElecSnail_Ground,ElecWave,1
ElecSnail_Ground007,ElecSnail_Ground,ThrowRock,7
ElecSnail_Ground015,ElecSnail_Ground,Tremor,15
ElecSnail_Ground022,ElecSnail_Ground,TriSpark,22
ElecSnail_Ground030,ElecSnail_Ground,RockLance,30
ElecSnail_Ground040,ElecSnail_Ground,SandTwister,40
ElecSnail_Ground050,ElecSnail_Ground,Unique_ElecSnail_ShellCharge,50
ElecSnail_Ground070,ElecSnail_Ground,RockBeat,70
BOSS_ElecSnail_Ground001,BOSS_ElecSnail_Ground,ElecWave,1
BOSS_ElecSnail_Ground007,BOSS_ElecSnail_Ground,ThrowRock,7
BOSS_ElecSnail_Ground015,BOSS_ElecSnail_Ground,Tremor,15
BOSS_ElecSnail_Ground022,BOSS_ElecSnail_Ground,TriSpark,22
BOSS_ElecSnail_Ground030,BOSS_ElecSnail_Ground,RockLance,30
BOSS_ElecSnail_Ground040,BOSS_ElecSnail_Ground,SandTwister,40
BOSS_ElecSnail_Ground050,BOSS_ElecSnail_Ground,Unique_ElecSnail_ShellCharge,50
BOSS_ElecSnail_Ground070,BOSS_ElecSnail_Ground,RockBeat,70
LanternButler001,LanternButler,DarkBall,1
LanternButler007,LanternButler,FireSeed,7
LanternButler015,LanternButler,GhostFlame,15
LanternButler022,LanternButler,ShadowBall,22
LanternButler030,LanternButler,FlameFunnel,30
LanternButler040,LanternButler,Eruption,40
LanternButler050,LanternButler,DarkLegion,50
LanternButler070,LanternButler,Unique_LanternButler_LanternFlame,70
BOSS_LanternButler001,BOSS_LanternButler,DarkBall,1
BOSS_LanternButler007,BOSS_LanternButler,FireSeed,7
BOSS_LanternButler015,BOSS_LanternButler,GhostFlame,15
BOSS_LanternButler022,BOSS_LanternButler,ShadowBall,22
BOSS_LanternButler030,BOSS_LanternButler,FlameFunnel,30
BOSS_LanternButler040,BOSS_LanternButler,Eruption,40
BOSS_LanternButler050,BOSS_LanternButler,DarkLegion,50
BOSS_LanternButler070,BOSS_LanternButler,Unique_LanternButler_LanternFlame,70
SumoDog001,SumoDog,MudShot,1
SumoDog007,SumoDog,StoneShotgun,7
SumoDog015,SumoDog,ThrowRock,15
SumoDog022,SumoDog,Tremor,22
SumoDog030,SumoDog,RockLance,30
SumoDog040,SumoDog,SandTwister,40
SumoDog050,SumoDog,Unique_SumoDog_SumoStomp,50
SumoDog070,SumoDog,RockBeat,70
BOSS_SumoDog001,BOSS_SumoDog,MudShot,1
BOSS_SumoDog007,BOSS_SumoDog,StoneShotgun,7
BOSS_SumoDog015,BOSS_SumoDog,ThrowRock,15
BOSS_SumoDog022,BOSS_SumoDog,Tremor,22
BOSS_SumoDog030,BOSS_SumoDog,RockLance,30
BOSS_SumoDog040,BOSS_SumoDog,SandTwister,40
BOSS_SumoDog050,BOSS_SumoDog,Unique_SumoDog_SumoStomp,50
BOSS_SumoDog070,BOSS_SumoDog,RockBeat,70
VenusFlytrap001,VenusFlytrap,PoisonShot,1
VenusFlytrap007,VenusFlytrap,SeedMachinegun,7
VenusFlytrap015,VenusFlytrap,SeedMine,15
VenusFlytrap022,VenusFlytrap,RootAttack,22
VenusFlytrap030,VenusFlytrap,RootLance,30
VenusFlytrap040,VenusFlytrap,SolarBeam,40
VenusFlytrap050,VenusFlytrap,CrossWind,50
VenusFlytrap070,VenusFlytrap,WindBurst,70
BOSS_VenusFlytrap001,BOSS_VenusFlytrap,PoisonShot,1
BOSS_VenusFlytrap007,BOSS_VenusFlytrap,SeedMachinegun,7
BOSS_VenusFlytrap015,BOSS_VenusFlytrap,SeedMine,15
BOSS_VenusFlytrap022,BOSS_VenusFlytrap,RootAttack,22
BOSS_VenusFlytrap030,BOSS_VenusFlytrap,RootLance,30
BOSS_VenusFlytrap040,BOSS_VenusFlytrap,SolarBeam,40
BOSS_VenusFlytrap050,BOSS_VenusFlytrap,CrossWind,50
BOSS_VenusFlytrap070,BOSS_VenusFlytrap,WindBurst,70
FluffyBird001,FluffyBird,AirCanon,1
FluffyBird007,FluffyBird,IceBlade,7
FluffyBird015,FluffyBird,AirBlade,15
FluffyBird022,FluffyBird,FrostBreath,22
FluffyBird030,FluffyBird,IciclePierce,30
FluffyBird040,FluffyBird,IcicleLine,40
FluffyBird050,FluffyBird,IcicleThrow,50
FluffyBird070,FluffyBird,DiamondFall,70
BOSS_FluffyBird001,BOSS_FluffyBird,AirCanon,1
BOSS_FluffyBird007,BOSS_FluffyBird,IceBlade,7
BOSS_FluffyBird015,BOSS_FluffyBird,AirBlade,15
BOSS_FluffyBird022,BOSS_FluffyBird,FrostBreath,22
BOSS_FluffyBird030,BOSS_FluffyBird,IciclePierce,30
BOSS_FluffyBird040,BOSS_FluffyBird,IcicleLine,40
BOSS_FluffyBird050,BOSS_FluffyBird,IcicleThrow,50
BOSS_FluffyBird070,BOSS_FluffyBird,DiamondFall,70
DandelionGirl001,DandelionGirl,WindCutter,1
DandelionGirl007,DandelionGirl,SeedMachinegun,7
DandelionGirl015,DandelionGirl,SeedMine,15
DandelionGirl022,DandelionGirl,GrassTornado,22
DandelionGirl030,DandelionGirl,ReflectiveShuriken,30
DandelionGirl040,DandelionGirl,SolarBeam,40
DandelionGirl050,DandelionGirl,CrossWind,50
DandelionGirl070,DandelionGirl,WindBurst,70
BOSS_DandelionGirl001,BOSS_DandelionGirl,WindCutter,1
BOSS_DandelionGirl007,BOSS_DandelionGirl,SeedMachinegun,7
BOSS_DandelionGirl015,BOSS_DandelionGirl,SeedMine,15
BOSS_DandelionGirl022,BOSS_DandelionGirl,GrassTornado,22
BOSS_DandelionGirl030,BOSS_DandelionGirl,ReflectiveShuriken,30
BOSS_DandelionGirl040,BOSS_DandelionGirl,SolarBeam,40
BOSS_DandelionGirl050,BOSS_DandelionGirl,CrossWind,50
BOSS_DandelionGirl070,BOSS_DandelionGirl,WindBurst,70
LotusDragon001,LotusDragon,BubbleShot,1
LotusDragon007,LotusDragon,SeedMine,7
LotusDragon015,LotusDragon,DiversionLaser,15
LotusDragon022,LotusDragon,RootLance,22
LotusDragon030,LotusDragon,HydroPump,30
LotusDragon040,LotusDragon,WindBurst,40
LotusDragon050,LotusDragon,Unique_LotusDragon_LotusBloom,50
LotusDragon070,LotusDragon,SeaGush,70
BOSS_LotusDragon001,BOSS_LotusDragon,BubbleShot,1
BOSS_LotusDragon007,BOSS_LotusDragon,SeedMine,7
BOSS_LotusDragon015,BOSS_LotusDragon,DiversionLaser,15
BOSS_LotusDragon022,BOSS_LotusDragon,RootLance,22
BOSS_LotusDragon030,BOSS_LotusDragon,HydroPump,30
BOSS_LotusDragon040,BOSS_LotusDragon,WindBurst,40
BOSS_LotusDragon050,BOSS_LotusDragon,Unique_LotusDragon_LotusBloom,50
BOSS_LotusDragon070,BOSS_LotusDragon,SeaGush,70
BlueSkyDragon001,BlueSkyDragon,WaterGun,1
BlueSkyDragon007,BlueSkyDragon,AcidRain,7
BlueSkyDragon015,BlueSkyDragon,Commet,15
BlueSkyDragon022,BlueSkyDragon,BlastCanon,22
BlueSkyDragon030,BlueSkyDragon,Unique_BlueSkyDragon_Tossin,30
BlueSkyDragon040,BlueSkyDragon,Unique_BlueSkyDragon_SweepBreath,40
BlueSkyDragon050,BlueSkyDragon,Unique_BlueSkyDragon_DrainStorm,50
BlueSkyDragon070,BlueSkyDragon,CommetRain,70
BOSS_BlueSkyDragon001,BOSS_BlueSkyDragon,WaterGun,1
BOSS_BlueSkyDragon007,BOSS_BlueSkyDragon,AcidRain,7
BOSS_BlueSkyDragon015,BOSS_BlueSkyDragon,Commet,15
BOSS_BlueSkyDragon022,BOSS_BlueSkyDragon,BlastCanon,22
BOSS_BlueSkyDragon030,BOSS_BlueSkyDragon,Unique_BlueSkyDragon_Tossin,30
BOSS_BlueSkyDragon040,BOSS_BlueSkyDragon,Unique_BlueSkyDragon_SweepBreath,40
BOSS_BlueSkyDragon050,BOSS_BlueSkyDragon,Unique_BlueSkyDragon_DrainStorm,50
BOSS_BlueSkyDragon070,BOSS_BlueSkyDragon,CommetRain,70
GYM_BlueSkyDragon001,GYM_BlueSkyDragon,Unique_BlueSkyDragon_Tossin,1
GYM_BlueSkyDragon002,GYM_BlueSkyDragon,Unique_BlueSkyDragon_SweepBreath,2
GYM_BlueSkyDragon003,GYM_BlueSkyDragon,SeaGush,3
GYM_BlueSkyDragon004,GYM_BlueSkyDragon,HydroSlicer,4
GYM_BlueSkyDragon005,GYM_BlueSkyDragon,WallSplash,5
GYM_BlueSkyDragon007,GYM_BlueSkyDragon,DragonMeteor,7
GYM_BlueSkyDragon008,GYM_BlueSkyDragon,ChargeCanon,8
GYM_BlueSkyDragon009,GYM_BlueSkyDragon,Commet,9
GYM_BlueSkyDragon_2001,GYM_BlueSkyDragon_2,Unique_BlueSkyDragon_Tossin,1
GYM_BlueSkyDragon_2002,GYM_BlueSkyDragon_2,Unique_BlueSkyDragon_SweepBreath,2
GYM_BlueSkyDragon_2003,GYM_BlueSkyDragon_2,SeaGush,3
GYM_BlueSkyDragon_2004,GYM_BlueSkyDragon_2,RipTide,4
GYM_BlueSkyDragon_2005,GYM_BlueSkyDragon_2,HydroSlicer,5
GYM_BlueSkyDragon_2006,GYM_BlueSkyDragon_2,DragonMeteor,6
GYM_BlueSkyDragon_2007,GYM_BlueSkyDragon_2,CommetRain,7
GYM_BlueSkyDragon_2008,GYM_BlueSkyDragon_2,RockBeat,8
GYM_BlueSkyDragon_2009,GYM_BlueSkyDragon_2,SandTwister,9
PandaGirl001,PandaGirl,SeedMachinegun,1
PandaGirl007,PandaGirl,SpecialCutter,7
PandaGirl015,PandaGirl,WindEdge,15
PandaGirl022,PandaGirl,Unique_PandaGirl_RapidKick,22
PandaGirl030,PandaGirl,RaidCutter,30
PandaGirl040,PandaGirl,ReflectiveShuriken,40
PandaGirl050,PandaGirl,CrossWind,50
PandaGirl070,PandaGirl,WindBurst,70
BOSS_PandaGirl001,BOSS_PandaGirl,SeedMachinegun,1
BOSS_PandaGirl007,BOSS_PandaGirl,SpecialCutter,7
BOSS_PandaGirl015,BOSS_PandaGirl,WindEdge,15
BOSS_PandaGirl022,BOSS_PandaGirl,Unique_PandaGirl_RapidKick,22
BOSS_PandaGirl030,BOSS_PandaGirl,RaidCutter,30
BOSS_PandaGirl040,BOSS_PandaGirl,ReflectiveShuriken,40
BOSS_PandaGirl050,BOSS_PandaGirl,CrossWind,50
BOSS_PandaGirl070,BOSS_PandaGirl,WindBurst,70
PREDATOR_PandaGirl001,PREDATOR_PandaGirl,SeedMachinegun,1
PREDATOR_PandaGirl007,PREDATOR_PandaGirl,SpecialCutter,7
PREDATOR_PandaGirl010,PREDATOR_PandaGirl,PredatorWave,10
PREDATOR_PandaGirl015,PREDATOR_PandaGirl,WindEdge,15
PREDATOR_PandaGirl020,PREDATOR_PandaGirl,PredatorLockon,20
PREDATOR_PandaGirl022,PREDATOR_PandaGirl,Unique_PandaGirl_RapidKick,22
PREDATOR_PandaGirl029,PREDATOR_PandaGirl,RaidCutter,29
PREDATOR_PandaGirl030,PREDATOR_PandaGirl,PredatorBeam,30
PREDATOR_PandaGirl040,PREDATOR_PandaGirl,ReflectiveShuriken,40
PREDATOR_PandaGirl050,PREDATOR_PandaGirl,CrossWind,50
PREDATOR_PandaGirl070,PREDATOR_PandaGirl,WindBurst,70
GrassMinotaur001,GrassMinotaur,MudShot,1
GrassMinotaur007,GrassMinotaur,GrassTornado,7
GrassMinotaur015,GrassMinotaur,Tremor,15
GrassMinotaur022,GrassMinotaur,Unique_GrassMinotaur_BullRush_Lower,22
GrassMinotaur030,GrassMinotaur,RootLance,30
GrassMinotaur040,GrassMinotaur,CrossWind,40
GrassMinotaur050,GrassMinotaur,WindBurst,50
GrassMinotaur070,GrassMinotaur,Unique_GrassMinotaur_BullRush,70
BOSS_GrassMinotaur001,BOSS_GrassMinotaur,MudShot,1
BOSS_GrassMinotaur007,BOSS_GrassMinotaur,GrassTornado,7
BOSS_GrassMinotaur015,BOSS_GrassMinotaur,Tremor,15
BOSS_GrassMinotaur022,BOSS_GrassMinotaur,Unique_GrassMinotaur_BullRush_Lower,22
BOSS_GrassMinotaur030,BOSS_GrassMinotaur,RootLance,30
BOSS_GrassMinotaur040,BOSS_GrassMinotaur,CrossWind,40
BOSS_GrassMinotaur050,BOSS_GrassMinotaur,WindBurst,50
BOSS_GrassMinotaur070,BOSS_GrassMinotaur,Unique_GrassMinotaur_BullRush,70
GrassMinotaur_Ice001,GrassMinotaur_Ice,MudShot,1
GrassMinotaur_Ice007,GrassMinotaur_Ice,FrostBreath,7
GrassMinotaur_Ice015,GrassMinotaur_Ice,IceWall,15
GrassMinotaur_Ice022,GrassMinotaur_Ice,Unique_GrassMinotaur_Ice_BullRush_Lower,22
GrassMinotaur_Ice030,GrassMinotaur_Ice,IcicleLine,30
GrassMinotaur_Ice040,GrassMinotaur_Ice,IcicleThrow,40
GrassMinotaur_Ice050,GrassMinotaur_Ice,DiamondFall,50
GrassMinotaur_Ice070,GrassMinotaur_Ice,Unique_GrassMinotaur_Ice_BullRush,70
BOSS_GrassMinotaur_Ice001,BOSS_GrassMinotaur_Ice,MudShot,1
BOSS_GrassMinotaur_Ice007,BOSS_GrassMinotaur_Ice,FrostBreath,7
BOSS_GrassMinotaur_Ice015,BOSS_GrassMinotaur_Ice,IceWall,15
BOSS_GrassMinotaur_Ice022,BOSS_GrassMinotaur_Ice,Unique_GrassMinotaur_Ice_BullRush_Lower,22
BOSS_GrassMinotaur_Ice030,BOSS_GrassMinotaur_Ice,IcicleLine,30
BOSS_GrassMinotaur_Ice040,BOSS_GrassMinotaur_Ice,IcicleThrow,40
BOSS_GrassMinotaur_Ice050,BOSS_GrassMinotaur_Ice,DiamondFall,50
BOSS_GrassMinotaur_Ice070,BOSS_GrassMinotaur_Ice,Unique_GrassMinotaur_Ice_BullRush,70
PREDATOR_GrassMinotaur_Ice001,PREDATOR_GrassMinotaur_Ice,MudShot,1
PREDATOR_GrassMinotaur_Ice007,PREDATOR_GrassMinotaur_Ice,FrostBreath,7
PREDATOR_GrassMinotaur_Ice010,PREDATOR_GrassMinotaur_Ice,PredatorWave,10
PREDATOR_GrassMinotaur_Ice015,PREDATOR_GrassMinotaur_Ice,IceWall,15
PREDATOR_GrassMinotaur_Ice020,PREDATOR_GrassMinotaur_Ice,PredatorLockon,20
PREDATOR_GrassMinotaur_Ice029,PREDATOR_GrassMinotaur_Ice,IcicleLine,29
PREDATOR_GrassMinotaur_Ice030,PREDATOR_GrassMinotaur_Ice,PredatorBeam,30
PREDATOR_GrassMinotaur_Ice040,PREDATOR_GrassMinotaur_Ice,IcicleThrow,40
PREDATOR_GrassMinotaur_Ice050,PREDATOR_GrassMinotaur_Ice,DiamondFall,50
PREDATOR_GrassMinotaur_Ice070,PREDATOR_GrassMinotaur_Ice,Unique_GrassMinotaur_Ice_BullRush,70
GhostDragon001,GhostDragon,DragonWave,1
GhostDragon007,GhostDragon,DragonBreath,7
GhostDragon015,GhostDragon,BeamSlicer,15
GhostDragon022,GhostDragon,ThreeCommet,22
GhostDragon030,GhostDragon,Unique_GhostDragon_TailSlash,30
GhostDragon040,GhostDragon,DragonMeteor,40
GhostDragon050,GhostDragon,Unique_GhostDragon_PhosphorousBeam,50
GhostDragon070,GhostDragon,CommetRain,70
BOSS_GhostDragon001,BOSS_GhostDragon,DragonWave,1
BOSS_GhostDragon007,BOSS_GhostDragon,DragonBreath,7
BOSS_GhostDragon015,BOSS_GhostDragon,BeamSlicer,15
BOSS_GhostDragon022,BOSS_GhostDragon,ThreeCommet,22
BOSS_GhostDragon030,BOSS_GhostDragon,Unique_GhostDragon_TailSlash,30
BOSS_GhostDragon040,BOSS_GhostDragon,DragonMeteor,40
BOSS_GhostDragon050,BOSS_GhostDragon,Unique_GhostDragon_PhosphorousBeam,50
BOSS_GhostDragon070,BOSS_GhostDragon,CommetRain,70
GhostDragon_Fire001,GhostDragon_Fire,DragonWave,1
GhostDragon_Fire007,GhostDragon_Fire,Flamethrower,7
GhostDragon_Fire015,GhostDragon_Fire,BlastCanon,15
GhostDragon_Fire022,GhostDragon_Fire,ChargeCanon,22
GhostDragon_Fire030,GhostDragon_Fire,Unique_GhostDragon_TailSlash,30
GhostDragon_Fire040,GhostDragon_Fire,FireBall,40
GhostDragon_Fire050,GhostDragon_Fire,Unique_GhostDragon_PhosphorousBeam,50
GhostDragon_Fire070,GhostDragon_Fire,CommetRain,70
BOSS_GhostDragon_fire001,BOSS_GhostDragon_Fire,DragonWave,1
BOSS_GhostDragon_fire007,BOSS_GhostDragon_Fire,Flamethrower,7
BOSS_GhostDragon_fire015,BOSS_GhostDragon_Fire,BlastCanon,15
BOSS_GhostDragon_fire022,BOSS_GhostDragon_Fire,ChargeCanon,22
BOSS_GhostDragon_fire030,BOSS_GhostDragon_Fire,Unique_GhostDragon_TailSlash,30
BOSS_GhostDragon_fire040,BOSS_GhostDragon_Fire,FireBall,40
BOSS_GhostDragon_fire050,BOSS_GhostDragon_Fire,Unique_GhostDragon_PhosphorousBeam,50
BOSS_GhostDragon_fire070,BOSS_GhostDragon_Fire,CommetRain,70
KabukiMan001,KabukiMan,FireBlast,1
KabukiMan007,KabukiMan,FireSeed,7
KabukiMan015,KabukiMan,Flamethrower,15
KabukiMan022,KabukiMan,FlameWall,22
KabukiMan030,KabukiMan,FlameFunnel,30
KabukiMan040,KabukiMan,Eruption,40
KabukiMan050,KabukiMan,Inferno,50
KabukiMan070,KabukiMan,FireBall,70
BOSS_KabukiMan001,BOSS_KabukiMan,FireBlast,1
BOSS_KabukiMan007,BOSS_KabukiMan,FireSeed,7
BOSS_KabukiMan015,BOSS_KabukiMan,Flamethrower,15
BOSS_KabukiMan022,BOSS_KabukiMan,FlameWall,22
BOSS_KabukiMan030,BOSS_KabukiMan,FlameFunnel,30
BOSS_KabukiMan040,BOSS_KabukiMan,Eruption,40
BOSS_KabukiMan050,BOSS_KabukiMan,Inferno,50
BOSS_KabukiMan070,BOSS_KabukiMan,FireBall,70
DomeArmorDragon001,DomeArmorDragon,StoneShotgun,1
DomeArmorDragon007,DomeArmorDragon,BlastCanon,7
DomeArmorDragon015,DomeArmorDragon,Tremor,15
DomeArmorDragon022,DomeArmorDragon,ChargeCanon,22
DomeArmorDragon030,DomeArmorDragon,SandTwister,30
DomeArmorDragon040,DomeArmorDragon,RockBeat,40
DomeArmorDragon050,DomeArmorDragon,DragonMeteor,50
DomeArmorDragon070,DomeArmorDragon,Unique_DomeArmorDragon_ExplosiveMissile,70
BOSS_DomeArmorDragon001,BOSS_DomeArmorDragon,StoneShotgun,1
BOSS_DomeArmorDragon007,BOSS_DomeArmorDragon,BlastCanon,7
BOSS_DomeArmorDragon015,BOSS_DomeArmorDragon,Tremor,15
BOSS_DomeArmorDragon022,BOSS_DomeArmorDragon,ChargeCanon,22
BOSS_DomeArmorDragon030,BOSS_DomeArmorDragon,SandTwister,30
BOSS_DomeArmorDragon040,BOSS_DomeArmorDragon,RockBeat,40
BOSS_DomeArmorDragon050,BOSS_DomeArmorDragon,DragonMeteor,50
BOSS_DomeArmorDragon070,BOSS_DomeArmorDragon,Unique_DomeArmorDragon_ExplosiveMissile,70
PREDATOR_FlowerRabbit_Quest001,PREDATOR_FlowerRabbit_Quest,WindCutter,1
PREDATOR_FlowerRabbit_Quest007,PREDATOR_FlowerRabbit_Quest,AirCanon,7
PREDATOR_FlowerRabbit_Quest015,PREDATOR_FlowerRabbit_Quest,AquaJet,15
PREDATOR_FlowerRabbit_Quest022,PREDATOR_FlowerRabbit_Quest,SeedMachinegun,22
PREDATOR_FlowerRabbit_Quest030,PREDATOR_FlowerRabbit_Quest,BubbleShot,30
PREDATOR_FlowerRabbit_Quest040,PREDATOR_FlowerRabbit_Quest,GrassTornado,40
PREDATOR_FlowerRabbit_Quest050,PREDATOR_FlowerRabbit_Quest,SolarBeam,50
PREDATOR_WhiteShieldDragon_Quest001,PREDATOR_WhiteShieldDragon_Quest,DragonCanon,1
PREDATOR_WhiteShieldDragon_Quest007,PREDATOR_WhiteShieldDragon_Quest,IceBlade,7
PREDATOR_WhiteShieldDragon_Quest015,PREDATOR_WhiteShieldDragon_Quest,BlizzardLance,15
PREDATOR_WhiteShieldDragon_Quest022,PREDATOR_WhiteShieldDragon_Quest,DragonBreath,22
PREDATOR_WhiteShieldDragon_Quest030,PREDATOR_WhiteShieldDragon_Quest,BlastCanon,30
PREDATOR_WhiteShieldDragon_Quest040,PREDATOR_WhiteShieldDragon_Quest,ChargeCanon,40
PREDATOR_WhiteShieldDragon_Quest050,PREDATOR_WhiteShieldDragon_Quest,Unique_WhiteShieldDragon_ShieldTackle,50
GYM_WorldTreeDragon001,GYM_WorldTreeDragon,Unique_WorldTreeDragon_PaldiumShot,1
GYM_WorldTreeDragon002,GYM_WorldTreeDragon,Unique_WorldTreeDragon_PaldiumCannon,2
GYM_WorldTreeDragon003,GYM_WorldTreeDragon,Unique_WorldTreeDragon_PaldiumRain,3
GYM_WorldTreeDragon004,GYM_WorldTreeDragon,Unique_WorldTreeDragon_PaldiumExplosion,4
GYM_WorldTreeDragon005,GYM_WorldTreeDragon,RockBeat,5
GYM_WorldTreeDragon007,GYM_WorldTreeDragon,HolyBlast,7
GYM_WorldTreeDragon008,GYM_WorldTreeDragon,DragonMeteor,8
GYM_WorldTreeDragon009,GYM_WorldTreeDragon,CommetRain,9
GYM_WorldTreeDragon_2001,GYM_WorldTreeDragon_2,Unique_WorldTreeDragon_PaldiumShot,1
GYM_WorldTreeDragon_2002,GYM_WorldTreeDragon_2,Unique_WorldTreeDragon_PaldiumCannon,2
GYM_WorldTreeDragon_2003,GYM_WorldTreeDragon_2,Unique_WorldTreeDragon_PaldiumRain,3
GYM_WorldTreeDragon_2004,GYM_WorldTreeDragon_2,Unique_WorldTreeDragon_PaldiumExplosion,4
GYM_WorldTreeDragon_2005,GYM_WorldTreeDragon_2,RockBeat,5
GYM_WorldTreeDragon_2007,GYM_WorldTreeDragon_2,HolyBlast,7
GYM_WorldTreeDragon_2008,GYM_WorldTreeDragon_2,Psychokinesis,8
GYM_WorldTreeDragon_2009,GYM_WorldTreeDragon_2,CommetRain,9
POLICE_ThunderDog001,POLICE_ThunderDog,Unique_ThunderDog_BiteV2,1
POLICE_ThunderDog002,POLICE_ThunderDog,Unique_ThunderDog_Bite,2
POLICE_ThunderDog003,POLICE_ThunderDog,MudShot,3
POLICE_ThunderDog007,POLICE_ThunderDog,ElecWave,7
POLICE_ThunderDog015,POLICE_ThunderDog,SpreadPulse,15
POLICE_ThunderDog022,POLICE_ThunderDog,StoneShotgun,22
POLICE_ThunderDog026,POLICE_ThunderDog,Unique_ThunderDog_InazumaShorai,26
POLICE_ThunderDog030,POLICE_ThunderDog,ThunderBall,30
POLICE_ThunderDog040,POLICE_ThunderDog,LineThunder,40
POLICE_ThunderDog050,POLICE_ThunderDog,Thunderbolt,50
POLICE_ThunderDog070,POLICE_ThunderDog,ThunderStorm,70
POLICE_HawkBird001,POLICE_HawkBird,AirCanon,1
POLICE_HawkBird007,POLICE_HawkBird,Unique_HawkBird_Storm,7
POLICE_HawkBird015,POLICE_HawkBird,WindCutter,15
POLICE_HawkBird022,POLICE_HawkBird,PowerBall,22
POLICE_HawkBird030,POLICE_HawkBird,SandTornado,30
POLICE_HawkBird040,POLICE_HawkBird,GrassTornado,40
POLICE_HawkBird050,POLICE_HawkBird,HyperBeam,50
POLICE_HawkBird070,POLICE_HawkBird,HolyBlast,70
BOSS_ElecPanda_BossRush001,BOSS_ElecPanda_BossRush,Unique_ElecPanda_ElecScratch,1
BOSS_ElecPanda_BossRush002,BOSS_ElecPanda_BossRush,Unique_ElecPanda_GatlingAttack,2
BOSS_ElecPanda_BossRush003,BOSS_ElecPanda_BossRush,ThunderRain,3
BOSS_ElecPanda_BossRush004,BOSS_ElecPanda_BossRush,LightningStrike,4
BOSS_ElecPanda_BossRush005,BOSS_ElecPanda_BossRush,ShokeiLaser,5
BOSS_ElecPanda_BossRush006,BOSS_ElecPanda_BossRush,TriSpark,6
BOSS_ElecPanda_BossRush007,BOSS_ElecPanda_BossRush,ThunderFunnel,7
BOSS_LilyQueen_BossRush001,BOSS_LilyQueen_BossRush,Unique_LilyQueen_LilyHealing_Boss,1
BOSS_LilyQueen_BossRush002,BOSS_LilyQueen_BossRush,Unique_LilyQueen_GYM_Act,2
BOSS_LilyQueen_BossRush003,BOSS_LilyQueen_BossRush,SolarBeam,3
BOSS_LilyQueen_BossRush004,BOSS_LilyQueen_BossRush,RaidCutter,4
BOSS_LilyQueen_BossRush005,BOSS_LilyQueen_BossRush,WindBurst,5
BOSS_LilyQueen_BossRush006,BOSS_LilyQueen_BossRush,RootLance,6
BOSS_LilyQueen_BossRush007,BOSS_LilyQueen_BossRush,CrossWind,7
BOSS_LilyQueen_BossRush008,BOSS_LilyQueen_BossRush,SeedMine,8
BOSS_ThunderDragonMan_BossRush001,BOSS_ThunderDragonMan_BossRush,Unique_ThunderDragonMan_NumerousSwordAttack,1
BOSS_ThunderDragonMan_BossRush002,BOSS_ThunderDragonMan_BossRush,RangeThunder,2
BOSS_ThunderDragonMan_BossRush003,BOSS_ThunderDragonMan_BossRush,ThreeThunder,3
BOSS_ThunderDragonMan_BossRush004,BOSS_ThunderDragonMan_BossRush,Commet,4
BOSS_ThunderDragonMan_BossRush005,BOSS_ThunderDragonMan_BossRush,BeamSlicer,5
BOSS_ThunderDragonMan_BossRush006,BOSS_ThunderDragonMan_BossRush,ChargeCanon,6
BOSS_Horus_BossRush001,BOSS_Horus_BossRush,Unique_Horus_PerfectStorm,1
BOSS_Horus_BossRush002,BOSS_Horus_BossRush,FlameFunnel,2
BOSS_Horus_BossRush003,BOSS_Horus_BossRush,FireBall,3
BOSS_Horus_BossRush004,BOSS_Horus_BossRush,FlameWall,4
BOSS_Horus_BossRush005,BOSS_Horus_BossRush,Eruption,5
BOSS_Horus_BossRush006,BOSS_Horus_BossRush,Inferno,6
BOSS_Horus_BossRush007,BOSS_Horus_BossRush,FlareArrow,7
BOSS_BlackGriffon_BossRush001,BOSS_BlackGriffon_BossRush,Unique_BlackGriffon_TackleLaser,1
BOSS_BlackGriffon_BossRush002,BOSS_BlackGriffon_BossRush,Unique_BlackGriffon_TackleLaser2,2
BOSS_BlackGriffon_BossRush003,BOSS_BlackGriffon_BossRush,DarkLaser,3
BOSS_BlackGriffon_BossRush004,BOSS_BlackGriffon_BossRush,Apocalypse,4
BOSS_BlackGriffon_BossRush005,BOSS_BlackGriffon_BossRush,DarkCanon,5
BOSS_BlackGriffon_BossRush006,BOSS_BlackGriffon_BossRush,GhostFlame,6
BOSS_BlackGriffon_BossRush007,BOSS_BlackGriffon_BossRush,ShadowBall,7
BOSS_BlackGriffon_BossRush008,BOSS_BlackGriffon_BossRush,DarkPulse,8
BOSS_MoonQueen_BossRush001,BOSS_MoonQueen_BossRush,Unique_MoonQueen_MoonBeam,1
BOSS_MoonQueen_BossRush002,BOSS_MoonQueen_BossRush,Unique_MoonQueen_IceMoonBlade,2
BOSS_MoonQueen_BossRush003,BOSS_MoonQueen_BossRush,StarMine,3
BOSS_MoonQueen_BossRush004,BOSS_MoonQueen_BossRush,AirBlade,4
BOSS_MoonQueen_BossRush005,BOSS_MoonQueen_BossRush,HolyBlast,5
BOSS_MoonQueen_BossRush006,BOSS_MoonQueen_BossRush,DarkLegion,6
BOSS_MoonQueen_BossRush007,BOSS_MoonQueen_BossRush,ShadowBall,7
BOSS_MoonQueen_BossRush008,BOSS_MoonQueen_BossRush,Apocalypse,8
BOSS_SnowTigerBeastman_BossRush001,BOSS_SnowTigerBeastman_BossRush,Unique_SnowTigerBeastman_TrampleSlash,1
BOSS_SnowTigerBeastman_BossRush002,BOSS_SnowTigerBeastman_BossRush,Unique_SnowTigerBeastman_SnowImpact,2
BOSS_SnowTigerBeastman_BossRush003,BOSS_SnowTigerBeastman_BossRush,DiamondFall,3
BOSS_SnowTigerBeastman_BossRush004,BOSS_SnowTigerBeastman_BossRush,IcicleThrow,4
BOSS_SnowTigerBeastman_BossRush005,BOSS_SnowTigerBeastman_BossRush,IceAge,5
BOSS_SnowTigerBeastman_BossRush006,BOSS_SnowTigerBeastman_BossRush,IceWall,6
BOSS_SnowTigerBeastman_BossRush007,BOSS_SnowTigerBeastman_BossRush,IciclePierce,7
BOSS_SnowTigerBeastman_BossRush008,BOSS_SnowTigerBeastman_BossRush,Tremor,8
BOSS_SnowTigerBeastman_BossRush009,BOSS_SnowTigerBeastman_BossRush,RockBeat,9
BOSS_BlueSkyDragon_BossRush001,BOSS_BlueSkyDragon_BossRush,Unique_BlueSkyDragon_Tossin,1
BOSS_BlueSkyDragon_BossRush002,BOSS_BlueSkyDragon_BossRush,Unique_BlueSkyDragon_SweepBreath,2
BOSS_BlueSkyDragon_BossRush003,BOSS_BlueSkyDragon_BossRush,SeaGush,3
BOSS_BlueSkyDragon_BossRush004,BOSS_BlueSkyDragon_BossRush,RipTide,4
BOSS_BlueSkyDragon_BossRush005,BOSS_BlueSkyDragon_BossRush,HydroSlicer,5
BOSS_BlueSkyDragon_BossRush007,BOSS_BlueSkyDragon_BossRush,DragonMeteor,7
BOSS_BlueSkyDragon_BossRush008,BOSS_BlueSkyDragon_BossRush,ChargeCanon,8
BOSS_BlueSkyDragon_BossRush009,BOSS_BlueSkyDragon_BossRush,Commet,9
FlowerPrince001,FlowerPrince,DarkCanon,1
FlowerPrince007,FlowerPrince,SeedMine,7
FlowerPrince015,FlowerPrince,RootLance,15
FlowerPrince022,FlowerPrince,DarkLaser,22
FlowerPrince030,FlowerPrince,DarkLegion,30
FlowerPrince040,FlowerPrince,WindBurst,40
FlowerPrince050,FlowerPrince,Unique_FlowerPrince_PoisonGasTackle,50
FlowerPrince070,FlowerPrince,Unique_FlowerPrince_PoisonGasDance,70
BOSS_FlowerPrince001,BOSS_FlowerPrince,DarkCanon,1
BOSS_FlowerPrince007,BOSS_FlowerPrince,SeedMine,7
BOSS_FlowerPrince015,BOSS_FlowerPrince,RootLance,15
BOSS_FlowerPrince022,BOSS_FlowerPrince,DarkLaser,22
BOSS_FlowerPrince030,BOSS_FlowerPrince,DarkLegion,30
BOSS_FlowerPrince040,BOSS_FlowerPrince,WindBurst,40
BOSS_FlowerPrince050,BOSS_FlowerPrince,Unique_FlowerPrince_PoisonGasTackle,50
BOSS_FlowerPrince070,BOSS_FlowerPrince,Unique_FlowerPrince_PoisonGasDance,70
Mothman001,Mothman,AirBlade,1
Mothman007,Mothman,ReflectiveShuriken,7
Mothman015,Mothman,IcicleThrow,15
Mothman022,Mothman,CrossWind,22
Mothman030,Mothman,WindBurst,30
Mothman040,Mothman,HolyBlast,40
Mothman050,Mothman,Unique_Mothman_GiantSpore,50
Mothman070,Mothman,Unique_Mothman_SporeScatter,70
BOSS_Mothman001,BOSS_Mothman,AirBlade,1
BOSS_Mothman007,BOSS_Mothman,ReflectiveShuriken,7
BOSS_Mothman015,BOSS_Mothman,IcicleThrow,15
BOSS_Mothman022,BOSS_Mothman,CrossWind,22
BOSS_Mothman030,BOSS_Mothman,WindBurst,30
BOSS_Mothman040,BOSS_Mothman,HolyBlast,40
BOSS_Mothman050,BOSS_Mothman,Unique_Mothman_GiantSpore,50
BOSS_Mothman070,BOSS_Mothman,Unique_Mothman_SporeScatter,70
PREDATOR_Garm_Quest001,PREDATOR_Garm_Quest,Unique_Garm_BiteV2,1
PREDATOR_Garm_Quest002,PREDATOR_Garm_Quest,Unique_Garm_Bite,2
PREDATOR_Garm_Quest007,PREDATOR_Garm_Quest,MudShot,7
PREDATOR_Garm_Quest015,PREDATOR_Garm_Quest,AirCanon,15
PREDATOR_Garm_Quest022,PREDATOR_Garm_Quest,PowerShot,22
PREDATOR_Garm_Quest030,PREDATOR_Garm_Quest,FireBlast,30
PREDATOR_Garm_Quest040,PREDATOR_Garm_Quest,PowerBall,40
PREDATOR_Garm_Quest050,PREDATOR_Garm_Quest,HyperBeam,50
PREDATOR_Garm_Quest070,PREDATOR_Garm_Quest,HolyBlast,70
PREDATOR_PinkLizard_Quest001,PREDATOR_PinkLizard_Quest,PowerShot,1
PREDATOR_PinkLizard_Quest007,PREDATOR_PinkLizard_Quest,PoisonShot,7
PREDATOR_PinkLizard_Quest015,PREDATOR_PinkLizard_Quest,DarkWave,15
PREDATOR_PinkLizard_Quest022,PREDATOR_PinkLizard_Quest,AcidRain,22
PREDATOR_PinkLizard_Quest030,PREDATOR_PinkLizard_Quest,PowerBall,30
PREDATOR_PinkLizard_Quest035,PREDATOR_PinkLizard_Quest,BubbleShower,35
PREDATOR_PinkLizard_Quest050,PREDATOR_PinkLizard_Quest,HyperBeam,50
PREDATOR_PinkLizard_Quest055,PREDATOR_PinkLizard_Quest,DarkLaser,55
PREDATOR_PinkLizard_Quest070,PREDATOR_PinkLizard_Quest,DarkLegion,70
PREDATOR_Umihebi_Fire_Quest001,PREDATOR_Umihebi_Fire_Quest,FireBlast,1
PREDATOR_Umihebi_Fire_Quest007,PREDATOR_Umihebi_Fire_Quest,DragonCanon,7
PREDATOR_Umihebi_Fire_Quest015,PREDATOR_Umihebi_Fire_Quest,FlareTornado,15
PREDATOR_Umihebi_Fire_Quest022,PREDATOR_Umihebi_Fire_Quest,Flamethrower,22
PREDATOR_Umihebi_Fire_Quest030,PREDATOR_Umihebi_Fire_Quest,ThreeThunder,30
PREDATOR_Umihebi_Fire_Quest040,PREDATOR_Umihebi_Fire_Quest,FireBall,40
PREDATOR_Umihebi_Fire_Quest050,PREDATOR_Umihebi_Fire_Quest,DragonMeteor,50
PREDATOR_Umihebi_Fire_Quest070,PREDATOR_Umihebi_Fire_Quest,ThunderStorm,70
AmaterasuWolf_Dark_Quest_Friend001,AmaterasuWolf_Dark_Quest_Friend,Unique_AmaterasuWolf_Dark_BiteV2,1
AmaterasuWolf_Dark_Quest_Friend002,AmaterasuWolf_Dark_Quest_Friend,Unique_AmaterasuWolf_Dark_Bite,2
AmaterasuWolf_Dark_Quest_Friend003,AmaterasuWolf_Dark_Quest_Friend,DarkCanon,3
AmaterasuWolf_Dark_Quest_Friend007,AmaterasuWolf_Dark_Quest_Friend,FireSeed,7
AmaterasuWolf_Dark_Quest_Friend015,AmaterasuWolf_Dark_Quest_Friend,GhostFlame,15
AmaterasuWolf_Dark_Quest_Friend022,AmaterasuWolf_Dark_Quest_Friend,Unique_AmaterasuWolf_Dark_DarkCharge,22
AmaterasuWolf_Dark_Quest_Friend030,AmaterasuWolf_Dark_Quest_Friend,ShadowBall,30
AmaterasuWolf_Dark_Quest_Friend040,AmaterasuWolf_Dark_Quest_Friend,FlameFunnel,40
AmaterasuWolf_Dark_Quest_Friend050,AmaterasuWolf_Dark_Quest_Friend,DarkLegion,50
AmaterasuWolf_Dark_Quest_Friend070,AmaterasuWolf_Dark_Quest_Friend,DragonMeteor,70
AmaterasuWolf_Dark_Quest_Enemy001,AmaterasuWolf_Dark_Quest_Enemy,Unique_AmaterasuWolf_Dark_BiteV2,1
AmaterasuWolf_Dark_Quest_Enemy002,AmaterasuWolf_Dark_Quest_Enemy,Unique_AmaterasuWolf_Dark_Bite,2
AmaterasuWolf_Dark_Quest_Enemy003,AmaterasuWolf_Dark_Quest_Enemy,DarkCanon,3
AmaterasuWolf_Dark_Quest_Enemy007,AmaterasuWolf_Dark_Quest_Enemy,FireSeed,7
AmaterasuWolf_Dark_Quest_Enemy015,AmaterasuWolf_Dark_Quest_Enemy,GhostFlame,15
AmaterasuWolf_Dark_Quest_Enemy022,AmaterasuWolf_Dark_Quest_Enemy,Unique_AmaterasuWolf_Dark_DarkCharge,22
AmaterasuWolf_Dark_Quest_Enemy030,AmaterasuWolf_Dark_Quest_Enemy,ShadowBall,30
AmaterasuWolf_Dark_Quest_Enemy040,AmaterasuWolf_Dark_Quest_Enemy,FlameFunnel,40
AmaterasuWolf_Dark_Quest_Enemy050,AmaterasuWolf_Dark_Quest_Enemy,DarkLegion,50
AmaterasuWolf_Dark_Quest_Enemy070,AmaterasuWolf_Dark_Quest_Enemy,DragonMeteor,70
Foxgloam1,Foxgloam,DarkBall,1
Foxgloam7,Foxgloam,MudShot,7
Foxgloam15,Foxgloam,GhostFlame,15
Foxgloam22,Foxgloam,ShadowBall,22
Foxgloam30,Foxgloam,DarkWave,30
Foxgloam40,Foxgloam,DarkLaser,40
Foxgloam50,Foxgloam,DarkLegion,50
